price_range,body_size,upper_wick,lower_wick,atr,momentum,has_bos_bullish,has_bos_bearish,has_ob_bullish,has_ob_bearish,has_fvg_bullish,has_fvg_bearish,volatility,avg_range,target
301.6200000000026,97.25,169.38999999999942,34.9800000000032,0.0,0.0,0,0,0,0,0,0,0.0,0.0,0
162.36999999999534,35.91000000000349,31.799999999995634,94.65999999999622,0.0,0.0,0,0,0,0,0,0,0.0,0.0,0
215.0699999999997,128.20999999999913,40.68999999999505,46.17000000000553,0.0,0.0,0,0,0,0,0,1,0.0,0.0,0
83.86999999999534,62.029999999998836,0.0,21.839999999996508,0.0,0.0,0,0,0,0,0,0,0.0,0.0,0
91.56999999999971,46.38000000000466,17.229999999995925,27.959999999999127,0.0,0.0,0,0,0,0,0,0,0.0,0.0,0
126.27999999999884,12.110000000000582,66.68999999999505,47.4800000000032,0.0,-99.08999999999651,0,0,0,0,0,0,0.0,0.0,0
212.95999999999913,191.79000000000087,17.910000000003492,3.2599999999947613,0.0,53.11999999999534,0,0,0,0,1,0,0.0,0.0,0
200.84999999999854,1.4699999999938882,107.79000000000087,91.59000000000378,0.0,180.4300000000003,0,0,0,0,0,0,0.0,0.0,0
87.93000000000029,76.34000000000378,0.0,11.589999999996508,0.0,172.30999999999767,0,0,0,0,0,0,0.0,0.0,0
122.68000000000029,42.11000000000058,62.299999999995634,18.270000000004075,0.0,172.90000000000146,0,0,0,0,0,0,0.0,160.519999999999,1
202.8399999999965,169.3000000000029,11.549999999995634,21.989999999997963,0.0,-5.2700000000040745,0,0,0,0,0,0,0.0,150.64199999999838,1
164.27999999999884,118.94000000000233,30.19000000000233,15.14999999999418,0.0,-77.34999999999854,0,0,0,0,0,0,0.0,150.83299999999872,1
113.36000000000058,54.31999999999971,46.44999999999709,12.590000000003783,0.0,-127.69000000000233,0,0,0,0,0,0,0.0,140.6619999999988,1
177.88999999999942,104.87000000000262,33.109999999993306,39.91000000000349,0.0,54.03000000000611,0,0,0,0,1,0,0.0,150.06399999999923,1
108.84000000000378,83.68999999999505,19.35000000000582,5.80000000000291,148.51142857142779,97.1099999999933,0,0,0,0,0,0,0.002343217720422274,151.79099999999963,0
166.50999999999476,130.47000000000116,23.479999999995925,12.559999999997672,148.80714285714203,131.29000000000087,0,0,0,0,0,1,0.002352700698932672,155.81399999999923,0
66.88999999999942,9.709999999999127,28.94000000000233,28.239999999997963,138.2228571428563,8.540000000000873,0,0,0,0,0,0,0.002185555160059217,141.20699999999925,0
108.45999999999913,49.479999999995925,18.669999999998254,40.31000000000495,139.50571428571337,11.830000000001746,0,0,0,0,0,0,0.002207530619501292,131.9679999999993,0
111.63999999999942,34.19999999999709,52.4600000000064,24.979999999995925,140.93928571428478,-121.84000000000378,0,0,0,0,0,0,0.0022312297395315752,134.3389999999992,0
75.86000000000058,11.599999999998545,31.389999999999418,32.87000000000262,137.33785714285634,-226.30999999999767,0,0,0,0,0,0,0.002174685986893668,129.65699999999924,0
95.70999999999913,14.349999999998545,38.44000000000233,42.919999999998254,128.96285714285634,-110.29000000000087,0,0,0,0,0,0,0.002042516166148679,118.9439999999995,0
255.63999999999942,196.1800000000003,40.830000000001746,18.62999999999738,132.87642857142782,-298.2300000000032,0,0,0,0,0,1,0.0021109728032007932,128.07999999999956,1
179.0899999999965,89.29000000000087,9.07999999999447,80.72000000000116,139.3564285714274,-155.95999999999913,0,0,0,0,0,0,0.002210623934637513,134.65299999999917,1
132.13999999999942,112.58999999999651,19.55000000000291,0.0,140.17142857142713,-12.690000000002328,0,0,0,0,1,0,0.002219519579874689,130.07799999999915,0
100.38999999999942,55.39999999999418,33.18000000000029,11.810000000004948,132.85357142857018,-59.65999999999622,0,0,0,0,0,0,0.0021056684533630383,129.23299999999873,0
135.8000000000029,95.71999999999389,1.3800000000046566,38.700000000004366,130.93214285714203,-144.5899999999965,0,0,0,0,0,1,0.0020784654762127626,126.16199999999954,1
85.16000000000349,4.919999999998254,9.80000000000291,70.44000000000233,128.91785714285652,43.30000000000291,0,0,0,0,0,0,0.0020466761224536027,127.98899999999995,1
134.40000000000146,48.2300000000032,28.799999999995634,57.37000000000262,125.8114285714281,-3.110000000000582,0,0,0,0,0,0,0.0019958568090358746,130.58300000000017,0
233.20999999999913,104.31999999999971,14.630000000004657,114.25999999999476,134.60214285714235,-220.5699999999997,0,0,0,0,0,0,0.002138803650100191,142.74000000000015,0
134.88999999999942,3.459999999999127,61.36999999999534,70.06000000000495,132.34357142857127,-164.8199999999997,0,0,0,0,0,0,0.002103079105495179,148.64300000000003,0
159.57999999999447,50.779999999998836,4.919999999998254,103.87999999999738,138.96428571428518,-115.51000000000204,0,0,0,0,0,0,0.0022100231016992,155.02999999999957,0
145.86000000000058,64.66999999999825,0.4000000000014552,80.79000000000087,141.9192857142854,-178.8199999999997,0,0,0,0,0,0,0.0022594989261162327,144.05199999999968,1
85.19000000000233,20.919999999998254,21.529999999998836,42.74000000000524,140.0299999999999,-205.22000000000116,0,0,0,0,0,0,0.0022286740893201246,134.66200000000026,0
200.57000000000698,150.48999999999796,44.700000000004366,5.380000000004657,148.93785714285747,-253.65999999999622,0,0,0,0,0,1,0.002376172981354375,141.50500000000102,1
147.32999999999447,20.970000000001164,31.349999999998545,95.00999999999476,152.625,-227.77000000000407,0,0,0,0,0,0,0.0024341829622025013,146.19900000000052,1
162.9600000000064,121.48999999999796,36.19000000000233,5.280000000006112,146.0050000000005,-295.0599999999977,0,0,0,0,0,0,0.002332942658712571,148.91500000000087,1
112.55999999999767,55.31999999999971,4.069999999999709,53.169999999998254,141.25285714285772,-168.27999999999884,0,0,0,0,0,0,0.002254930089687056,151.65500000000029,1
104.38999999999942,62.020000000004075,37.43000000000029,4.939999999995052,139.13142857142935,-130.6800000000003,1,0,0,0,0,0,0.002218987894358399,148.65400000000008,1
116.19999999999709,80.34999999999854,15.919999999998254,19.93000000000029,140.2607142857149,-59.919999999998254,0,0,0,0,0,0,0.002239878030362839,136.9529999999999,1
110.47000000000116,75.12000000000262,31.119999999995343,4.230000000003201,138.3385714285718,-14.299999999995634,0,0,0,0,0,0,0.0022068351246876602,134.51100000000005,1
73.84000000000378,27.900000000001455,27.19000000000233,18.75,137.5300000000004,127.37999999999738,0,0,0,0,0,0,0.0021930611373397225,125.93700000000099,1
120.2100000000064,20.159999999996217,41.24000000000524,58.81000000000495,136.51642857142932,90.44999999999709,0,0,0,0,0,0,0.002176176533333248,123.37200000000158,1
103.38999999999942,76.36999999999534,26.31999999999971,0.7000000000043656,127.2435714285722,103.19999999999709,0,0,0,0,1,0,0.0020260553762614275,125.19200000000129,1
100.56999999999971,69.5199999999968,22.790000000000873,8.260000000002037,124.79214285714365,255.12999999999738,0,0,0,0,0,0,0.0019847679012468663,115.19200000000055,0
129.4300000000003,125.36000000000058,0.0,4.069999999999709,122.63857142857263,70.6099999999933,0,0,0,0,0,1,0.0019541809255533907,113.40200000000114,0
92.97000000000116,73.47000000000116,1.9800000000032014,17.5199999999968,118.57714285714403,-22.30000000000291,0,0,0,0,0,1,0.0018915104238508978,106.40300000000062,1
49.4600000000064,8.80000000000291,34.5,6.1600000000034925,116.02500000000146,-31.25999999999476,0,0,0,0,0,0,0.0018504495464026472,100.09300000000148,1
160.25,79.11000000000058,55.00999999999476,26.130000000004657,113.14500000000096,-181.5199999999968,0,0,0,0,0,0,0.001806790831604459,105.67900000000154,1
102.52999999999884,59.44999999999709,35.779999999998836,7.30000000000291,109.94500000000127,-193.40000000000146,0,0,0,0,0,0,0.0017540254681084088,104.31200000000172,1
91.57999999999447,19.18000000000029,17.619999999995343,54.779999999998836,104.84642857142899,-94.32999999999447,0,0,0,0,0,0,0.0016731874831966036,102.42300000000105,1
96.58000000000175,70.72000000000116,8.819999999999709,17.040000000000873,103.70500000000071,46.80000000000291,0,0,0,0,0,0,0.0016530399724687386,104.69700000000084,1
83.62000000000262,42.31999999999971,30.05000000000291,11.25,102.22142857142951,-1.4200000000055297,0,0,0,0,0,0,0.0016303372554995524,101.03800000000047,1
56.849999999998545,16.790000000000873,25.610000000000582,14.44999999999709,97.9821428571439,93.70999999999913,0,0,0,0,0,0,0.001562320156648651,96.38400000000038,1
49.69999999999709,17.020000000004075,23.69999999999709,8.979999999995925,93.64142857142932,20.93000000000029,0,0,0,0,0,0,0.001493425115560527,91.29700000000011,1
130.90000000000146,5.69999999999709,81.76000000000204,43.44000000000233,97.71714285714344,34.169999999998254,0,0,0,0,0,0,0.001558565179454656,91.44400000000023,1
187.32999999999447,159.7199999999939,27.610000000000582,0.0,102.97928571428565,127.19999999999709,0,0,0,0,1,0,0.0016381507843196109,100.87999999999957,1
167.5699999999997,101.18000000000029,45.04000000000087,21.349999999998545,107.5635714285714,257.4800000000032,0,0,0,1,1,0,0.0017085233268363854,112.6909999999989,1
162.4699999999939,8.959999999999127,94.06999999999971,59.43999999999505,111.98499999999954,234.7699999999968,0,0,0,0,0,0,0.001778935723526519,112.91299999999828,0
141.5199999999968,76.33000000000175,41.5,23.689999999995052,112.84857142857072,174.80999999999767,0,1,0,0,0,0,0.0017947434967925727,116.81199999999808,0
86.29000000000087,7.309999999997672,56.41000000000349,22.56999999999971,112.37142857142784,176.0699999999997,0,0,0,0,0,0,0.0017872783815137587,116.28299999999872,1
104.16000000000349,17.419999999998254,59.09000000000378,27.650000000001455,116.27857142857049,-3.8099999999976717,0,0,0,0,0,0,0.0018498222925187623,117.04099999999889,0
83.30999999999767,43.18000000000029,17.590000000003783,22.539999999993597,110.78285714285605,-138.84000000000378,0,0,0,0,0,1,0.0017635471430708942,117.0099999999984,0
159.70999999999913,146.10000000000582,2.4899999999979627,11.119999999995343,114.86714285714177,-273.25,0,0,0,0,0,1,0.0018326750598764016,127.29599999999846,1
356.1100000000006,197.26000000000204,50.299999999995634,108.55000000000291,133.7621428571422,-397.0899999999965,0,0,0,0,0,1,0.0021408731994232762,157.93699999999882,1
139.41999999999825,76.40999999999622,25.459999999999127,37.55000000000291,136.82214285714196,-313.2900000000009,0,0,0,0,0,0,0.0021870672986152406,158.78899999999848,1
207.27999999999884,64.62000000000262,55.279999999998836,87.37999999999738,145.65499999999884,-235.95999999999913,0,0,0,0,0,0,0.002325889252828319,160.7839999999989,1
110.47999999999593,7.230000000003201,50.57999999999447,52.669999999998254,149.48571428571293,-186.07999999999447,0,0,0,0,0,0,0.0023867260805751573,155.07499999999854,1
75.25999999999476,0.43999999999505235,45.029999999998836,29.790000000000873,151.31142857142706,-46.75999999999476,0,0,0,0,0,0,0.0024159364490879778,146.35399999999862,1
85.95999999999913,64.59999999999854,10.269999999996799,11.090000000003783,148.10142857142688,215.40000000000146,0,0,0,0,0,0,0.0023622307756212936,140.79799999999886,1
148.5,51.80000000000291,65.79999999999563,30.900000000001455,144.8599999999985,84.06999999999971,0,0,0,0,0,0,0.002312442861382228,147.01899999999878,1
95.7699999999968,74.83999999999651,0.0,20.93000000000029,139.73142857142687,-53.86000000000058,0,0,0,0,0,0,0.0022332195170398817,146.1799999999981,1
112.7699999999968,68.54000000000087,29.239999999997963,14.989999999997963,136.18142857142706,6.349999999998545,0,0,0,0,0,0,0.0021740861258492915,149.12599999999802,1
103.83999999999651,41.5,38.68000000000029,23.659999999996217,133.48999999999847,-33.9800000000032,0,0,0,0,0,0,0.002132544962128092,143.53899999999777,1
105.12999999999738,28.81999999999971,4.05000000000291,72.25999999999476,134.83571428571253,-126.31000000000495,0,0,0,0,0,0,0.00215498301779312,118.44099999999744,1
140.5,129.3399999999965,6.620000000002619,4.540000000000873,137.43142857142655,53.279999999998836,0,0,0,0,0,0,0.0021919940426394723,118.54899999999762,1
135.12000000000262,33.19999999999709,29.900000000001455,72.02000000000407,141.1321428571412,92.62000000000262,0,0,0,0,0,0,0.0022522720721408914,111.332999999998,1
40.549999999995634,29.37999999999738,2.1699999999982538,9.0,132.62071428571238,49.05999999999767,0,0,0,0,0,0,0.0021155836621049254,104.33999999999796,1
133.87999999999738,4.44999999999709,84.59000000000378,44.83999999999651,116.74714285714072,84.06999999999971,0,0,0,0,0,0,0.0018625710084826945,110.20199999999822,1
133.41999999999825,50.44000000000233,35.26000000000204,47.71999999999389,116.31857142856929,61.36000000000058,0,0,0,0,0,0,0.0018572154140644808,114.94799999999813,1
91.94000000000233,50.20999999999913,22.510000000002037,19.220000000001164,108.07999999999811,-11.519999999996799,0,0,0,0,0,0,0.0017241635102998845,109.29199999999837,1
84.74000000000524,55.29000000000087,29.450000000004366,0.0,106.24785714285566,78.72999999999593,0,0,0,0,0,0,0.0016934398743857577,108.18899999999921,1
109.67000000000553,58.65999999999622,20.590000000003783,30.42000000000553,108.70571428571358,-2.7999999999956344,0,0,0,0,0,0,0.001734165789430912,107.87900000000009,1
81.22000000000116,41.5199999999968,0.0,39.700000000004366,108.3671428571423,-30.909999999996217,0,0,0,0,0,0,0.0017297304051772018,105.61700000000056,1
148.0899999999965,28.30999999999767,55.150000000001455,64.62999999999738,108.33785714285634,54.36000000000058,0,0,0,0,0,0,0.0017282902516672068,109.91300000000047,1
107.84999999999854,69.19000000000233,8.159999999996217,30.5,109.2007142857136,68.79000000000087,0,0,0,0,0,0,0.00174013229198645,106.64800000000032,1
160.42000000000553,3.860000000000582,137.26000000000204,19.30000000000291,112.60428571428565,17.330000000001746,0,0,0,0,0,0,0.0017942567122610257,109.17800000000061,1
101.28000000000611,50.81999999999971,13.580000000001746,36.88000000000466,112.42142857142919,23.669999999998254,0,1,0,0,0,0,0.0017927650613223935,115.25100000000165,1
227.9800000000032,63.56999999999971,149.13999999999942,15.270000000004075,121.1964285714296,-5.190000000002328,0,0,0,0,0,0,0.0019346686650014448,124.66100000000225,1
89.55000000000291,44.46999999999389,20.9800000000032,24.10000000000582,117.5571428571441,2.139999999999418,0,0,0,0,0,0,0.0018752994890202201,120.2740000000027,1
88.54000000000087,30.24000000000524,37.43999999999505,20.860000000000582,114.23000000000113,-100.38000000000466,0,0,0,0,0,0,0.0018231911575149237,119.93400000000256,1
125.79000000000087,84.0199999999968,18.330000000001746,23.44000000000233,120.31857142857292,-185.66999999999825,0,0,0,0,0,1,0.0019228663102786338,124.03900000000212,1
62.12999999999738,2.0800000000017462,39.229999999995925,20.81999999999971,115.19357142857292,-133.61000000000058,0,0,0,0,0,0,0.0018408942551556772,119.2850000000013,1
73.70999999999913,5.580000000001746,25.099999999998545,43.029999999998836,110.928571428573,-63.45999999999913,0,0,0,0,0,0,0.001772557639282879,118.5340000000011,1
103.41000000000349,72.06999999999971,31.340000000003783,0.0,111.91714285714417,-31.610000000000582,0,0,0,0,1,0,0.001786229574938396,114.06600000000181,1
146.09999999999854,20.12000000000262,114.31999999999971,11.659999999996217,116.2935714285725,-21.279999999998836,0,0,0,0,0,0,0.0018567578454123334,117.89100000000181,1
120.47000000000116,86.69000000000233,24.709999999999127,9.069999999999709,117.06500000000077,-22.520000000004075,0,0,0,0,0,1,0.0018715430649949068,113.89600000000137,1
92.06999999999971,20.779999999998836,50.37999999999738,20.910000000003492,117.84000000000067,-4.639999999999418,0,0,0,0,0,0,0.0018833261547239486,112.97500000000073,1
78.63000000000466,37.220000000001164,27.9800000000032,13.430000000000291,112.87857142857267,27.69999999999709,0,0,0,0,0,0,0.0018029191980513384,98.04000000000087,1
62.48999999999796,20.010000000002037,36.32999999999447,6.150000000001455,109.63857142857263,-25.289999999993597,0,0,0,0,0,0,0.0017505695161677136,95.33400000000037,1
91.31999999999971,76.15000000000146,5.180000000000291,9.989999999997963,104.70285714285794,75.06999999999971,0,0,0,0,1,0,0.0016696977760911535,95.61200000000026,1
163.72000000000116,46.98999999999796,82.68000000000029,34.05000000000291,109.16285714285758,204.87000000000262,0,0,0,0,1,0,0.001739512400200679,99.40500000000029,1
95.9800000000032,31.510000000002037,26.0,38.470000000001164,99.73428571428614,216.52999999999884,0,0,0,0,0,0,0.001588462484627092,102.79000000000087,1
154.3199999999997,53.63999999999942,40.65999999999622,60.020000000004075,104.3607142857145,119.87000000000262,0,0,0,0,0,0,0.0016636850033551573,110.85100000000094,1
72.61999999999534,24.18000000000029,26.869999999995343,21.56999999999971,103.22357142857125,121.75,0,0,0,0,0,0,0.0016449452499916536,107.77200000000012,1
82.07999999999447,33.93000000000029,32.58999999999651,15.559999999997672,100.10142857142793,6.440000000002328,0,0,0,0,0,0,0.001596154813827828,101.3699999999997,1
84.5199999999968,51.09000000000378,28.32999999999447,5.099999999998545,101.7007142857136,5.870000000002619,0,0,0,0,0,0,0.0016204514237758802,97.77499999999927,1
126.41999999999825,84.22000000000116,5.809999999997672,36.38999999999942,105.46571428571353,-110.12000000000262,0,0,1,0,0,1,0.0016826978743841963,101.20999999999913,1
56.84000000000378,10.430000000000291,7.230000000003201,39.18000000000029,101.9699999999996,-41.7300000000032,0,0,0,0,0,0,0.0016266551299696907,99.03099999999904,1
36.11000000000058,10.769999999996799,20.25,5.0900000000037835,94.11357142857118,-72.72000000000116,0,0,1,0,0,0,0.0015015105702998277,96.3929999999993,1
156.0199999999968,11.290000000000873,18.87999999999738,125.84999999999854,96.65285714285658,-25.610000000000582,0,0,0,0,0,0,0.0015417956585794296,102.862999999999,1
228.67000000000553,185.76000000000204,28.220000000001164,14.690000000002328,106.40999999999985,100.55999999999767,0,0,0,0,1,0,0.0016927746789797003,109.35799999999945,1
168.63999999999942,102.20999999999913,38.86000000000058,27.56999999999971,112.8392857142852,289.1100000000006,0,0,0,0,0,0,0.001792076312604713,116.62399999999907,1
301.9400000000023,76.54000000000087,141.2300000000032,84.16999999999825,129.94285714285692,355.2099999999991,0,0,0,0,0,0,0.0020612066429680745,131.38599999999934,1
226.76000000000204,120.89999999999418,7.230000000003201,98.63000000000466,139.61714285714282,484.86999999999534,0,0,0,0,0,0,0.0022103865414934525,146.8,1
553.310000000005,488.91999999999825,28.970000000001164,35.42000000000553,167.44500000000022,965.0400000000009,0,0,0,0,1,0,0.002630568543399161,193.92300000000105,1
429.25,143.4499999999971,251.4100000000035,34.38999999999942,191.25,650.3499999999985,0,0,0,0,0,0,0.0030112590385006593,228.39600000000138,1
201.8199999999997,170.36000000000058,15.75,15.709999999999127,194.64285714285714,712.0800000000017,0,0,0,0,0,0,0.003056685532118474,235.9360000000015,1
289.7699999999968,235.15999999999622,27.43000000000029,27.18000000000029,210.15357142857152,864.4000000000015,0,0,0,0,0,0,0.003288452235296949,259.22900000000084,0
346.79999999999563,293.8399999999965,45.25,7.709999999999127,229.06214285714304,448.4800000000032,0,0,0,0,0,0,0.0036008920693105196,290.29800000000034,1
119.13999999999942,23.68000000000029,34.849999999998545,60.61000000000058,231.53500000000037,-14.809999999997672,0,0,0,0,0,0,0.003638271851119599,286.6100000000006,1
133.09000000000378,58.91000000000349,0.0,74.18000000000029,232.01714285714374,68.09999999999854,0,0,0,0,0,0,0.0036492307589987586,277.0520000000004,1
240.5199999999968,36.18999999999505,74.41999999999825,129.9100000000035,245.13714285714326,-133.0899999999965,0,0,0,0,0,0,0.003857714288771759,284.2400000000001,1
314.00999999999476,188.70999999999913,115.33999999999651,9.959999999999127,264.9871428571428,-555.5599999999977,0,0,0,0,0,0,0.004182842707177851,285.4469999999994,1
320.02999999999884,193.99000000000524,55.37999999999738,70.65999999999622,276.702142857143,-71.12999999999738,0,0,0,0,0,0,0.00435466946720698,294.7739999999991,1
182.0899999999965,139.08000000000175,36.75999999999476,6.25,273.56285714285644,50.70999999999913,0,0,0,0,1,0,0.004295262403670945,257.6519999999982,1
179.02999999999884,65.82999999999447,49.900000000001455,63.30000000000291,274.30499999999927,172.5699999999997,0,0,0,0,0,0,0.0043026676209850165,232.62999999999812,1
254.45999999999913,84.34999999999854,39.18999999999505,130.92000000000553,270.91357142857044,122.81999999999971,0,0,0,0,0,0,0.004255132627026708,237.89399999999804,1
245.0500000000029,14.669999999998254,200.90000000000146,29.4800000000032,272.21999999999906,301.6800000000003,0,0,0,0,0,0,0.0042766483406425195,233.42199999999866,0
163.0500000000029,138.42000000000553,0.0,24.62999999999738,244.49714285714177,-29.390000000006694,0,0,0,0,0,1,0.0038496157638197985,215.0469999999994,1
257.06000000000495,118.20000000000437,96.29000000000087,42.56999999999971,232.1978571428564,-296.20000000000437,0,0,0,0,0,0,0.0036628173152666818,228.83899999999994,1
219.55999999999767,75.59999999999854,128.9499999999971,15.010000000002037,233.4649999999991,-284.54999999999563,0,0,0,0,0,0,0.0036784817992631075,237.48599999999934,1
250.72999999999593,131.84000000000378,103.37999999999738,15.509999999994761,230.6764285714276,-331.0300000000061,0,0,0,0,0,0,0.0036420801698141846,238.50699999999924,1
125.15000000000146,56.69999999999709,36.16000000000349,32.29000000000087,214.84428571428518,-259.13000000000466,0,0,0,0,0,0,0.003389057520615438,219.62099999999992,0
115.0,43.2899999999936,53.91000000000349,17.80000000000291,214.54857142857094,-164.0399999999936,0,0,0,0,0,0,0.003386822032068405,199.11800000000002,0
238.22000000000116,175.5199999999968,18.700000000004366,44.0,222.05214285714206,-219.23999999999796,0,0,0,0,0,1,0.003514929288269574,204.7310000000005,1
192.09000000000378,18.24000000000524,97.0,76.84999999999854,218.59285714285684,-321.06000000000495,0,0,0,0,0,0,0.0034616671519312465,206.037000000001,1
112.06999999999971,92.95999999999913,0.0,19.110000000000582,204.16857142857148,-99.50999999999476,0,0,0,0,0,0,0.003228628257922845,191.79800000000105,1
161.9800000000032,33.799999999995634,61.770000000004075,66.41000000000349,192.87928571428606,-123.16999999999825,0,0,0,0,0,0,0.0030484940531273503,183.49100000000107,1
180.72000000000116,101.65999999999622,30.580000000001746,48.4800000000032,192.5935714285723,-180.0,0,0,0,0,0,0,0.0030489079752908676,185.2580000000009,1
208.87000000000262,82.33999999999651,90.88000000000466,35.650000000001455,194.72500000000113,73.34999999999854,0,0,0,0,0,0,0.0030787851190603424,180.43900000000068,0
128.72000000000116,35.400000000001455,47.05999999999767,46.26000000000204,185.74357142857272,64.84000000000378,0,0,0,0,0,0,0.002938444015579635,171.355000000001,0
114.49000000000524,72.47000000000116,0.0,42.020000000004075,176.4178571428586,-95.93000000000029,0,0,0,0,0,0,0.002794029698651615,157.73100000000196,0
256.8799999999974,199.01000000000204,37.94999999999709,19.919999999998254,182.96714285714395,-326.4300000000003,0,0,0,0,0,0,0.0029068279010449932,170.90400000000153,1
218.38999999999942,96.20999999999913,55.849999999998545,66.33000000000175,180.2050000000007,-122.68000000000029,0,0,0,0,0,0,0.002858338368067325,181.24300000000147,1
98.0,5.569999999999709,59.79000000000087,32.63999999999942,171.52214285714373,-197.75,0,0,0,0,0,0,0.002720431895795433,167.22100000000137,1
121.51000000000204,9.729999999995925,33.270000000004075,78.51000000000204,162.29214285714417,-152.37000000000262,0,0,0,0,0,0,0.0025736485725572377,160.1630000000012,1
166.55999999999767,92.22000000000116,29.81999999999971,44.5199999999968,165.25000000000105,-171.99000000000524,0,0,0,0,0,0,0.002624306365257091,165.612000000001,1
108.34999999999854,43.950000000004366,0.0,64.39999999999418,164.77500000000094,69.12000000000262,0,0,0,0,0,0,0.002614934940450436,160.24900000000054,1
115.91000000000349,93.5199999999968,13.590000000003783,8.80000000000291,156.03857142857254,-125.51000000000204,0,0,0,0,0,0,0.002479957384338944,153.76800000000077,1
105.98999999999796,22.910000000003492,2.8399999999965075,80.23999999999796,149.8885714285721,-150.02999999999884,0,0,0,0,0,0,0.002382982450095797,143.4800000000003,1
91.44000000000233,0.9099999999962165,71.34000000000378,19.19000000000233,148.41500000000087,-157.80999999999767,0,0,0,0,0,0,0.002359487934760089,139.7520000000004,1
202.22000000000116,136.5399999999936,17.210000000006403,48.470000000001164,151.28928571428645,68.75,0,0,0,0,1,0,0.0023999783893733305,148.525,1
68.65999999999622,18.459999999999127,33.08999999999651,17.110000000000582,143.28500000000037,4.360000000000582,0,0,0,0,0,0,0.002273737094834131,129.7029999999999,1
246.84000000000378,29.369999999995343,162.99000000000524,54.4800000000032,145.9971428571433,68.76000000000204,0,0,0,0,0,0,0.0023178336476833957,132.54800000000031,0
121.70000000000437,22.470000000001164,22.860000000000582,76.37000000000262,145.49571428571497,112.55000000000291,0,0,0,0,0,0,0.002309011572467566,134.91800000000075,0
248.9300000000003,175.18999999999505,0.0,73.74000000000524,155.15357142857206,-65.19999999999709,0,0,0,0,0,1,0.002469176528746697,147.6600000000006,1
72.79000000000087,6.0900000000037835,50.12000000000262,16.57999999999447,142.0042857142866,-207.6800000000003,0,0,0,0,0,0,0.0022601318208248086,138.2830000000009,1
79.69999999999709,42.599999999998545,25.2699999999968,11.830000000001746,132.09785714285786,-226.52999999999884,0,0,0,0,0,0,0.0021037749141373237,135.41800000000075,1
149.11000000000058,99.63000000000466,23.720000000001164,25.75999999999476,135.74857142857218,-294.99000000000524,0,0,0,0,0,1,0.002165268966377799,138.73800000000045,1
146.4300000000003,68.02000000000407,16.029999999998836,62.37999999999738,137.52857142857206,-384.31000000000495,0,0,0,0,0,1,0.0021959664792457548,142.7820000000007,1
76.04999999999563,21.840000000003783,14.189999999995052,40.0199999999968,131.06357142857192,-230.95000000000437,0,0,0,0,0,0,0.0020934930404126416,141.24300000000002,1
202.15000000000146,168.83000000000175,20.340000000003783,12.979999999995925,137.7635714285721,-56.0199999999968,1,0,0,0,1,0,0.0021945935866285573,141.23600000000005,1
50.4600000000064,39.0,0.0,11.460000000006403,133.08857142857232,29.43000000000029,0,0,0,0,1,0,0.0021185599468415833,139.41600000000108,1
171.31000000000495,41.900000000001455,114.94000000000233,14.470000000001164,137.7542857142871,164.12000000000262,0,0,0,1,0,0,0.0021915242864131647,131.8630000000012,1
129.9699999999939,97.31999999999971,6.869999999995343,25.779999999998836,140.50642857142935,133.59000000000378,0,0,0,0,0,0,0.002238739552837084,132.69000000000014,1
92.77000000000407,21.860000000000582,61.20999999999913,9.700000000004366,132.68857142857243,135.0500000000029,0,0,0,0,0,0,0.0021148871781623544,117.07400000000052,1
151.9300000000003,79.66000000000349,46.13999999999942,26.12999999999738,138.63642857142986,42.41000000000349,0,0,0,1,0,0,0.0022070072785267472,124.98800000000047,1
132.39999999999418,75.88000000000466,44.50999999999476,12.009999999994761,130.46214285714345,70.70999999999913,0,0,0,1,0,0,0.0020744164047793705,130.25800000000018,0
519.3099999999977,461.68999999999505,50.330000000001746,7.290000000000873,158.86285714285728,-424.3799999999974,0,0,0,0,0,1,0.0025445183744343333,167.27799999999988,0
636.2099999999991,503.9099999999962,2.819999999999709,129.4800000000032,186.47071428571402,-833.2099999999991,0,0,0,0,0,1,0.0030110796760847366,216.25599999999977,1
257.3500000000058,88.77999999999884,78.01000000000204,90.56000000000495,199.65357142857152,-722.7900000000009,0,0,0,1,0,0,0.0032193117750300283,234.3860000000008,1
437.9800000000032,261.42000000000553,127.0199999999968,49.54000000000087,225.24500000000054,-1067.1000000000058,0,0,0,0,0,0,0.0036477289326629766,257.96900000000096,1
228.4100000000035,49.45999999999913,94.55000000000291,84.40000000000146,230.90928571428645,-1196.0400000000009,0,0,0,0,0,0,0.003742757079131191,275.7640000000007,1
226.95000000000437,120.29999999999563,58.12000000000262,48.53000000000611,236.66071428571533,-860.75,0,0,0,0,0,0,0.0038436031191415167,281.3280000000006,1
290.7199999999939,183.50999999999476,79.18000000000029,28.029999999998836,251.99428571428663,-537.4300000000003,0,0,1,0,0,0,0.004104759180604486,297.4030000000006,1
348.72000000000116,199.43999999999505,12.680000000000291,136.60000000000582,262.4635714285723,-428.8000000000029,0,0,0,0,0,0,0.004261556085373695,322.99800000000033,1
427.38000000000466,127.54000000000087,261.25,38.59000000000378,289.38642857142935,-25.57999999999447,1,0,0,0,1,0,0.004688409148034135,350.54300000000075,1
256.02999999999884,157.72999999999593,60.36000000000058,37.94000000000233,295.43785714285747,186.8399999999965,0,0,0,0,0,0,0.0047742277923489545,362.9060000000012,1
709.1900000000023,146.8199999999997,339.1600000000035,223.20999999999913,336.8107142857152,448.9099999999962,0,0,0,0,0,0,0.005430545075004039,381.8940000000017,1
271.0200000000041,36.80999999999767,144.1600000000035,90.05000000000291,349.54285714285805,595.2799999999988,0,0,1,0,0,0,0.00563905771594472,345.37500000000216,1
194.38000000000466,7.80000000000291,26.529999999998836,160.0500000000029,352.57500000000124,402.81000000000495,0,0,0,0,0,0,0.005687475117548431,339.0780000000021,1
538.0500000000029,424.6200000000026,111.97000000000116,1.4599999999991269,381.5500000000019,692.6599999999962,0,0,0,0,1,0,0.006112970841345406,349.085000000002,1
242.0699999999997,12.62999999999738,80.84000000000378,148.59999999999854,361.74714285714487,524.2000000000044,0,0,1,0,0,0,0.005796671552261471,350.45100000000167,1
683.4300000000003,450.6299999999974,48.470000000001164,184.33000000000175,365.1200000000021,832.7900000000009,0,0,0,0,1,0,0.005808988149104184,396.09900000000124,1
758.8600000000006,646.7000000000044,5.889999999999418,106.2699999999968,400.9421428571446,1513.8300000000017,0,0,0,0,1,0,0.006314062420240302,442.91300000000194,1
489.0599999999977,197.40999999999622,131.01000000000204,160.63999999999942,404.5907142857156,1703.979999999996,0,0,0,0,0,0,0.00635195529297874,456.9470000000016,1
397.0400000000009,276.7700000000041,58.76000000000204,61.50999999999476,416.63571428571544,1000.4199999999983,0,0,0,0,0,0,0.0065697920535623235,453.9130000000012,1
355.25,282.4099999999962,69.09999999999854,3.7400000000052387,425.8000000000008,1288.729999999996,0,0,0,0,0,0,0.006685010410592787,463.8350000000013,1
140.36999999999534,3.7599999999947613,59.68000000000029,76.93000000000029,415.0607142857152,837.0599999999977,0,0,0,0,0,0,0.006516748644568782,406.9530000000006,1
282.83000000000175,113.0199999999968,104.37000000000262,65.44000000000233,410.3542857142867,300.93999999999505,0,0,0,0,1,0,0.006431803698327446,408.13400000000036,1
170.80999999999767,27.669999999998254,107.05000000000291,36.08999999999651,392.0278571428576,142.30999999999767,0,0,0,0,0,0,0.0061410017477561895,405.7769999999997,0
290.9499999999971,187.37999999999738,59.19000000000233,44.37999999999738,394.5221428571432,235.26000000000204,0,1,0,0,0,1,0.006198097076659845,381.0669999999991,1
211.65000000000146,105.08000000000175,69.37999999999738,37.19000000000233,358.98357142857174,-149.77999999999884,0,0,0,0,0,0,0.0056492847179158145,378.0249999999993,1
216.37999999999738,100.18999999999505,71.05000000000291,45.13999999999942,355.0807142857141,-44.86000000000058,0,0,0,0,0,0,0.005578949395594828,331.31999999999897,1
286.0,55.37000000000262,139.32999999999447,91.30000000000291,361.6249999999995,-87.18999999999505,0,0,0,0,0,0,0.005675788002628001,284.0339999999989,1
166.15999999999622,34.44000000000233,63.32999999999447,68.38999999999942,335.0614285714276,-90.2899999999936,0,0,0,0,0,0,0.005256073315704834,251.74399999999878,1
137.56000000000495,90.56000000000495,30.540000000000873,16.459999999999127,327.59642857142796,4.19999999999709,0,0,0,0,0,0,0.005146328371556203,225.7959999999992,1
111.16999999999825,36.229999999995925,19.400000000001455,55.54000000000087,286.72071428571354,147.59999999999854,0,0,0,0,0,0,0.004501635894140753,201.387999999999,1
168.1600000000035,96.65000000000146,70.34000000000378,1.1699999999982538,244.5278571428566,143.37000000000262,0,0,0,0,1,0,0.003833332478592714,204.16699999999983,1
95.97999999999593,7.1599999999962165,8.779999999998836,80.04000000000087,216.4507142857136,87.43999999999505,0,0,0,0,0,0,0.003392588058657859,185.48199999999923,1
167.47000000000116,95.04999999999563,39.450000000004366,32.970000000001164,200.05285714285648,-48.470000000001164,0,0,1,0,0,0,0.0031405960177851504,185.1479999999996,1
185.58000000000175,143.18999999999505,24.37000000000262,18.020000000004075,187.9335714285709,-102.50999999999476,0,0,1,0,0,0,0.0029570770389222944,174.61100000000005,1
166.33000000000175,152.61000000000058,5.790000000000873,7.930000000000291,189.78785714285706,16.55000000000291,0,0,0,0,0,0,0.0029789751754946358,170.0790000000001,1
149.25,66.81000000000495,68.65000000000146,13.789999999993597,180.24642857142837,-11.559999999997672,0,0,0,0,1,0,0.0028261390439578518,163.36600000000035,1
126.70000000000437,3.040000000000873,72.5,51.16000000000349,177.09571428571456,-19.909999999996217,0,0,0,0,0,0,0.002776615258359477,147.43600000000077,1
909.2800000000061,483.98999999999796,405.20000000000437,20.090000000003783,221.26214285714377,564.0199999999968,0,0,0,0,1,0,0.0034430705003661325,221.74800000000178,1
186.1999999999971,94.31999999999971,66.87000000000262,25.00999999999476,219.4442857142863,617.8699999999953,0,0,0,0,0,0,0.0034196427040936476,226.612000000001,1
174.45999999999913,13.849999999998545,91.91999999999825,68.69000000000233,216.45000000000073,476.3099999999977,0,0,0,0,0,0,0.003372261177071066,232.94100000000108,1
366.8399999999965,265.4800000000032,45.279999999998836,56.07999999999447,222.2242857142862,669.0299999999988,0,0,0,0,0,0,0.003448151882626165,252.80900000000037,0
221.02000000000407,127.97000000000116,14.239999999997963,78.81000000000495,226.1428571428582,538.0,0,0,0,0,0,0,0.0035159490935881177,265.3130000000012,1
294.7300000000032,144.5199999999968,128.61000000000058,21.60000000000582,237.36928571428663,-91.36999999999534,0,0,0,0,0,1,0.003698973748135651,278.0390000000014,1
71.72000000000116,5.150000000001455,25.0,41.56999999999971,234.55142857142968,-5.4799999999959255,0,0,0,0,0,0,0.0036553723839651093,266.6530000000013,1
157.90000000000146,41.820000000006985,53.08999999999651,62.98999999999796,233.8185714285724,17.24000000000524,0,0,0,0,0,0,0.0036418829286601583,265.8100000000013,1
126.04000000000087,29.709999999999127,68.11000000000058,28.220000000001164,235.96571428571562,-215.62000000000262,0,0,0,0,0,0,0.003673662184547945,263.4890000000014,0
199.86000000000058,181.70999999999913,6.220000000001164,11.930000000000291,238.279285714287,-264.47000000000116,0,0,0,0,0,1,0.0037199356192910028,270.80500000000103,1
117.27000000000407,29.860000000000582,80.62000000000262,6.790000000000873,233.40000000000146,-146.77000000000407,0,0,0,0,0,0,0.003645457258887933,191.6040000000008,1
109.52999999999884,23.32999999999447,58.0,28.200000000004366,229.34285714285838,-164.27999999999884,0,0,0,0,0,0,0.003583373521847281,183.93700000000098,1
101.80999999999767,12.25,61.45999999999913,28.099999999998545,225.95428571428678,-213.31000000000495,0,0,0,0,0,0,0.0035311233152749135,176.67200000000085,1
327.1299999999974,207.51000000000204,84.59999999999854,35.0199999999968,240.27071428571486,-36.63999999999942,0,0,0,0,0,0,0.003742820157390749,172.70100000000093,0
237.45000000000437,157.09999999999854,19.270000000004075,61.080000000001746,192.2828571428576,-16.610000000000582,0,0,0,0,0,0,0.003002633545059331,174.34400000000096,1
206.32999999999447,110.06999999999971,82.02999999999884,14.229999999995925,193.72071428571456,126.63999999999942,0,0,0,1,0,0,0.0030197364628047774,165.50400000000008,0
317.08000000000175,218.88999999999942,2.0200000000040745,96.16999999999825,203.93214285714308,-71.66000000000349,0,0,0,0,0,1,0.0031899147455187603,190.04000000000013,1
151.69000000000233,21.090000000003783,79.02999999999884,51.56999999999971,188.56428571428634,-80.18000000000029,0,0,0,0,0,0,0.0029505043754172733,189.41900000000024,1
206.80999999999767,0.22000000000116415,29.0,177.5899999999965,187.54928571428587,-288.1399999999994,0,0,0,0,0,0,0.0029347239442196263,197.49599999999992,1
196.18999999999505,106.83999999999651,64.02999999999884,25.31999999999971,180.51071428571387,-234.5899999999965,0,0,0,0,0,0,0.0028291672223163043,197.12899999999937,1
136.20999999999913,29.479999999995925,63.700000000004366,43.029999999998836,185.11714285714228,-377.3799999999974,0,0,0,0,0,0,0.0029026987087580514,199.02299999999886,0
307.06000000000495,247.17000000000553,58.25,1.639999999999418,195.77142857142826,-402.5400000000009,0,0,0,0,0,1,0.003081668395120435,218.77599999999947,0
182.8199999999997,24.889999999999418,7.190000000002328,150.73999999999796,199.82714285714246,-354.77999999999884,0,0,0,0,0,0,0.0031441910284583405,226.87699999999967,0
338.33000000000175,272.0,20.090000000003783,46.23999999999796,209.71785714285684,-622.4300000000003,0,0,0,0,0,1,0.003313888198946201,227.99700000000013,1
159.0699999999997,1.5900000000037835,91.59999999999854,65.87999999999738,212.7035714285708,-521.6000000000058,0,0,0,0,0,0,0.0033612081598803764,220.15899999999965,0
147.97000000000116,30.05999999999767,56.79000000000087,61.12000000000262,215.44928571428525,-526.0299999999988,0,0,0,0,0,0,0.003406414067553079,214.32300000000032,1
179.3199999999997,75.34999999999854,60.700000000004366,43.2699999999968,220.98571428571398,-352.2099999999991,0,0,0,0,0,1,0.0034979637572603505,200.5470000000001,1
77.7699999999968,30.0,0.0,47.7699999999968,203.1921428571425,-409.1100000000006,0,0,0,0,0,0,0.0032178516408058132,193.15499999999957,1
130.69000000000233,2.6999999999970896,75.45000000000437,52.54000000000087,195.56642857142808,-142.73999999999796,0,0,0,0,0,0,0.003097258227418451,185.54300000000003,1
130.37000000000262,65.68000000000029,29.590000000003783,35.099999999998545,190.14071428571438,-73.61000000000058,0,0,0,1,0,0,0.0030081619744649615,178.96100000000078,1
157.38999999999942,116.41000000000349,39.5,1.4799999999959255,178.71000000000018,-152.31000000000495,0,0,0,0,0,0,0.002832359232728769,181.0790000000008,1
120.09999999999854,54.279999999998836,22.400000000001455,43.419999999998254,176.45357142857134,-128.70999999999913,0,0,0,0,0,1,0.002798770365080607,162.38300000000018,1
343.79999999999563,271.8799999999974,26.12999999999738,45.79000000000087,186.2385714285712,-371.1599999999962,0,0,0,0,0,1,0.0029668049735873826,178.48099999999977,1
192.6800000000003,119.76000000000204,56.05999999999767,16.860000000000582,185.98785714285728,-245.66999999999825,0,0,0,0,0,0,0.0029570640787199157,163.91599999999963,1
253.3199999999997,223.06000000000495,30.25999999999476,0.0,194.35285714285732,-92.39999999999418,0,0,0,0,1,0,0.0030793025136603095,173.3409999999996,1
150.37000000000262,54.43000000000029,95.94000000000233,0.0,183.16071428571428,-30.69999999999709,0,0,0,0,0,0,0.0029043113424477383,173.58099999999976,1
250.00999999999476,80.22000000000116,109.83999999999651,59.94999999999709,187.95999999999964,-56.93000000000029,0,0,0,0,0,0,0.0029839709197777555,180.64999999999927,1
136.16999999999825,117.82999999999447,18.340000000003783,0.0,173.6257142857139,335.07999999999447,0,0,0,0,0,0,0.0027511949808540423,186.4899999999994,1
170.29000000000087,108.20000000000437,27.7699999999968,34.31999999999971,174.42714285714257,321.2099999999991,0,0,0,0,1,0,0.0027591665585551075,190.44999999999928,1
166.11000000000058,67.27000000000407,72.48999999999796,26.349999999998545,175.7228571428568,164.91999999999825,0,0,0,0,1,0,0.0027768752119380433,194.02399999999906,1
149.61000000000058,53.7699999999968,63.900000000001455,31.94000000000233,173.60071428571402,272.3099999999977,0,0,0,0,0,0,0.0027408870504310725,193.24599999999919,0
180.75,145.57999999999447,24.4800000000032,10.690000000002328,180.93857142857138,196.02000000000407,0,0,0,0,0,1,0.0028635904971309484,199.31099999999932,1
193.99000000000524,89.94000000000233,42.95999999999913,61.09000000000378,185.46000000000018,-14.839999999996508,0,0,0,0,0,1,0.0029394069454068508,184.3300000000003,1
123.68000000000029,58.19000000000233,50.90999999999622,14.580000000001746,184.98214285714286,-186.01000000000204,0,0,0,0,0,0,0.0029347654920941343,177.4300000000003,1
159.8199999999997,33.400000000001455,73.47000000000116,52.94999999999709,185.1557142857143,-216.08000000000175,0,0,0,0,0,0,0.002935963937449555,168.0800000000003,1
123.71999999999389,30.799999999995634,53.29000000000087,39.62999999999738,185.4142857142854,-303.3799999999974,0,0,0,0,0,0,0.002941494559356903,165.41499999999942,1
143.4100000000035,5.360000000000582,24.900000000001455,113.15000000000146,171.10071428571453,-145.95000000000437,0,0,0,0,0,0,0.002714162799051816,154.75500000000028,1
127.27999999999884,6.299999999995634,48.020000000004075,72.95999999999913,166.42928571428587,-46.270000000004075,0,0,0,0,0,0,0.002639719707833907,153.86600000000035,1
194.72999999999593,137.25,11.529999999998836,45.94999999999709,162.24428571428558,153.88999999999942,0,0,0,0,1,0,0.00256775732349842,156.30999999999986,1
93.38999999999942,84.66999999999825,8.720000000001164,0.0,158.17428571428536,36.91000000000349,0,0,0,0,0,0,0.0025066596660162665,149.03799999999973,1
158.9499999999971,127.72000000000116,12.599999999998545,18.62999999999738,151.66999999999982,194.09999999999854,0,0,0,0,0,0,0.0023987737105662103,149.97199999999938,1
121.88000000000466,33.720000000001164,55.31999999999971,32.84000000000378,150.54357142857148,159.22000000000116,0,0,0,0,0,0,0.002382049441599899,144.08499999999987,1
211.6600000000035,97.33999999999651,101.44000000000233,12.880000000004657,153.49857142857167,249.08000000000175,0,0,0,0,0,0,0.0024250463556043924,145.8519999999997,1
163.0699999999997,54.48999999999796,104.2300000000032,4.349999999998545,153.28142857142873,57.51000000000204,0,0,0,0,0,0,0.002423700760679312,149.79099999999963,1
96.62000000000262,26.62000000000262,10.470000000001164,59.529999999998836,149.49642857142888,115.44999999999709,0,1,1,0,0,1,0.0023648110956649665,143.47099999999992,1
57.45999999999913,12.639999999999418,0.3600000000005821,44.45999999999913,140.69000000000025,0.9899999999979627,0,0,0,0,0,0,0.002225082015204072,136.84500000000043,1
189.80999999999767,131.72000000000116,0.0,58.08999999999651,140.3914285714283,-99.66000000000349,0,0,1,0,0,0,0.0022249207057585905,141.48499999999984,1
109.38999999999942,21.30000000000291,59.13999999999942,28.94999999999709,139.37071428571394,-183.16999999999825,0,0,0,0,0,0,0.002208237701392939,139.6959999999999,1
144.3000000000029,91.93000000000029,0.0,52.37000000000262,138.26214285714272,-36.04000000000087,0,0,0,0,1,0,0.002187460927502326,134.65300000000062,1
196.48999999999796,138.48999999999796,57.76000000000204,0.23999999999796273,143.46000000000018,125.94999999999709,0,0,0,0,1,0,0.00226481149777829,144.96300000000048,1
505.5500000000029,411.4800000000032,69.79000000000087,24.279999999998836,169.32714285714297,527.8800000000047,0,0,0,1,1,0,0.0026558200087667687,179.62300000000104,0
188.37999999999738,116.61999999999534,0.0,71.76000000000204,173.6914285714286,546.8800000000047,0,0,0,0,0,0,0.00272900633140961,186.2730000000003,0
222.55999999999767,95.93999999999505,0.0,126.62000000000262,175.67928571428587,438.40000000000146,0,0,0,0,0,1,0.0027643218149792275,187.36299999999974,0
171.84999999999854,135.94000000000233,0.0,35.90999999999622,181.28357142857152,213.66999999999825,0,0,0,0,0,1,0.002858444827702331,188.24099999999962,1
224.3199999999997,136.76000000000204,15.87000000000262,71.68999999999505,185.95285714285743,-70.0,0,0,0,0,0,1,0.0029388965019032983,201.01099999999934,1
305.56000000000495,218.41999999999825,37.69000000000233,49.450000000004366,199.07285714285743,-701.7099999999991,0,0,0,0,0,1,0.003157115375596618,225.8209999999999,1
275.51000000000204,43.81999999999971,91.5,140.19000000000233,203.63357142857163,-546.0,0,0,0,0,0,0,0.003227135983742918,234.39100000000036,1
411.5400000000009,94.69999999999709,259.90000000000146,56.94000000000233,221.38142857142884,-553.7799999999988,0,0,0,0,0,0,0.0035140679045259854,264.6060000000005,1
411.4100000000035,79.2300000000032,207.86000000000058,124.31999999999971,243.8664285714289,-503.8600000000006,0,0,1,0,0,0,0.0038760335894680222,291.3170000000006,1
230.36999999999534,160.98999999999796,6.080000000001746,63.299999999995634,256.2171428571429,-190.4300000000003,0,0,0,0,0,0,0.004061614192713757,294.70500000000027,1
580.8300000000017,197.6800000000003,102.76000000000204,280.3899999999994,284.1471428571432,-169.59000000000378,0,0,1,0,0,0,0.004518469185720304,302.2330000000002,1
700.5800000000017,606.1800000000003,85.24000000000524,9.159999999996217,326.3750000000005,394.79999999999563,1,0,0,0,1,0,0.005140152326475081,353.4530000000006,1
259.2099999999991,45.14999999999418,64.19000000000233,149.87000000000262,334.5828571428574,463.1800000000003,0,0,1,0,0,0,0.005272192990789063,357.11800000000073,1
322.59999999999854,231.25999999999476,55.38000000000466,35.95999999999913,343.59071428571457,778.5299999999988,0,0,0,0,1,0,0.005394310485901639,372.1930000000008,1
325.9300000000003,95.4800000000032,148.4499999999971,82.0,330.7607142857144,706.3500000000058,0,0,0,0,1,0,0.0051852360971308565,382.35400000000084,1
271.48999999999796,96.7699999999968,174.72000000000116,0.0,336.94214285714304,1003.4300000000003,0,0,0,0,0,0,0.005273856290085342,378.9470000000001,1
238.54000000000087,66.44000000000233,108.18000000000029,63.919999999998254,338.0835714285718,330.1399999999994,0,0,0,0,0,0,0.005297011679508043,375.25,1
270.29999999999563,120.33000000000175,81.95999999999913,68.00999999999476,345.1157142857145,479.2699999999968,0,0,0,0,0,0,0.005397402863069299,361.12599999999946,1
165.5199999999968,60.68000000000029,42.00999999999476,62.830000000001746,340.9157142857143,310.1000000000058,0,0,0,0,0,0,0.005326381925160273,336.5369999999988,1
276.6100000000006,62.0,205.4100000000035,9.19999999999709,338.8478571428568,148.40999999999622,0,0,0,0,0,0,0.005299685663275954,341.1609999999993,1
180.31000000000495,39.06999999999971,113.84000000000378,27.400000000001455,332.047857142857,86.52999999999884,0,0,0,0,0,0,0.005190220862756998,301.10899999999964,1
273.0900000000038,116.02999999999884,20.830000000001746,136.2300000000032,322.1585714285715,266.70000000000437,0,0,0,0,0,0,0.005026498944776473,258.35999999999984,1
142.59999999999854,87.26000000000204,0.7399999999979627,54.599999999998545,302.9578571428569,241.29000000000087,0,0,0,1,0,0,0.0047202667079062986,246.69899999999978,0
108.58000000000175,44.20999999999913,0.0,64.37000000000262,294.2635714285716,132.95999999999913,0,0,0,0,0,0,0.004587969758816784,225.2970000000001,0
199.01000000000204,166.48999999999796,0.75,31.770000000004075,266.9907142857145,38.26000000000204,0,0,0,0,0,0,0.004173320337011472,212.6050000000003,1
187.9800000000032,39.87999999999738,127.19000000000233,20.910000000003492,230.37642857142887,-39.729999999995925,0,0,0,0,0,0,0.0036032383127772715,204.25400000000081,1
150.22000000000116,112.90999999999622,0.0,37.31000000000495,222.59142857142902,-45.05000000000291,0,0,0,1,0,0,0.003475439338701616,195.42200000000085,0
465.38000000000466,413.7299999999959,45.12000000000262,6.530000000006112,232.79000000000087,-545.989999999998,0,0,0,0,0,1,0.0036581282056157645,214.93000000000174,1
250.11000000000058,140.65000000000146,97.79000000000087,11.669999999998254,227.3742857142866,-642.9100000000035,0,0,0,0,0,0,0.003580969792100511,223.3890000000021,1
314.33000000000175,63.94000000000233,91.34999999999854,159.04000000000087,230.18928571428685,-420.3099999999977,0,0,0,0,0,0,0.0036218739540885944,227.16100000000225,1
218.6600000000035,200.61000000000058,18.05000000000291,0.0,228.7850000000009,-179.81000000000495,0,0,0,0,1,0,0.0035884392606640478,230.99600000000208,1
134.4499999999971,26.00999999999476,81.12000000000262,27.31999999999971,219.08142857142957,-264.7900000000009,0,0,0,0,0,0,0.003434836499390576,217.13200000000143,1
220.8399999999965,36.30999999999767,87.06999999999971,97.45999999999913,223.03285714285812,104.56999999999971,0,0,0,0,0,0,0.003499051898871559,224.9560000000012,1
115.22000000000116,34.669999999998254,41.86000000000058,38.69000000000233,211.50500000000102,203.06000000000495,0,0,0,0,0,0,0.0033204219332311274,225.62000000000117,1
133.87999999999738,59.4800000000032,5.4799999999959255,68.91999999999825,208.18857142857192,83.25999999999476,0,0,0,0,0,0,0.0032714217830914455,219.1070000000007,1
91.45999999999913,14.150000000001455,12.519999999996799,64.79000000000087,195.21500000000015,-104.21999999999389,0,0,0,0,0,0,0.003066915038370414,209.4550000000003,1
173.83000000000175,84.09999999999854,89.7300000000032,0.0,197.66142857142873,-43.169999999998254,0,0,0,0,0,0,0.0031011050618659983,211.81600000000034,0
388.1599999999962,252.1800000000003,0.0,135.97999999999593,217.67999999999978,-254.84000000000378,0,0,0,0,0,1,0.003428782048353888,204.0939999999995,1
228.25,123.97999999999593,7.80000000000291,96.47000000000116,219.76857142857105,-337.2900000000009,0,0,0,0,0,0,0.0034685181663745997,201.90799999999945,1
162.9300000000003,31.18000000000029,91.76000000000204,39.98999999999796,217.97928571428514,-246.0,0,0,0,0,0,0,0.003438562596530021,186.7679999999993,1
266.57999999999447,36.55999999999767,8.779999999998836,221.23999999999796,226.29071428571322,-230.31000000000495,0,0,0,0,0,0,0.0035680385591929757,191.5599999999984,1
137.4300000000003,9.05000000000291,59.220000000001164,69.15999999999622,202.86571428571293,-325.51000000000204,0,0,0,0,0,0,0.0031990924693300884,191.85799999999873,1
242.04999999999563,146.05999999999767,62.169999999998254,33.81999999999971,202.2899999999983,74.90000000000146,0,0,0,0,0,0,0.0031826119790437264,193.97899999999862,1
115.74000000000524,61.30000000000291,0.0,54.44000000000233,188.1049999999985,143.91999999999825,0,0,0,0,0,0,0.0029620567622698248,194.03099999999904,1
151.9100000000035,102.77999999999884,29.93000000000029,19.200000000004366,183.32142857142753,208.38000000000466,0,0,0,0,1,0,0.002882369797858766,195.83399999999966,1
104.32999999999447,9.940000000002328,65.93999999999505,28.44999999999709,181.16999999999877,188.02000000000407,0,0,0,0,0,0,0.00284815409996159,197.12099999999919,1
224.54000000000087,207.20000000000437,13.459999999999127,3.8799999999973807,181.4342857142848,-11.139999999999418,0,0,0,0,0,1,0.002861632098263264,202.1919999999991,1
146.3399999999965,84.41999999999825,19.150000000001455,42.7699999999968,183.65714285714162,-246.97000000000116,0,0,0,0,0,0,0.0029007337371691807,178.00999999999914,1
219.63000000000466,135.80999999999767,20.460000000006403,63.36000000000058,189.78214285714213,-49.91000000000349,0,0,0,0,0,0,0.0029908169946890216,177.1479999999996,1
276.9100000000035,120.20999999999913,68.34000000000378,88.36000000000058,203.028571428571,-28.840000000003783,0,0,0,0,1,0,0.003193674134228239,188.5459999999999,1
223.09999999999854,97.97000000000116,59.150000000001455,65.97999999999593,206.33214285714243,56.62999999999738,0,0,0,1,0,0,0.0032408402074433854,184.19800000000032,0
140.40000000000146,88.36999999999534,11.540000000000873,40.49000000000524,188.58142857142852,171.70000000000437,0,0,0,0,0,0,0.0029663257190891087,184.49500000000043,0
189.50999999999476,15.37999999999738,20.80999999999767,153.3199999999997,185.8142857142853,276.40000000000146,0,0,0,1,0,0,0.002922047951465107,179.24100000000035,0
206.54999999999563,203.39999999999418,0.0,3.150000000001455,188.92999999999924,-67.50999999999476,0,0,0,0,0,1,0.0029805589246071343,188.32199999999938,0
543.3500000000058,286.82999999999447,31.700000000004366,224.82000000000698,208.69928571428576,-473.43999999999505,0,0,0,0,0,1,0.003307507413220594,227.4659999999996,1
253.0500000000029,109.26000000000204,77.45000000000437,66.33999999999651,216.9578571428574,-676.4100000000035,0,0,0,0,0,0,0.0034443309769140134,242.33800000000048,1
222.36000000000058,146.19000000000233,0.0,76.16999999999825,215.85357142857174,-734.6600000000035,0,0,0,0,0,0,0.003435002605507367,242.12000000000043,1
176.47000000000116,1.2799999999988358,101.94999999999709,73.24000000000524,220.1914285714286,-752.6399999999994,0,0,0,0,0,0,0.0035041243266421144,245.1330000000009,1
458.02999999999884,83.27000000000407,8.69999999999709,366.0599999999977,242.05714285714254,-465.6100000000006,0,0,0,0,0,0,0.0038469501420594814,268.9730000000003,1
175.89999999999418,10.279999999998836,80.66999999999825,84.94999999999709,247.1692857142854,-157.06000000000495,1,0,0,0,0,0,0.003926962227116651,258.8719999999994,1
131.73999999999796,71.69999999999709,40.37000000000262,19.669999999998254,240.54071428571373,25.470000000001164,0,0,0,0,0,0,0.0038171789408909316,249.73599999999934,0
104.48999999999796,10.239999999997963,9.760000000002037,84.48999999999796,237.55142857142815,162.04000000000087,0,0,0,0,0,0,0.0037705702149034032,246.144999999999,0
141.5699999999997,100.37000000000262,0.0,41.19999999999709,232.01571428571333,62.73999999999796,0,0,0,0,0,1,0.0036886130257680395,241.3509999999995,0
256.3899999999994,175.36999999999534,2.180000000000291,78.84000000000378,230.54999999999876,-196.6800000000003,0,0,0,0,0,1,0.003675559165661601,246.33499999999987,1
133.25,21.05000000000291,62.44999999999709,49.75,224.1321428571417,-193.02999999999884,0,0,0,0,0,0,0.0035719083774680715,205.32499999999928,1
105.27999999999884,77.0199999999968,22.720000000001164,5.540000000000873,221.6235714285701,-191.5699999999997,0,0,0,0,0,0,0.003527704199536196,190.54799999999886,0
198.34999999999854,129.30999999999767,33.23999999999796,35.80000000000291,222.25499999999894,-306.3399999999965,0,0,0,0,0,0,0.0035450127537836906,188.14699999999866,1
145.69000000000233,49.64999999999418,19.80000000000291,76.24000000000524,217.90785714285656,-156.40000000000146,0,0,0,0,0,0,0.003472960054476117,185.06899999999877,1
132.79999999999563,2.6900000000023283,83.90999999999622,46.19999999999709,188.58285714285583,21.389999999999418,0,0,0,0,0,0,0.0030054702162518577,152.54599999999846,1
138.8399999999965,17.229999999995925,63.599999999998545,58.01000000000204,180.42499999999822,-27.05999999999767,0,0,0,0,0,0,0.0028766048521471853,148.8399999999987,1
177.83000000000175,154.01000000000204,12.059999999997672,11.760000000002037,176.94214285714148,-255.7699999999968,0,0,0,0,0,1,0.0028279987804805153,153.44899999999907,1
141.86000000000058,29.659999999996217,41.37999999999738,70.82000000000698,174.46999999999858,-101.05000000000291,0,0,0,0,0,0,0.0027873247417846223,157.18599999999932,1
90.4800000000032,22.05999999999767,1.2600000000020373,67.16000000000349,148.21642857142746,-172.54999999999563,0,0,0,0,0,0,0.002368749975171275,152.07699999999969,1
247.88999999999942,2.1600000000034925,87.36999999999534,158.36000000000058,153.35857142857068,-172.95999999999913,0,0,0,0,0,0,0.0024508518040452644,151.2269999999997,1
163.25,71.35000000000582,19.14999999999418,72.75,155.6092857142851,-227.42000000000553,0,0,0,0,0,0,0.002489984024317901,154.2269999999997,1
226.75999999999476,113.87000000000262,87.23999999999796,25.64999999999418,164.3428571428563,41.20999999999913,0,0,0,0,0,0,0.0026249003284000254,166.37499999999926,1
213.8900000000067,77.41999999999825,12.960000000006403,123.51000000000204,169.46857142857127,93.19999999999709,0,0,0,1,0,0,0.0027033969006557677,167.9290000000001,1
164.91999999999825,74.72000000000116,24.209999999999127,65.98999999999796,162.93499999999975,182.90999999999622,0,0,0,1,1,0,0.002596387923796365,169.8519999999997,1
118.79000000000087,20.650000000001455,56.2699999999968,41.87000000000262,161.90214285714268,198.95999999999913,0,0,0,1,0,0,0.002579187378065993,168.4510000000002,1
104.79000000000087,54.049999999995634,19.650000000001455,31.090000000003783,161.86714285714282,332.7900000000009,0,0,0,1,0,0,0.0025763995101641657,165.04600000000065,1
169.95999999999913,50.07999999999447,71.0,48.88000000000466,159.83928571428572,169.0500000000029,0,0,0,0,0,0,0.002546094174911999,164.25900000000038,0
778.1999999999971,753.989999999998,19.75,4.459999999999127,205.01857142857105,-662.1999999999971,0,0,0,0,0,1,0.0033054145916896352,227.89300000000003,1
314.1100000000006,34.2300000000032,80.31999999999971,199.55999999999767,217.9692857142857,-762.4700000000012,0,0,0,0,0,0,0.003516086194872916,250.25599999999977,1
346.47000000000116,29.160000000003492,292.73999999999796,24.56999999999971,232.80000000000032,-808.760000000002,0,0,0,0,0,0,0.0037570335444351574,260.1139999999999,1
243.9800000000032,151.4300000000003,92.55000000000291,0.0,237.5250000000004,-1009.6800000000003,0,0,0,0,0,1,0.0038423772024614574,268.18700000000024,1
215.72000000000116,59.229999999995925,2.400000000001455,154.09000000000378,242.80071428571475,-894.0900000000038,0,0,0,0,0,0,0.003923472383808109,267.0830000000009,1
241.45999999999913,210.5699999999997,26.459999999999127,4.430000000000291,253.58500000000018,61.400000000001455,1,0,0,0,1,0,0.004084384246680479,269.84000000000015,1
100.56999999999971,74.40999999999622,0.0,26.160000000003492,243.25428571428606,17.35000000000582,0,0,0,0,0,0,0.003922863362654483,263.4050000000003,1
200.4800000000032,70.26000000000204,31.05999999999767,99.16000000000349,245.913571428572,-23.779999999998836,0,0,0,0,0,0,0.0039701900456663225,271.5740000000005,1
145.86000000000058,115.25,0.0,30.610000000000582,240.13500000000099,241.36000000000058,0,0,0,0,0,0,0.0038694903652292446,275.6810000000005,1
123.79000000000087,33.75,27.779999999998836,62.26000000000204,233.6992857142863,205.9800000000032,0,0,0,0,0,0,0.003763872347392569,271.06400000000065,1
107.29000000000087,32.599999999998545,19.720000000001164,54.970000000001164,229.5828571428579,36.08999999999651,0,0,0,0,0,0,0.003695643855353963,203.97300000000104,1
129.26000000000204,60.04000000000087,13.690000000002328,55.529999999998836,230.33071428571515,53.21999999999389,0,0,0,0,0,0,0.003711264938922387,185.4880000000012,1
127.88999999999942,7.069999999999709,48.099999999998545,72.72000000000116,231.98071428571504,126.84999999999854,0,0,0,0,0,0,0.003737594453169688,163.63000000000102,1
317.08000000000175,206.05999999999767,69.02000000000407,42.0,242.48928571428664,213.45999999999913,0,0,0,1,1,0,0.0038940327568350386,170.94000000000088,1
136.30999999999767,21.68000000000029,39.81999999999971,74.80999999999767,196.64000000000098,157.4499999999971,0,0,0,0,0,0,0.0031589988171425967,162.99900000000054,1
223.63999999999942,10.540000000000873,107.91999999999825,105.18000000000029,190.17785714285804,139.35000000000582,0,0,0,1,0,0,0.003054481578590474,161.21700000000055,0
159.04000000000087,40.36000000000058,60.65999999999622,58.020000000004075,176.79000000000087,154.52000000000407,0,0,0,0,0,0,0.002841501316920713,167.06400000000068,0
218.84999999999854,169.25,28.5199999999968,21.080000000001746,174.99500000000054,-16.19999999999709,0,0,0,0,0,1,0.002820196081749354,168.9010000000002,1
204.3000000000029,150.02000000000407,46.43000000000029,7.849999999998545,174.17928571428638,-371.4599999999991,0,0,0,0,0,1,0.0028138563805284863,174.74500000000043,1
160.47000000000116,39.88999999999942,39.69000000000233,80.88999999999942,168.39428571428653,-388.47000000000116,0,0,0,0,0,1,0.002722223338430183,178.41300000000047,1
196.27999999999884,85.9600000000064,30.2699999999968,80.04999999999563,175.038571428572,-494.6400000000067,0,0,0,0,0,0,0.0028338401782784313,187.31200000000027,1
264.41999999999825,128.95999999999913,135.45999999999913,0.0,179.6578571428576,-320.15000000000146,0,0,0,0,0,0,0.002902531192854344,200.8279999999999,1
338.76000000000204,14.310000000004948,9.809999999997672,314.6399999999994,193.43642857142913,-169.5500000000029,0,0,0,0,0,0,0.003125937137048778,221.91500000000013,1
237.72999999999593,101.87999999999738,104.63999999999942,31.209999999999127,201.57500000000022,80.5,0,0,0,0,0,0,0.0032522031730338303,213.97999999999956,1
356.76000000000204,49.09000000000378,136.0699999999997,171.59999999999854,219.394285714286,76.41999999999825,0,0,0,0,0,0,0.003542301505086032,236.025,1
195.86000000000058,84.38000000000466,46.87999999999738,64.59999999999854,224.15142857142877,80.04000000000087,0,0,0,0,0,0,0.003624271266954517,233.24700000000013,1
340.4799999999959,24.44000000000233,129.36999999999534,186.66999999999825,239.3364285714285,-70.20999999999913,0,0,0,0,0,0,0.0038710821541068957,251.39099999999962,1
348.54999999999563,277.4600000000064,38.359999999993306,32.729999999995925,241.58428571428522,-331.58000000000175,0,0,1,0,0,0,0.003925039313292536,264.3609999999993,1
175.39999999999418,15.760000000002037,84.46999999999389,75.16999999999825,244.37642857142782,-418.50999999999476,0,0,0,0,0,0,0.003969563128418622,261.47099999999847,1
215.9499999999971,1.6200000000026193,172.72999999999593,41.599999999998545,243.82714285714195,-375.5399999999936,0,0,0,0,0,0,0.003960806076563734,267.0189999999981,1
142.9300000000003,81.97000000000116,32.84000000000378,28.119999999995343,242.6764285714276,-213.84999999999854,0,0,0,0,0,0,0.003937413680351998,261.6839999999982,1
211.87999999999738,141.09999999999854,55.599999999998545,15.180000000000291,242.1785714285704,-50.54000000000087,0,0,0,0,1,0,0.003920256218835219,256.42999999999813,1
212.25,75.12999999999738,81.5,55.62000000000262,242.74642857142732,301.75,0,0,0,0,0,0,0.003924679777334036,243.7789999999979,1
312.4600000000064,136.75,48.30000000000291,127.41000000000349,253.60285714285627,424.1299999999974,0,0,0,0,1,0,0.004091247621954527,251.25199999999896,1
149.61000000000058,60.94999999999709,46.720000000001164,41.94000000000233,250.26928571428496,486.8599999999933,0,0,0,0,0,0,0.004033554097425187,230.5369999999988,1
129.59999999999854,54.36000000000058,40.18000000000029,35.05999999999767,240.5871428571419,361.5599999999977,0,0,0,0,0,0,0.0038807494998330822,223.9109999999986,1
278.9599999999991,254.20000000000437,16.159999999996217,8.599999999998545,236.3157142857131,466.1600000000035,0,0,0,0,1,0,0.003796701736866914,217.75899999999893,1
159.59999999999854,36.529999999998836,106.95999999999913,16.110000000000582,230.73499999999902,354.6000000000058,0,0,0,0,0,0,0.003709215866605499,198.8639999999992,1
224.45000000000437,140.7199999999939,18.67000000000553,65.06000000000495,221.2842857142849,73.9800000000032,0,1,0,0,0,0,0.0035656128329006635,203.76900000000023,1
223.58000000000175,180.62000000000262,14.459999999999127,28.5,223.264285714285,192.6600000000035,0,0,0,0,0,0,0.003587179937407675,204.5320000000007,0
174.08000000000175,108.12999999999738,59.38999999999942,6.560000000004948,211.37857142857112,137.38000000000466,0,0,0,0,0,0,0.0034020667385868102,207.64700000000084,1
150.79000000000087,92.55999999999767,0.0,58.2300000000032,197.4142857142859,-204.79000000000087,0,0,0,0,0,0,0.003182172575304935,201.5380000000012,1
207.45999999999913,80.62000000000262,101.15999999999622,25.68000000000029,199.70428571428627,-85.04000000000087,0,0,0,0,0,0,0.0032147716911426695,201.0590000000011,1
183.22999999999593,90.31999999999971,91.5199999999968,1.389999999999418,197.36714285714334,-28.69000000000233,0,0,0,0,0,0,0.003181700385416477,188.13600000000005,1
186.25,141.31000000000495,14.689999999995052,30.25,200.46142857142902,-66.19999999999709,0,0,0,0,0,0,0.0032242365866284885,191.8,1
95.69000000000233,50.93000000000029,3.139999999999418,41.62000000000262,192.16214285714366,102.86000000000058,0,0,0,0,0,0,0.003087673175256979,188.4090000000004,1
182.05999999999767,18.35000000000582,8.989999999997963,154.7199999999939,190.00571428571493,179.29999999999563,0,0,0,0,0,0,0.0030539254666211955,178.71900000000022,1
130.12999999999738,27.029999999998836,34.06999999999971,69.02999999999884,176.98214285714286,78.93000000000029,0,0,0,0,0,0,0.0028453830506282155,175.7720000000001,1
128.2899999999936,21.94000000000233,1.929999999993015,104.41999999999825,175.45928571428522,184.19000000000233,0,0,0,0,0,0,0.002820156141335068,166.15599999999904,1
169.7699999999968,69.97999999999593,11.150000000001455,88.63999999999942,178.3285714285708,-29.5,0,0,0,0,0,0,0.0028696116334786543,160.77499999999856,1
168.34999999999854,83.05999999999767,51.229999999995925,34.06000000000495,170.42785714285648,-177.27999999999884,0,0,0,0,0,0,0.002746268201814762,160.20199999999824,1
198.02999999999884,113.38000000000466,36.2699999999968,48.37999999999738,173.1728571428565,-272.2099999999991,0,0,0,0,0,0,0.0027956054514917342,164.92599999999803,1
133.79999999999563,105.69000000000233,1.9799999999959255,26.12999999999738,166.69785714285587,-147.95999999999913,0,0,0,0,0,0,0.0026864306457323696,157.55999999999767,1
115.40000000000146,10.650000000001455,53.37999999999738,51.37000000000262,158.970714285713,-173.59000000000378,0,0,0,0,0,0,0.002562284481215285,150.77699999999822,1
191.23999999999796,91.61000000000058,65.31999999999971,34.30999999999767,160.19642857142702,-5.620000000002619,0,0,0,0,1,0,0.0025780675998464554,151.27599999999802,1
189.87000000000262,22.68000000000029,144.88999999999942,22.30000000000291,162.826428571427,104.18000000000029,0,0,0,0,0,0,0.002619381768127539,160.69399999999806,1
135.20999999999913,92.02999999999884,0.0,43.18000000000029,157.6657142857127,310.5,0,0,0,0,0,0,0.0025325722230894673,156.0089999999982,0
99.06000000000495,28.639999999999418,6.780000000006112,63.63999999999942,151.6535714285705,227.7899999999936,0,0,0,0,0,0,0.002435044473294871,152.90199999999896,1
84.58999999999651,6.009999999994761,8.569999999999709,70.01000000000204,144.39214285714166,232.66999999999825,0,0,0,0,0,0,0.0023186123868353084,148.53199999999924,1
73.91000000000349,4.269999999996799,28.410000000003492,41.2300000000032,142.83642857142746,137.8199999999997,0,0,0,0,0,0,0.002293603130763496,138.9459999999999,1
121.58000000000175,64.09999999999854,1.569999999999709,55.91000000000349,138.51642857142775,49.669999999998254,0,0,0,0,0,1,0.002226528757817086,134.26900000000023,1
103.19000000000233,6.540000000000873,9.180000000000291,87.47000000000116,136.5921428571424,-51.70999999999913,0,0,0,0,0,0,0.002195893007513447,124.78500000000058,1
112.40000000000146,34.36000000000058,42.79000000000087,35.25,135.45714285714297,-40.21999999999389,0,0,0,0,0,0,0.002176390006151138,122.64500000000116,1
168.85000000000582,46.529999999998836,27.900000000001455,94.42000000000553,135.39142857142932,-83.79999999999563,0,0,0,0,0,0,0.0021770106717488662,127.9900000000016,1
150.1800000000003,40.30999999999767,28.150000000001455,81.72000000000116,134.0935714285723,-130.52999999999884,0,0,0,0,0,0,0.0021577368620524116,123.88400000000183,1
203.2699999999968,10.559999999997672,85.15999999999622,107.55000000000291,134.46785714285787,-57.61000000000058,0,0,0,0,0,0,0.0021634549857251504,125.22400000000125,1
195.98999999999796,75.97000000000116,44.05000000000291,75.96999999999389,138.9100000000009,-126.87000000000262,0,0,0,0,0,0,0.0022377195654593933,131.30200000000113,1
542.0400000000009,279.2899999999936,235.31000000000495,27.44000000000233,169.38428571428656,121.14999999999418,0,0,0,1,1,0,0.0027162102835942767,175.60000000000073,1
194.52000000000407,14.959999999999127,139.90000000000146,39.66000000000349,169.61857142857272,153.86000000000058,0,0,0,0,0,0,0.0027206312493254937,186.5930000000015,0
369.4300000000003,278.1900000000023,23.979999999995925,67.26000000000204,182.44428571428685,-80.40000000000146,0,0,0,0,0,1,0.0029395646490737357,216.14500000000118,0
295.47000000000116,216.10000000000582,2.0,77.36999999999534,193.89142857142983,-302.95000000000437,0,0,0,0,0,0,0.003134801089313604,233.5340000000011,1
295.4599999999991,164.02999999999884,16.639999999999418,114.79000000000087,207.92000000000084,-54.61999999999534,0,0,0,0,0,0,0.003352360461945998,252.7610000000008,1
183.5199999999968,70.09000000000378,50.32999999999447,63.099999999998545,214.98642857142946,-407.1999999999971,0,0,0,0,0,0,0.0034701357178506245,259.87300000000033,1
245.0,193.4600000000064,35.48999999999796,16.049999999995634,227.20714285714348,-590.6000000000058,0,0,0,0,0,1,0.0036791878651688615,267.4879999999997,1
166.81000000000495,22.05999999999767,51.80000000000291,92.95000000000437,230.437857142858,-338.6999999999971,0,0,1,0,0,0,0.003733215757590443,269.1510000000002,1
146.25,62.7300000000032,14.849999999998545,68.66999999999825,233.5135714285721,-58.36999999999534,0,0,0,0,0,0,0.0037789709081232975,263.4490000000005,1
216.27000000000407,59.80999999999767,35.05000000000291,121.41000000000349,240.932857142858,-164.29000000000087,0,0,0,0,1,0,0.00389495463041708,265.4770000000011,1
198.05999999999767,61.080000000001746,95.12999999999738,41.849999999998545,243.019285714286,-33.48999999999796,0,0,0,0,0,0,0.003924740841734966,231.0790000000008,1
100.11000000000058,1.8999999999941792,37.24000000000524,60.970000000001164,239.44285714285746,157.92000000000553,0,0,1,0,0,0,0.0038674321510357252,221.63800000000046,1
140.95999999999913,55.45999999999913,68.55999999999767,16.94000000000233,234.99214285714334,245.34999999999854,0,0,0,0,0,0,0.0037919254598249544,198.79100000000034,1
116.30000000000291,62.95999999999913,32.06000000000495,21.279999999998836,229.30000000000084,241.8399999999965,0,0,0,0,0,0,0.0036963159674724333,180.87400000000054,1
224.59000000000378,213.86000000000058,0.0,10.730000000003201,206.62500000000105,392.1800000000003,0,0,0,0,1,0,0.003319284573491427,173.787000000001,1
184.70999999999913,135.97999999999593,13.510000000002037,35.220000000001164,205.9242857142864,470.29999999999563,0,0,0,0,1,0,0.0033005907459126376,173.90600000000123,1
271.570000000007,60.73999999999796,122.31000000000495,88.52000000000407,198.9342857142869,537.7299999999959,0,0,0,0,0,0,0.003185479116038371,176.56300000000192,1
275.1299999999974,202.87000000000262,33.359999999993306,38.900000000001455,197.48142857142946,279.8199999999997,0,0,1,0,0,0,0.003172313947115677,187.39500000000118,1
183.36999999999534,67.95999999999913,33.849999999998545,81.55999999999767,189.47500000000062,288.40000000000146,0,0,0,0,0,0,0.00304020304496854,191.1070000000007,1
240.41999999999825,212.27000000000407,3.0799999999944703,25.06999999999971,193.53928571428645,285.5500000000029,0,0,0,0,1,0,0.003094875138969848,193.5220000000001,1
300.8799999999974,60.349999999998545,189.59999999999854,50.93000000000029,197.53071428571482,84.67000000000553,0,0,0,0,0,0,0.0031617662527245356,203.8040000000001,1
370.02999999999884,295.26000000000204,45.36999999999534,29.400000000001455,212.04642857142866,311.6200000000026,0,0,0,0,0,0,0.0033785814653591764,230.7959999999999,1
115.09999999999854,31.55000000000291,5.809999999997672,77.73999999999796,209.82142857142858,542.8199999999997,0,0,0,0,0,0,0.0033414056385227685,228.20999999999987,1
181.0199999999968,103.90000000000146,34.88999999999942,42.229999999995925,207.3035714285709,574.1100000000006,0,0,0,0,0,0,0.0032959083493884216,234.68199999999925,1
357.6399999999994,12.900000000001455,233.00999999999476,111.7300000000032,218.70214285714246,349.59999999999854,0,0,0,0,0,0,0.0034778104170953054,247.9869999999988,1
250.8000000000029,31.99000000000524,152.0,66.80999999999767,229.46571428571406,380.61999999999534,0,0,0,0,0,0,0.0036506909712116166,254.59599999999918,1
255.9300000000003,123.06999999999971,17.599999999998545,115.26000000000204,237.677857142857,214.61000000000058,0,0,0,0,0,0,0.003774067393670107,253.0319999999985,1
323.75,27.419999999998254,258.09999999999854,38.2300000000032,252.49571428571394,154.88999999999942,0,0,0,0,0,0,0.0040110996443279935,257.89399999999875,1
119.18000000000029,46.79000000000087,26.919999999998254,45.470000000001164,244.96642857142797,3.319999999999709,0,1,0,0,0,0,0.003894502523131793,251.47499999999928,1
130.6400000000067,90.20999999999913,11.280000000006112,29.150000000001455,241.10428571428565,101.61999999999534,0,0,0,0,0,0,0.0038278645121081357,240.49700000000013,1
138.5199999999968,2.0599999999976717,63.05000000000291,73.40999999999622,231.6007142857135,129.40000000000146,0,0,0,0,0,0,0.0036770878171234517,224.26100000000005,0
196.55999999999767,146.00999999999476,1.360000000000582,49.19000000000233,226.0757142857136,-140.34999999999854,0,0,0,0,0,1,0.003597856113992096,206.91399999999993,1
131.9300000000003,34.17000000000553,49.2699999999968,48.48999999999796,222.40142857142823,-148.12000000000262,0,0,0,0,0,0,0.003541360299909066,208.59700000000012,1
110.06000000000495,65.18000000000029,15.529999999998836,29.35000000000582,213.09000000000015,-35.83999999999651,0,0,0,0,0,0,0.0033896590345651708,201.50100000000094,1
233.11000000000058,122.11999999999534,88.7300000000032,22.260000000002037,208.2492857142861,-242.72999999999593,0,0,0,0,0,0,0.003319036363922008,189.04800000000105,1
188.07999999999447,152.5899999999965,13.059999999997672,22.43000000000029,195.2528571428572,-84.36000000000058,0,0,0,0,0,0,0.0031041562675830545,182.7760000000002,1
151.93999999999505,54.49000000000524,53.00999999999476,44.43999999999505,197.88428571428554,111.09999999999854,0,0,0,0,0,0,0.003143648598189717,172.37699999999967,0
148.91999999999825,121.24000000000524,15.07999999999447,12.599999999998545,195.59142857142848,24.889999999999418,0,0,0,0,0,0,0.003113223288239944,154.8939999999995,1
100.09000000000378,16.739999999997963,51.020000000004075,32.330000000001746,177.19500000000022,-23.60000000000582,0,0,0,0,0,0,0.0028197296897748375,152.98499999999984,1
231.68999999999505,113.12000000000262,8.239999999997963,110.32999999999447,175.82999999999967,-16.880000000004657,0,0,0,0,0,1,0.0028030982501639594,163.0899999999987,1
89.38999999999942,18.12999999999738,31.959999999999127,39.30000000000291,163.93428571428532,-157.58000000000175,0,0,0,0,0,0,0.0026127950408761174,158.17699999999894,1
138.65000000000146,92.30999999999767,0.0,46.34000000000378,150.90857142857098,-299.5,0,0,0,0,0,1,0.002408839562815998,152.38599999999934,1
128.19000000000233,54.400000000001455,24.919999999998254,48.87000000000262,151.55214285714257,-230.9499999999971,0,0,0,0,0,0,0.0024211514238604184,152.01199999999955,1
207.81000000000495,125.27999999999884,37.35000000000582,45.18000000000029,157.0642857142853,-120.36000000000058,0,0,0,0,0,0,0.0025041829957490208,161.78699999999952,1
232.4800000000032,0.37999999999738066,104.19000000000233,127.91000000000349,163.77571428571432,-6.4099999999962165,0,0,0,0,0,0,0.0026111945385370824,161.7239999999998,1
244.48999999999796,30.909999999996217,42.770000000004075,170.80999999999767,167.11214285714283,7.209999999999127,0,0,0,0,0,0,0.002663137899198915,167.36500000000015,1
398.2100000000064,187.97000000000116,156.31000000000495,53.93000000000029,186.13214285714326,-84.56000000000495,0,0,0,0,0,0,0.0029751025299212027,191.99200000000127,1
219.61000000000058,7.549999999995634,49.70999999999913,162.35000000000582,193.95714285714297,-39.19999999999709,0,0,1,0,0,0,0.0031005426486298243,199.0610000000015,1
308.2099999999991,249.76000000000204,58.44999999999709,0.0,199.45499999999967,86.7300000000032,0,0,0,0,1,0,0.0031756557735939128,219.87300000000104,1
191.97999999999593,149.0899999999965,2.540000000000873,40.349999999998545,199.7335714285712,-55.11000000000058,0,0,0,0,0,0,0.0031872971799246984,215.90200000000112,1
463.6900000000023,254.35000000000582,0.0,209.3399999999965,222.00142857142887,168.82000000000698,0,0,0,0,0,0,0.003528373720578263,253.33200000000141,1
436.1800000000003,51.41000000000349,221.04999999999563,163.72000000000116,242.52000000000044,405.38000000000466,0,0,0,0,0,0,0.003851440359607526,283.0850000000013,1
291.3000000000029,112.52000000000407,114.93000000000029,63.849999999998545,256.17785714285753,305.32999999999447,0,0,0,0,0,0,0.004075293776492615,299.3960000000014,1
260.8399999999965,39.330000000001746,0.0,221.50999999999476,258.2600000000005,14.62999999999738,0,0,0,0,0,0,0.004110971722862637,304.6990000000005,1
267.8899999999994,33.470000000001164,92.90000000000146,141.5199999999968,271.0100000000005,189.73999999999796,0,0,0,0,0,0,0.004311653252775751,308.2400000000001,1
240.25999999999476,92.27999999999884,46.69999999999709,101.27999999999884,278.072142857143,28.2699999999968,0,0,0,0,0,0,0.004417547265137898,307.81699999999984,1
287.1299999999974,93.56999999999971,105.84999999999854,87.70999999999913,289.4249999999998,74.61000000000058,0,0,0,0,0,0,0.004590895204340635,296.7089999999989,1
322.02999999999884,102.27999999999884,173.63000000000466,46.11999999999534,297.5835714285708,71.29000000000087,0,0,0,0,0,0,0.0047286158775629375,306.95099999999877,1
212.23999999999796,13.930000000000291,100.50999999999476,97.80000000000291,296.13785714285615,101.74000000000524,0,0,0,0,0,0,0.00470628804526575,297.3539999999986,1
247.09000000000378,116.16000000000349,75.56999999999971,55.36000000000058,296.3235714285708,-47.04000000000087,0,0,0,0,0,0,0.004717912174343013,302.86499999999944,1
173.69000000000233,8.890000000006694,137.13999999999942,27.659999999996217,280.2864285714277,-148.9100000000035,0,0,0,0,0,0,0.004463282644114682,273.86499999999944,1
338.1399999999994,146.4300000000003,34.41000000000349,157.29999999999563,288.75285714285616,-391.5900000000038,0,0,1,0,0,1,0.004608861298395656,264.06099999999935,1
124.0399999999936,18.75,66.44999999999709,38.83999999999651,275.4642857142847,-256.59999999999854,0,0,0,0,0,0,0.004395059818285543,247.3349999999984,1
143.52000000000407,36.39999999999418,11.42000000000553,95.70000000000437,272.00285714285667,-283.6800000000003,0,0,1,0,0,0,0.004342305748798921,235.60299999999916,1
138.72000000000116,5.630000000004657,94.80999999999767,38.279999999998836,248.79071428571373,-160.36999999999534,0,0,0,0,0,0,0.003971258290761447,222.68599999999932,1
155.42000000000553,133.04000000000087,15.940000000002328,6.440000000002328,228.7364285714284,-14.049999999995634,0,0,0,0,0,0,0.003643215262870645,214.2020000000004,1
298.9800000000032,193.16999999999825,20.010000000002037,85.80000000000291,229.28499999999985,322.2900000000009,0,0,0,0,1,0,0.0036409493701841183,215.387000000001,1
161.69000000000233,119.4800000000032,26.239999999997963,15.970000000001164,222.20285714285743,413.9100000000035,0,0,0,0,1,0,0.003522009217700126,199.35300000000134,1
444.47000000000116,243.25,122.24000000000524,78.97999999999593,234.81571428571468,691.7299999999959,0,0,0,0,1,0,0.0037076992815899892,222.57600000000167,0
188.5,6.17000000000553,34.44999999999709,147.87999999999738,231.1185714285722,685.1599999999962,0,0,0,0,0,0,0.003649260384336382,216.7170000000013,0
171.92999999999302,71.06000000000495,38.21999999999389,62.64999999999418,222.89000000000047,478.0899999999965,0,0,0,0,0,0,0.003523266855099039,216.54100000000034,1
176.29999999999563,91.79000000000087,44.5199999999968,39.98999999999796,212.48071428571453,190.72000000000116,0,0,0,0,0,0,0.003363916579419298,200.35699999999997,1
98.00999999999476,6.990000000005239,55.07999999999447,35.93999999999505,204.32142857142858,71.93999999999505,0,0,0,0,0,0,0.003234892334685976,197.75400000000008,1
133.45000000000437,45.299999999995634,25.17000000000553,62.9800000000032,196.20428571428576,-126.40000000000146,0,0,0,0,0,0,0.0031042270629888934,196.74700000000013,1
163.87999999999738,96.67000000000553,27.549999999995634,39.65999999999622,195.50357142857112,-31.32999999999447,0,0,0,0,0,0,0.003088443042861295,199.26299999999975,0
155.36000000000058,105.19999999999709,27.790000000000873,22.37000000000262,182.44785714285692,-66.11999999999534,0,0,0,0,0,0,0.0028870072253225536,199.25699999999924,1
115.95999999999913,50.25999999999476,34.12000000000262,31.580000000001746,181.87071428571446,-16.349999999998545,0,0,0,0,0,0,0.0028800558033080913,180.95499999999885,1
138.75,80.20999999999913,43.88999999999942,14.650000000001455,181.5299999999999,67.2300000000032,0,0,0,0,0,0,0.002870994102861392,178.6609999999986,1
82.44000000000233,29.139999999999418,16.10000000000582,37.19999999999709,177.50999999999996,52.18000000000029,0,0,0,0,0,0,0.0028061405963226605,142.45799999999872,1
87.05000000000291,1.4099999999962165,13.840000000003783,71.80000000000291,172.62642857142833,-42.63000000000466,0,0,0,0,0,0,0.0027288820042202407,132.31299999999902,1
119.2699999999968,3.4499999999970896,85.04000000000087,30.779999999998836,159.7899999999993,66.89999999999418,0,0,0,0,0,0,0.002525801379603799,127.04699999999939,1
112.54000000000087,55.75,37.53000000000611,19.25999999999476,156.27928571428492,58.18999999999505,0,0,0,0,0,1,0.002472518431868816,120.6709999999999,1
83.04000000000087,22.419999999998254,22.410000000003492,38.20999999999913,130.46285714285634,-45.06999999999971,0,0,0,0,0,0,0.0020648117185367845,119.17400000000052,1
74.15999999999622,41.270000000004075,14.909999999996217,17.979999999995925,122.2957142857132,-32.549999999995634,0,0,0,0,0,0,0.0019342890334892555,113.2449999999997,1
113.79999999999563,23.31999999999971,69.90999999999622,20.56999999999971,118.14357142857054,-57.30999999999767,0,0,0,0,0,0,0.0018693094338029176,108.23699999999954,1
130.1099999999933,92.50999999999476,34.349999999998545,3.25,114.84428571428465,31.150000000001455,0,0,0,0,0,0,0.0018144508207110894,105.71199999999881,1
169.97000000000116,15.87000000000262,68.31999999999971,85.77999999999884,119.98428571428511,103.67000000000553,0,0,0,0,0,0,0.0018951812609358004,111.112999999999,0
190.65999999999622,148.1999999999971,37.45999999999913,5.0,124.0707142857131,-22.18000000000029,0,1,0,0,0,0,0.001964334003027674,116.30399999999864,1
90.54000000000087,28.150000000001455,47.349999999998545,15.040000000000873,118.83214285714192,-91.43000000000029,0,0,0,0,0,0,0.0018822293832383378,117.11399999999848,1
270.3899999999994,48.020000000004075,99.96999999999389,122.40000000000146,127.04857142857041,-24.419999999998254,0,0,0,0,0,0,0.002010984505962908,135.44799999999813,1
148.20000000000437,67.61999999999534,7.8400000000037835,72.74000000000524,129.35142857142793,-51.18000000000029,0,0,0,0,0,0,0.002045306292444229,138.3409999999989,1
111.59999999999854,73.97000000000116,37.62999999999738,0.0,127.41214285714211,-139.36000000000058,0,0,0,0,0,0,0.0020169458412552456,138.24699999999865,1
140.38999999999942,1.139999999999418,42.279999999998836,96.97000000000116,131.5514285714276,8.739999999997963,0,0,0,0,0,0,0.0020824833089932797,143.98199999999852,1
193.63999999999942,120.84999999999854,35.349999999998545,37.44000000000233,139.1649999999988,-85.20999999999913,0,0,0,0,0,0,0.002207268657102266,155.92999999999884,1
259.1200000000026,50.75999999999476,79.17000000000553,129.19000000000233,149.15428571428492,-181.86000000000058,0,0,1,0,0,0,0.0023676997210319494,170.46199999999953,1
127.68000000000029,60.40999999999622,10.569999999999709,56.700000000004366,150.23571428571344,-187.36000000000058,0,0,0,0,0,0,0.0023825873677671243,170.21900000000022,1
173.6999999999971,16.720000000001164,4.9099999999962165,152.0699999999997,156.71142857142746,-98.22000000000116,0,0,0,0,1,0,0.0024846193707764347,170.5919999999998,1
286.7299999999959,260.3400000000038,20.50999999999476,5.879999999997381,171.89499999999887,162.4800000000032,0,0,0,0,1,0,0.0027141484352376324,180.19899999999978,1
139.84999999999854,9.12999999999738,68.95999999999913,61.76000000000204,173.75571428571337,293.29999999999563,0,0,0,0,0,0,0.0027431441300100733,185.12999999999957,1
586.989999999998,364.6100000000006,200.73999999999796,21.639999999999418,206.38999999999942,710.7799999999988,0,0,0,0,1,0,0.0032397150545111515,216.78999999999942,1
209.0,117.20999999999913,25.56999999999971,66.22000000000116,209.17785714285648,767.2200000000012,0,0,0,0,0,0,0.0032774723742325872,222.86999999999898,1
143.01000000000204,60.49000000000524,80.62999999999738,1.889999999999418,205.77428571428547,689.4099999999962,0,0,0,0,0,0,0.003227223442956881,226.01099999999934,1
157.0699999999997,54.13999999999942,57.41000000000349,45.5199999999968,210.52642857142823,484.61999999999534,0,0,0,0,0,0,0.003298879314273818,227.67899999999935,1
217.5500000000029,95.70999999999913,91.88000000000466,29.959999999999127,206.7521428571428,571.9700000000012,0,0,0,0,0,0,0.0032348601953622958,230.0699999999997,1
148.86000000000058,35.549999999995634,27.950000000004366,85.36000000000058,206.79928571428536,170.6800000000003,0,0,0,0,0,0,0.0032374659026077556,219.0439999999995,1
90.5199999999968,80.04000000000087,5.010000000002037,5.469999999993888,205.29357142857094,-26.040000000000873,0,0,0,0,0,0,0.0032179249428588193,215.32799999999915,1
125.96999999999389,91.30000000000291,8.609999999993306,26.05999999999767,204.26357142857054,126.2100000000064,0,0,0,0,0,0,0.0031972019169817434,210.55499999999884,1
143.91999999999825,8.05000000000291,101.04000000000087,34.82999999999447,200.7121428571419,79.55000000000291,0,0,0,0,0,0,0.0031411771652449056,196.27399999999906,1
100.54000000000087,34.580000000001746,48.650000000001455,17.30999999999767,189.3849999999989,17.93000000000029,0,0,0,0,0,0,0.0029623014932652187,192.3429999999993,1
182.90000000000146,91.20000000000437,86.68000000000029,5.019999999996799,193.3292857142847,-36.9800000000032,0,0,0,0,0,0,0.0030283447365580143,151.93399999999966,1
315.1200000000026,208.6800000000003,72.31000000000495,34.12999999999738,203.4307142857137,252.4300000000003,0,0,0,0,0,0,0.0031761577803994094,162.5459999999999,1
168.22000000000116,42.19999999999709,100.26000000000204,25.760000000002037,194.96571428571406,119.56999999999971,0,0,0,0,0,0,0.00304596805835717,165.06699999999984,1
100.16999999999825,71.79000000000087,0.0,28.37999999999738,192.13214285714275,38.88999999999942,0,0,0,0,0,1,0.0030050698019448005,159.37699999999967,1
87.29000000000087,9.680000000000291,43.59000000000378,34.0199999999968,156.43928571428583,-8.470000000001164,0,0,0,0,0,0,0.0024472990686061256,146.3509999999995,1
253.61000000000058,205.2300000000032,38.61999999999534,9.760000000002037,159.62571428571442,286.9100000000035,0,0,0,0,1,0,0.0024892188540383865,156.82599999999948,0
106.25,54.40999999999622,14.710000000006403,37.12999999999738,157.0,20.37000000000262,0,0,0,0,0,0,0.002450457064870622,158.3989999999998,1
137.13000000000466,78.26000000000204,49.580000000001746,9.290000000000873,155.57571428571464,-15.130000000004657,0,0,0,0,0,1,0.002431148978245706,159.51500000000087,1
190.0199999999968,130.3000000000029,16.69999999999709,43.0199999999968,153.60928571428562,-73.62000000000262,0,0,0,0,0,1,0.0024053172730844922,164.12500000000074,1
95.06999999999971,18.539999999993597,41.7300000000032,34.80000000000291,149.76714285714272,-80.32999999999447,0,0,0,0,0,0,0.0023458696174272556,163.5780000000006,1
103.00999999999476,25.959999999999127,40.799999999995634,36.25,150.65928571428543,-309.09999999999854,0,0,1,0,0,0,0.00236077475200521,155.58899999999994,1
129.22000000000116,56.4800000000032,0.43000000000029104,72.30999999999767,150.8914285714288,-196.23999999999796,0,0,0,0,0,0,0.002362350118788479,136.9989999999998,1
152.16999999999825,56.36000000000058,33.87999999999738,61.93000000000029,151.48071428571453,-62.87999999999738,0,0,0,0,0,0,0.0023694855604204945,135.3939999999995,1
67.08000000000175,29.220000000001164,0.0,37.86000000000058,149.09785714285732,38.09000000000378,0,0,1,0,0,0,0.0023332826369329884,132.08499999999987,1
90.31999999999971,35.779999999998836,26.25,28.290000000000873,142.48500000000007,93.33999999999651,0,0,0,0,0,0,0.0022285479677022044,132.38799999999975,1
73.75,46.69999999999709,13.690000000002328,13.360000000000582,125.2442857142856,165.22999999999593,0,0,0,0,1,0,0.0019574631388464304,114.40199999999967,1
380.34999999999854,296.7299999999959,83.62000000000262,0.0,140.39714285714268,406.25999999999476,0,0,0,0,1,0,0.0021841598958480314,141.81199999999953,1
202.64999999999418,126.09000000000378,46.93999999999505,29.619999999995343,147.71642857142797,223.80999999999767,0,0,0,0,0,0,0.0023025430930053493,148.3639999999985,1
164.23999999999796,40.720000000001164,55.720000000001164,67.79999999999563,153.21285714285634,292.52999999999884,0,0,0,0,0,0,0.002386753339816745,145.7859999999986,1
172.07999999999447,28.31999999999971,27.81999999999971,115.93999999999505,147.38928571428445,228.59999999999854,0,0,0,0,0,0,0.0022970409143679826,153.4869999999981,1
223.9300000000003,205.63999999999942,4.059999999997672,14.230000000003201,155.79499999999877,387.2900000000009,0,0,0,0,1,0,0.002420295089734757,165.57899999999864,1
117.01000000000204,54.24000000000524,8.19999999999709,54.56999999999971,154.35785714285572,144.81000000000495,0,0,0,0,0,0,0.0023959492612804618,164.35799999999873,1
114.05000000000291,79.78000000000611,27.489999999997963,6.779999999998836,148.9314285714276,186.91999999999825,0,0,0,0,0,0,0.0023147377200468324,160.5459999999992,1
139.95000000000437,75.80999999999767,24.87000000000262,39.270000000004075,152.1371428571422,70.05000000000291,0,0,0,0,0,0,0.002367412422179498,167.83299999999946,1
170.0300000000061,124.15999999999622,17.380000000004657,28.49000000000524,156.92428571428587,220.38999999999942,0,0,0,0,0,0,0.002437271115465064,175.8040000000001,1
140.94000000000233,43.859999999993306,35.78000000000611,61.30000000000291,157.7614285714288,58.83999999999651,0,0,0,0,0,0,0.0024486055688731413,182.5230000000003,1
99.07999999999447,72.36000000000058,21.419999999998254,5.299999999995634,153.9692857142857,-68.09000000000378,0,0,0,0,0,0,0.0023924464057243347,154.3959999999999,1
96.14999999999418,45.38999999999942,34.98999999999796,15.769999999996799,156.03857142857098,60.69000000000233,0,0,0,0,0,0,0.0024229136599851304,143.74599999999992,1
120.6400000000067,23.739999999997963,32.520000000004075,64.38000000000466,158.20428571428576,114.41999999999825,0,0,0,0,0,0,0.0024574480127020487,139.3860000000008,1
88.29000000000087,33.83999999999651,0.0,54.450000000004366,159.25357142857163,-41.75999999999476,0,0,0,0,0,0,0.0024750537494796928,131.00700000000143,1
107.97000000000116,36.69999999999709,60.529999999998836,10.740000000005239,139.79714285714311,-48.729999999995925,0,0,0,0,0,0,0.002171425305126332,119.41100000000151,1
294.3899999999994,117.44999999999709,74.49000000000524,102.44999999999709,146.35000000000062,141.41999999999825,0,0,0,0,0,0,0.0022690682354633987,137.14900000000125,1
179.54000000000087,49.029999999998836,6.7700000000040745,123.73999999999796,147.44285714285797,45.43000000000029,0,0,0,0,0,0,0.0022878284599919868,143.69800000000106,1
169.65000000000146,119.3599999999933,28.560000000004948,21.7300000000032,147.26928571428704,-50.23999999999796,0,0,0,0,0,0,0.0022893770758399983,146.66800000000075,1
129.86000000000058,78.56000000000495,27.94999999999709,23.349999999998545,140.55000000000135,-103.42000000000553,0,0,0,0,0,1,0.00218788712214779,142.6510000000002,1
113.27999999999884,39.87000000000262,61.73999999999796,11.669999999998254,140.28357142857254,-182.11000000000058,0,0,0,0,0,0,0.0021851619230831456,139.88499999999985,1
128.67000000000553,82.11000000000058,34.78000000000611,11.779999999998836,141.32785714285845,-387.8199999999997,0,0,0,0,0,0,0.002204458166490331,142.84400000000096,1
309.91999999999825,223.5199999999968,68.2699999999968,18.130000000004657,153.4685714285723,-110.38999999999942,0,0,0,0,1,0,0.0023854136886836317,164.22100000000137,1
338.8399999999965,98.02000000000407,229.1099999999933,11.709999999999127,165.52642857142877,106.5,0,0,0,1,0,0,0.002568940655328021,186.04100000000034,0
333.76000000000204,261.98999999999796,42.88000000000466,28.889999999999418,179.29928571428587,-66.66999999999825,0,1,0,0,0,1,0.002793981831321142,210.58800000000048,1
307.09999999999854,89.91999999999825,40.37000000000262,176.80999999999767,194.1578571428576,-114.81999999999971,0,0,0,0,0,0,0.00302976693261983,230.5010000000002,1
542.9300000000003,32.19999999999709,194.75,315.9800000000032,226.07071428571518,-55.109999999993306,0,0,0,0,0,0,0.0035293268585611186,255.3550000000003,1
259.5,182.97999999999593,43.099999999998545,33.42000000000553,235.98928571428613,-463.7699999999968,0,0,0,0,0,0,0.0036946942676139415,263.3510000000002,1
187.1600000000035,55.19999999999709,100.77000000000407,31.19000000000233,243.04071428571478,-506.06000000000495,0,0,0,0,0,0,0.0038018077975580026,265.10200000000043,1
236.87999999999738,158.15000000000146,78.72999999999593,0.0,252.36928571428612,-85.87999999999738,0,0,0,0,0,0,0.003937885645959503,275.8040000000001,1
232.04000000000087,185.40000000000146,25.19000000000233,21.44999999999709,247.91571428571478,-181.62000000000262,0,0,0,0,0,0,0.0038796352448501035,287.6800000000003,1
121.25,86.44999999999709,3.4500000000043656,31.349999999998545,243.7521428571433,-63.13000000000466,0,0,0,0,0,0,0.003809116465538907,286.93799999999976,1
142.4499999999971,15.520000000004075,32.63999999999942,94.2899999999936,241.80928571428583,130.62999999999738,0,0,0,0,0,0,0.003778086497894959,270.19099999999963,1
177.15999999999622,42.65999999999622,116.81999999999971,17.68000000000029,245.18785714285696,30.090000000003783,0,0,0,0,0,0,0.00383359043754592,254.0229999999996,1
220.62999999999738,70.61000000000058,28.909999999996217,121.11000000000058,252.855714285714,-200.36000000000058,0,0,0,0,0,0,0.003957849337240963,242.70999999999913,1
324.5200000000041,201.04999999999563,90.7300000000032,32.74000000000524,266.84499999999963,186.54000000000087,0,0,0,0,0,0,0.004163705260004348,244.45199999999969,0
223.82999999999447,175.72000000000116,29.30999999999767,18.799999999995634,260.6957142857136,-80.56999999999971,0,0,0,0,0,0,0.004079029551869126,212.5419999999991,1
161.4100000000035,9.960000000006403,47.279999999998836,104.16999999999825,248.02214285714268,-80.62999999999738,0,0,0,0,0,0,0.0038800456874818166,202.73299999999944,1
134.34999999999854,86.37999999999738,8.599999999998545,39.37000000000262,233.778571428571,-121.31999999999971,0,0,0,0,0,0,0.0036621492587708684,197.45199999999895,1
120.91000000000349,60.04000000000087,54.529999999998836,6.3400000000037835,220.47928571428565,-111.75,0,0,0,0,0,0,0.0034571211739053876,185.85499999999956,1
184.86000000000058,57.62000000000262,127.23999999999796,0.0,195.28428571428543,-249.98999999999796,0,0,0,0,0,0,0.003059042959660703,181.13699999999955,1
132.63999999999942,33.580000000001746,57.099999999998545,41.95999999999913,186.2228571428568,-39.58999999999651,0,0,0,0,0,0,0.002915580615347737,182.27599999999947,1
88.56999999999971,40.66000000000349,30.80000000000291,17.109999999993306,179.1807142857137,-92.8900000000067,0,0,0,0,0,0,0.0028071731979746966,176.88799999999975,1
150.84999999999854,71.0199999999968,8.990000000005239,70.83999999999651,172.9149999999993,-76.87000000000262,0,0,0,0,0,0,0.0027119850400496633,174.25699999999998,1
128.09000000000378,74.34000000000378,21.099999999998545,32.650000000001455,165.48999999999953,58.11000000000058,0,0,0,0,0,0,0.0025925254619399672,165.0030000000006,1
155.12000000000262,22.710000000006403,44.2699999999968,88.13999999999942,167.90928571428543,-27.410000000003492,0,0,0,0,0,0,0.0026313553663483372,148.06300000000047,1
208.14999999999418,118.72000000000116,73.23999999999796,16.189999999995052,172.60214285714235,58.0199999999968,0,0,0,0,0,0,0.0026998766590448867,146.49500000000043,1
122.16999999999825,45.200000000004366,43.0,33.96999999999389,168.67428571428536,56.54000000000087,0,0,0,0,0,0,0.002640233266818406,142.5709999999999,1
109.18000000000029,104.76000000000204,1.0200000000040745,3.3999999999941792,160.78285714285656,19.80999999999767,0,0,0,0,0,0,0.002520922234472279,140.0540000000001,1
270.72000000000116,94.84999999999854,83.49000000000524,92.37999999999738,156.9399999999992,-148.9800000000032,0,0,0,0,0,0,0.002464334745031473,155.03499999999985,1
200.0500000000029,145.40000000000146,35.0,19.650000000001455,155.24142857142837,18.520000000004075,0,0,0,0,0,0,0.0024321278019608867,156.5540000000001,1
54.349999999998545,43.849999999998545,5.360000000000582,5.139999999999418,147.59428571428518,-142.13999999999942,0,0,0,0,0,0,0.0023138433974412725,148.725,1
158.61000000000058,113.11000000000058,34.68999999999505,10.810000000004948,149.32714285714246,14.030000000006112,0,0,0,0,1,0,0.0023368821432863777,155.7290000000001,1
95.22000000000116,49.84000000000378,23.07999999999447,22.30000000000291,147.49214285714228,171.0300000000061,0,0,0,0,0,0,0.002306351794416053,150.16600000000034,1
125.88999999999942,40.450000000004366,66.82999999999447,18.610000000000582,142.89857142857105,307.8400000000038,0,0,0,0,0,0,0.002233056400764201,149.9459999999999,1
62.75,27.589999999996508,8.10000000000582,27.05999999999767,137.90642857142822,135.3199999999997,0,0,0,0,0,0,0.0021559740690374847,140.70899999999966,1
84.63999999999942,37.169999999998254,6.709999999999127,40.76000000000204,137.6257142857139,219.90000000000146,0,0,0,0,0,0,0.0021501531742535067,128.35800000000017,1
138.62000000000262,79.62000000000262,20.989999999997963,38.01000000000204,136.7521428571428,185.66999999999825,0,0,0,0,1,0,0.0021338904849503046,130.0030000000006,1
47.87999999999738,11.119999999995343,36.20999999999913,0.5500000000029104,131.0228571428566,124.88999999999942,0,0,0,0,0,0,0.0020448262769406714,123.87300000000032,1
101.5199999999968,11.980000000003201,48.07999999999447,41.45999999999913,127.19428571428476,70.7699999999968,0,0,0,0,0,0,0.0019854519418543138,106.95299999999989,1
108.11000000000058,14.239999999997963,0.0,93.87000000000262,120.04857142857092,112.52999999999884,0,0,0,0,0,0,0.0018734955118062198,97.75899999999965,1
111.22000000000116,73.88999999999942,19.55999999999767,17.770000000004075,119.26642857142828,141.88999999999942,0,0,0,0,1,0,0.0018592010694339451,103.44599999999991,1
53.94000000000233,9.539999999993597,9.62000000000262,34.78000000000611,115.25142857142886,73.00999999999476,0,0,0,0,0,0,0.0017963452670189933,92.97900000000008,1
97.04000000000087,42.950000000004366,8.900000000001455,45.18999999999505,102.84571428571455,42.0399999999936,0,0,0,0,0,0,0.0016040234090452686,93.16100000000006,1
107.05999999999767,87.93000000000029,4.940000000002328,14.189999999995052,96.20357142857132,-32.400000000001455,0,1,0,0,0,0,0.001502459153659185,91.27799999999988,1
100.63999999999942,40.029999999998836,17.610000000000582,43.0,99.50999999999996,-7.629999999997381,0,0,0,0,0,0,0.0015531525125219111,95.06699999999982,1
101.63999999999942,32.05999999999767,4.879999999997381,64.70000000000437,95.44071428571417,-47.5,0,0,0,0,0,0,0.001488893122730491,96.76699999999983,1
63.44000000000233,26.150000000001455,2.470000000001164,34.81999999999971,93.17071428571424,-83.19999999999709,0,0,0,0,0,0,0.0014540738771507274,89.2489999999998,1
73.63999999999942,14.919999999998254,30.62000000000262,28.099999999998545,89.4385714285714,-25.2699999999968,0,0,0,0,0,0,0.001395470163915308,91.825,1
196.26000000000204,96.56999999999971,87.18000000000029,12.510000000002037,98.97500000000011,156.74000000000524,0,0,0,0,0,0,0.0015419673743228446,101.29900000000052,0
266.0,175.52999999999884,38.11000000000058,52.36000000000058,111.92928571428585,-60.270000000004075,0,1,0,0,0,1,0.0017486377116725297,117.08800000000046,1
111.81999999999971,37.86000000000058,63.44000000000233,10.519999999996799,110.01499999999994,-132.59000000000378,0,0,0,0,0,0,0.0017198120345416224,117.14800000000032,1
89.70000000000437,11.119999999995343,47.450000000004366,31.130000000004657,113.0021428571433,-109.66999999999825,0,0,0,0,0,0,0.0017665978153249813,120.72400000000053,1
77.70999999999913,26.87000000000262,39.93000000000029,10.909999999996217,111.30142857142917,-100.81999999999971,0,0,0,0,0,0,0.0017393226194429578,118.79100000000035,1
119.26000000000204,106.38999999999942,8.040000000000873,4.830000000001746,112.09785714285785,-91.24000000000524,0,0,0,0,1,0,0.0017488991108192595,120.01100000000079,1
42.529999999998836,16.50999999999476,12.430000000000291,13.590000000003783,107.19142857142911,103.16999999999825,0,0,0,0,0,0,0.0016719247899894408,114.20000000000073,0
82.2699999999968,26.19999999999709,11.599999999998545,44.470000000001164,109.21500000000015,165.87000000000262,0,0,0,0,0,0,0.0017028904778618023,112.26300000000046,0
132.87000000000262,59.479999999995925,19.760000000002037,53.63000000000466,111.77428571428598,110.22000000000116,0,0,0,0,0,0,0.0017443965646878501,119.2060000000005,1
79.84999999999854,42.650000000001455,31.239999999997963,5.959999999999127,109.83071428571462,126.94000000000233,0,0,0,0,0,0,0.0017129415893635583,119.82700000000041,0
40.70999999999913,11.659999999996217,25.779999999998836,3.2700000000040745,105.55000000000031,11.090000000003783,0,0,0,0,0,0,0.001646457589171165,104.27200000000012,1
68.27999999999884,33.919999999998254,2.9199999999982538,31.44000000000233,103.16714285714313,-38.33999999999651,0,0,0,0,0,0,0.001610118617964988,84.5,1
95.7699999999968,20.81999999999971,33.96999999999389,40.9800000000032,105.47642857142844,-38.69999999999709,0,0,0,0,0,0,0.0016455912959100248,82.89499999999971,1
86.62000000000262,17.049999999995634,56.580000000001746,12.990000000005239,106.40357142857154,37.58999999999651,0,0,0,0,0,0,0.0016596053364592064,82.58699999999953,1
62.479999999995925,7.189999999995052,18.650000000001455,36.63999999999942,96.84785714285681,-11.569999999999709,0,0,0,0,0,0,0.0015107309844577177,81.06399999999921,1
82.16999999999825,12.660000000003492,32.12999999999738,37.37999999999738,83.7171428571424,11.900000000001455,0,0,0,0,0,0,0.0013056479757654982,77.35499999999884,1
61.99000000000524,23.970000000001164,5.290000000000873,32.7300000000032,80.15785714285708,70.58000000000175,0,0,0,0,0,0,0.0012496386247006514,79.30099999999948,1
71.34999999999854,9.489999999997963,35.12000000000262,26.739999999997963,78.84714285714237,38.98999999999796,0,0,0,0,0,0,0.0012293864547909667,78.20899999999965,1
58.9800000000032,11.440000000002328,21.720000000001164,25.81999999999971,77.50928571428553,5.819999999999709,0,0,0,0,0,0,0.0012088236001828697,70.81999999999971,1
98.37999999999738,11.290000000000873,31.19000000000233,55.89999999999418,76.01785714285663,23.689999999995052,0,0,0,0,0,0,0.0011853655025658948,72.67299999999959,1
99.56999999999971,47.200000000004366,52.349999999998545,0.01999999999679858,80.12857142857112,58.80999999999767,0,0,0,0,0,0,0.0012485356584366104,78.55899999999966,1
57.95999999999913,9.730000000003201,40.229999999995925,8.0,78.39214285714272,23.849999999998545,0,0,0,0,0,0,0.0012216574013544101,77.52699999999967,1
50.06999999999971,1.0899999999965075,25.520000000004075,23.459999999999127,72.47785714285679,32.849999999998545,0,0,0,0,0,0,0.001129497879757855,72.95699999999997,1
61.79000000000087,7.890000000006694,13.049999999995634,40.849999999998545,71.18785714285696,40.23999999999796,0,0,0,0,0,0,0.0011095391937208223,70.47399999999979,1
64.98999999999796,10.289999999993597,33.62000000000262,21.080000000001746,72.92214285714259,39.20999999999913,0,0,0,0,0,0,0.0011363984467570054,70.725,1
62.450000000004366,46.92000000000553,11.319999999999709,4.209999999999127,72.5057142857144,-50.520000000004075,0,0,0,0,0,1,0.0011306489676462526,68.75300000000061,1
38.13999999999942,17.150000000001455,9.529999999998836,11.459999999999127,68.38928571428603,-61.80000000000291,0,0,0,0,0,0,0.001066801031563009,66.36800000000002,1
109.36999999999534,72.48999999999796,26.290000000000873,10.589999999996508,70.0142857142855,10.029999999998836,0,0,0,0,1,0,0.0010909349604209387,70.1699999999997,1
54.37999999999738,13.529999999998836,31.580000000001746,9.269999999996799,69.43571428571418,34.75,0,0,0,0,0,0,0.0010816443299305157,69.70999999999913,1
80.69000000000233,34.38999999999942,36.099999999998545,10.200000000004366,69.33000000000018,59.88000000000466,0,0,0,0,0,0,0.0010794122317817102,67.94099999999962,0
50.349999999998545,11.540000000000873,4.279999999998836,34.529999999998836,68.49857142857114,90.29000000000087,0,0,0,0,0,0,0.0010666600344759677,63.01899999999951,0
62.150000000001455,31.25,21.770000000004075,9.12999999999738,67.8414285714285,71.15000000000146,0,0,0,0,0,0,0.0010570818171176102,63.43799999999974,1
43.349999999998545,41.87999999999738,0.0,1.4700000000011642,66.72499999999958,41.75,0,0,0,0,0,0,0.001039006701807328,62.76599999999962,0
119.29999999999563,83.04000000000087,29.540000000000873,6.719999999993888,68.21928571428518,-57.63999999999942,0,0,0,0,0,1,0.0010636502938522205,68.5169999999991,0
44.62999999999738,26.30000000000291,0.059999999997671694,18.2699999999968,64.25857142857058,-118.7300000000032,0,0,0,0,0,0,0.0010023069705646591,66.48099999999904,1
54.05999999999767,31.55999999999767,8.69999999999709,13.80000000000291,63.979999999999045,-73.23999999999796,0,0,0,0,0,0,0.0009974343892242016,65.64199999999838,0
64.61000000000058,20.62999999999738,4.540000000000873,39.44000000000233,65.01857142857054,-54.70999999999913,0,0,0,0,0,0,0.0010139614016955226,68.28899999999848,0
52.470000000001164,41.169999999998254,5.540000000000873,5.760000000002037,64.35285714285627,-137.82999999999447,0,0,0,0,0,0,0.0010042242200146852,62.598999999999066,1
54.7899999999936,48.43999999999505,3.459999999999127,2.889999999999418,63.62428571428453,-6.319999999999709,1,0,0,0,0,0,0.0009921044860199337,62.63999999999869,0
51.78000000000611,23.229999999995925,11.240000000005239,17.310000000004948,62.8621428571418,43.31999999999971,0,0,0,0,0,0,0.0009798633390868097,59.74899999999907,0
42.12999999999738,29.81999999999971,0.19999999999708962,12.110000000000582,63.14714285714165,-20.389999999999418,0,0,0,0,0,0,0.0009847633584888205,58.926999999998955,1
45.34000000000378,1.6600000000034925,33.56999999999971,10.110000000000582,58.57357142857082,2.4100000000034925,0,0,0,0,0,0,0.0009134176161202503,57.245999999999185,1
31.87999999999738,10.680000000000291,8.659999999996217,12.540000000000873,56.96642857142797,57.0,0,0,0,0,0,0,0.0008881692334515757,56.098999999999066,1
74.81999999999971,25.05999999999767,8.419999999998254,41.34000000000378,56.54714285714207,33.59000000000378,0,0,0,0,0,0,0.0008812877777855333,51.65099999999948,1
69.2300000000032,38.81999999999971,19.43000000000029,10.980000000003201,57.89571428571383,-28.62999999999738,0,0,0,0,0,0,0.000902852074213912,54.11100000000006,1
50.099999999998545,36.64999999999418,0.0,13.450000000004366,57.036428571428196,-35.48999999999796,0,0,0,0,0,0,0.0008899609052927778,53.715000000000146,1
57.43000000000029,45.44999999999709,8.169999999998254,3.8100000000049477,58.04214285714261,8.409999999996217,1,0,0,0,0,0,0.0009050116343205445,52.997000000000114,1
41.80000000000291,5.1600000000034925,19.9800000000032,16.659999999996217,52.50642857142884,-10.070000000006985,0,0,0,0,0,0,0.000818761478939259,51.93000000000029,1
51.13999999999942,7.930000000000291,24.419999999998254,18.790000000000873,52.97142857142899,-24.400000000001455,0,0,0,0,0,0,0.0008258742941815082,51.56500000000087,1
79.91000000000349,49.56999999999971,24.0,6.3400000000037835,54.817857142857974,66.19000000000233,0,0,0,0,1,0,0.0008539731030463974,54.37800000000061,1
39.34000000000378,0.19999999999708962,28.840000000003783,10.30000000000291,53.0128571428582,103.04999999999563,0,0,0,0,0,0,0.0008258516928012577,54.099000000001254,1
48.2699999999968,20.369999999995343,20.30999999999767,7.5900000000037835,52.71285714285789,78.13999999999942,0,0,0,0,0,0,0.0008209155186960795,54.39200000000055,1
194.30999999999767,116.41999999999825,77.73999999999796,0.1500000000014552,62.694285714286835,199.9800000000032,0,0,0,0,1,0,0.0009745871612054525,70.63500000000059,1
141.20999999999913,37.18000000000029,104.02999999999884,0.0,69.08214285714348,226.4300000000003,0,0,0,0,0,0,0.001073266546631868,77.27400000000053,1
92.58000000000175,68.87000000000262,19.87000000000262,3.8399999999965075,72.68571428571522,105.57999999999447,0,1,0,0,0,0,0.0011304659210405693,79.60900000000038,1
149.9300000000003,103.62999999999738,38.68000000000029,7.620000000002619,80.15642857142926,210.61000000000058,0,0,0,0,0,0,0.0012446196229086246,89.59200000000055,0
77.81999999999971,21.839999999996508,27.19000000000233,28.790000000000873,83.437857142858,168.26000000000204,0,0,0,0,0,0,0.0012960105203040856,91.6310000000005,0
643.5900000000038,327.99000000000524,25.18000000000029,290.41999999999825,124.06428571428685,-273.0500000000029,0,0,0,0,0,1,0.001936809151025725,151.81000000000057,1
190.87999999999738,63.56999999999971,24.709999999999127,102.59999999999854,132.75357142857214,-245.52999999999884,0,0,0,0,0,0,0.002070369319442641,165.7840000000004,1
140.4499999999971,14.989999999997963,38.13999999999942,87.31999999999971,139.2057142857146,-160.5699999999997,0,0,0,0,0,0,0.002170458070805709,171.83799999999974,1
90.9800000000032,37.470000000001164,11.980000000003201,41.529999999998836,141.6021428571434,-229.84999999999854,0,0,0,0,0,0,0.0022065860431983077,177.00199999999967,1
159.95999999999913,72.49000000000524,60.11999999999534,27.349999999998545,150.04214285714312,-285.95000000000437,0,0,0,0,0,0,0.0023409486332176105,188.1709999999999,1
88.00999999999476,35.61000000000058,9.809999999997672,42.58999999999651,152.67571428571424,72.9800000000032,0,0,0,0,0,0,0.0023807593177145167,177.54099999999963,1
71.70000000000437,31.30999999999767,21.7300000000032,18.660000000003492,152.08928571428572,39.55999999999767,0,0,0,0,1,0,0.0023704585720992137,170.59000000000015,1
117.23999999999796,86.13999999999942,14.589999999996508,16.510000000002037,157.653571428571,108.69000000000233,0,0,0,0,1,0,0.0024539335036998225,173.05599999999976,1
116.68999999999505,62.279999999998836,52.90999999999622,1.5,162.54071428571373,135.01000000000204,0,0,0,0,1,0,0.0025275541579158284,169.73199999999923,0
72.94999999999709,36.2699999999968,31.69000000000233,4.989999999997963,153.8564285714279,174.52000000000407,0,0,0,0,0,0,0.002393940550467058,169.24499999999898,1
68.02999999999884,6.0200000000040745,33.11999999999534,28.889999999999418,148.62928571428503,132.38999999999942,0,0,0,0,0,0,0.0023128862558728504,111.68899999999849,1
99.13999999999942,29.660000000003492,61.48999999999796,7.989999999997963,149.0978571428563,130.77000000000407,0,0,0,0,0,0,0.0023191075140763183,102.5149999999987,1
47.5199999999968,7.120000000002619,17.669999999998254,22.729999999995925,141.78285714285605,55.76000000000204,0,0,0,0,0,0,0.0022049864713300153,93.22199999999866,1
62.770000000004075,21.330000000001746,3.9899999999979627,37.450000000004366,140.70785714285634,-28.43000000000029,0,0,0,0,0,0,0.0021890147952157426,90.40099999999875,1
39.06000000000495,9.309999999997672,4.8400000000037835,24.910000000003492,97.52714285714215,0.819999999999709,0,0,0,0,0,0,0.0015174614762633498,78.31099999999932,1
110.08999999999651,76.11000000000058,26.19999999999709,7.779999999998836,91.7564285714278,-67.56999999999971,0,0,0,0,0,1,0.0014293654524910311,80.51899999999951,1
59.779999999998836,28.489999999997963,17.06999999999971,14.220000000001164,85.99428571428507,-68.74000000000524,0,0,0,0,0,0,0.0013390095391194287,79.32699999999895,1
42.59000000000378,15.719999999993888,12.17000000000553,14.700000000004366,82.53785714285654,-64.06000000000495,0,0,0,0,0,0,0.0012848968878948416,71.86199999999954,1
77.34000000000378,44.55000000000291,28.5199999999968,4.2700000000040745,76.6364285714283,2.5800000000017462,0,0,0,0,1,0,0.0011921974101388839,67.9270000000004,1
48.11000000000058,19.709999999999127,21.56999999999971,6.830000000001746,73.78642857142871,30.93000000000029,0,0,0,0,0,0,0.0011475185335223933,65.44300000000075,1
127.97000000000116,64.4600000000064,54.45999999999913,9.049999999995634,77.8057142857142,171.4800000000032,0,0,0,0,1,0,0.0012088145986379958,71.43700000000099,0
47.75,37.24000000000524,10.509999999994761,0.0,72.84214285714292,105.70999999999913,0,0,0,0,0,0,0.0011323548098813381,66.29800000000105,0
83.55000000000291,20.760000000002037,60.599999999998545,2.1900000000023283,70.47500000000062,70.70000000000437,0,0,0,0,0,0,0.001095903831037219,69.90100000000166,1
53.12000000000262,13.180000000000291,34.55000000000291,5.389999999999418,69.05857142857245,39.19999999999709,0,0,0,0,0,0,0.0010736574639793753,68.93600000000151,0
43.36000000000058,9.709999999999127,17.270000000004075,16.37999999999738,67.29642857142971,8.959999999999127,0,0,0,0,0,0,0.0010464409412346313,69.36600000000108,1
51.830000000001746,7.959999999999127,29.810000000004948,14.059999999997672,63.917142857144164,-62.06000000000495,0,0,0,0,0,0,0.0009939956813551567,63.5400000000016,1
102.29000000000087,7.469999999993888,69.77000000000407,25.05000000000291,67.82928571428731,-14.389999999999418,0,0,0,1,0,0,0.001054664240135214,67.7910000000018,0
170.22000000000116,106.04000000000087,5.419999999998254,58.76000000000204,75.50428571428711,-100.58000000000175,0,0,0,0,0,1,0.0011759497157289237,80.55400000000154,0
133.3199999999997,34.30999999999767,57.87000000000262,41.13999999999942,82.23714285714388,-148.11000000000058,0,0,0,0,0,0,0.0012814963182525897,86.15200000000114,0
98.76000000000204,16.0,13.510000000002037,69.25,81.42785714285856,-152.22000000000116,0,0,0,0,0,0,0.0012691849000408145,91.21700000000128,0
164.59000000000378,64.73999999999796,48.92000000000553,50.93000000000029,88.91428571428749,-209.73999999999796,0,0,0,0,0,0,0.001387259015567686,94.87900000000154,0
376.23999999999796,204.08000000000175,51.18000000000029,120.97999999999593,112.74642857142992,-424.7099999999991,0,0,0,0,0,1,0.001764725848729794,127.72800000000134,1
155.59999999999854,28.43000000000029,11.119999999995343,116.05000000000291,118.33642857142955,-291.4099999999962,0,0,0,0,0,0,0.0018514465558429583,134.9330000000009,1
214.63000000000466,142.0199999999968,65.28000000000611,7.330000000001746,130.23071428571555,-399.8199999999997,0,0,0,0,0,0,0.0020421002184738187,151.0840000000011,1
140.5899999999965,24.80999999999767,102.31999999999971,13.459999999999127,131.1321428571438,-409.4599999999991,0,0,0,0,0,0,0.0020570348069315248,160.8070000000007,1
152.1400000000067,45.74000000000524,80.83000000000175,25.56999999999971,138.58857142857283,-307.91999999999825,0,0,0,0,0,0,0.0021727257387731337,170.8380000000012,1
177.4499999999971,37.05999999999767,35.44000000000233,104.94999999999709,145.2957142857153,-139.98999999999796,0,0,0,0,0,0,0.0022791867139686155,178.3540000000008,1
109.76000000000204,43.470000000001164,40.31999999999971,25.970000000001164,149.34142857142953,-127.76000000000204,0,0,0,0,0,0,0.0023412187667477616,172.3080000000009,1
181.63999999999942,89.99000000000524,65.96999999999389,25.68000000000029,159.2185714285723,104.19000000000233,0,0,0,0,1,0,0.0024925759243461867,177.14000000000087,1
108.89999999999418,31.880000000004657,51.82999999999447,25.189999999995052,163.29500000000033,160.7300000000032,0,0,0,0,0,0,0.002555122630082496,178.15400000000008,1
255.92000000000553,204.52999999999884,19.130000000004657,32.26000000000204,174.2685714285721,326.4099999999962,0,0,0,0,1,0,0.002718190020752313,187.28700000000026,1
71.86999999999534,32.400000000001455,10.69999999999709,28.7699999999968,167.24357142857167,330.66999999999825,0,0,0,0,0,0,0.0026099346972916757,156.85,1
102.23999999999796,73.88999999999942,4.779999999998836,23.56999999999971,165.02357142857156,218.95999999999913,0,0,0,0,0,0,0.0025782169509420013,151.51399999999995,1
96.38000000000466,66.91999999999825,19.970000000001164,9.490000000005239,164.85357142857174,196.30999999999767,0,0,0,0,0,0,0.0025728850699669385,139.68899999999994,1
55.11999999999534,35.13000000000466,2.1999999999970896,17.789999999993597,157.03428571428543,130.89999999999418,0,0,0,0,0,0,0.0024521369410646764,131.14199999999983,1
61.54000000000087,12.089999999996508,38.05000000000291,11.400000000001455,134.5557142857142,-82.58999999999651,0,0,0,0,0,0,0.00210146767400154,122.08199999999924,1
100.04000000000087,25.150000000001455,28.06999999999971,46.81999999999971,130.58714285714294,-25.689999999995052,0,0,0,0,0,0,0.002038706815198993,114.34099999999962,1
61.9800000000032,34.39999999999418,25.410000000003492,2.1700000000055297,119.68357142857141,81.08999999999651,0,0,0,0,0,0,0.0018674894645338384,109.56299999999973,1
100.29999999999563,34.16000000000349,55.90999999999622,10.229999999995925,116.8057142857142,48.69000000000233,0,0,0,0,0,0,0.0018216134196079948,101.42899999999936,1
91.75,57.01000000000204,16.439999999995052,18.30000000000291,112.4921428571423,141.63000000000466,0,0,0,0,0,0,0.0017527218611177427,99.71399999999994,0
102.31999999999971,40.86000000000058,47.86000000000058,13.599999999998545,107.12571428571391,107.7699999999968,0,0,0,0,0,0,0.0016702594499525612,84.35399999999936,0
151.97999999999593,101.51000000000204,39.599999999998545,10.869999999995343,110.14142857142777,-18.560000000004948,0,1,0,0,0,1,0.0017200097847740001,92.36499999999941,0
150.57999999999447,48.19000000000233,5.059999999997672,97.32999999999447,107.92285714285597,-100.81999999999971,0,0,0,0,0,1,0.0016866338143757343,97.19899999999907,0
70.65999999999622,27.959999999999127,1.680000000000291,41.0199999999968,105.19142857142755,-162.94000000000233,0,0,0,0,0,0,0.0016446650593617295,94.62699999999822,0
48.39999999999418,8.020000000004075,26.369999999995343,14.009999999994761,90.3685714285696,-228.34000000000378,0,0,0,0,0,0,0.0014130453089902125,93.95499999999811,0
87.97000000000116,77.15000000000146,0.0,10.819999999999709,91.51857142857001,-260.3899999999994,0,0,0,0,0,0,0.001432736143377453,96.59799999999814,1
97.18000000000029,56.44000000000233,14.040000000000873,26.69999999999709,91.15714285714161,-102.06999999999971,0,0,0,0,0,0,0.0014258167711267372,96.31199999999808,1
42.56000000000495,9.559999999997672,31.74000000000524,1.2600000000020373,87.31285714285592,-62.69999999999709,0,0,0,0,0,0,0.001365876193856651,94.36999999999826,1
236.0,214.63000000000466,1.1599999999962165,20.209999999999127,100.2564285714278,-250.87000000000262,0,0,0,0,0,1,0.0015736789842867877,107.93999999999869,1
158.15999999999622,79.7699999999968,36.51000000000204,41.87999999999738,107.15785714285605,-324.5199999999968,0,0,0,0,0,0,0.0016841162337349882,114.58099999999831,1
142.20999999999913,100.99000000000524,11.009999999994761,30.209999999999127,110.16999999999878,-147.9499999999971,0,0,0,0,0,0,0.001728730937002904,118.56999999999826,1
91.86999999999534,21.85000000000582,39.15999999999622,30.859999999993306,112.30499999999822,-226.01000000000204,0,0,0,0,0,0,0.0017628286379246549,112.55899999999819,1
86.69999999999709,68.09000000000378,1.5899999999965075,17.0199999999968,111.33357142856974,-149.66999999999825,0,0,0,0,0,0,0.0017457309353821125,106.17099999999846,1
86.79000000000087,45.91000000000349,15.069999999999709,25.80999999999767,110.97928571428409,113.62000000000262,0,0,0,0,1,0,0.0017388895276950116,107.78399999999893,1
57.20999999999913,0.3499999999985448,32.16000000000349,24.69999999999709,107.75714285714119,193.73999999999796,0,0,0,0,0,0,0.0016883938157198583,108.66499999999942,1
60.150000000001455,12.919999999998254,25.340000000003783,21.889999999999418,101.19785714285588,105.43999999999505,0,0,0,0,0,0,0.001585321758091005,105.88299999999944,1
239.10000000000582,169.19000000000233,64.22000000000116,5.690000000002328,107.52071428571382,296.24000000000524,0,0,0,0,1,0,0.0016799190276551054,120.075,0
106.74000000000524,56.30999999999767,45.390000000006694,5.040000000000873,110.09785714285734,172.4499999999971,0,0,0,0,0,0,0.0017216991506409324,126.49300000000002,0
29.599999999998545,13.279999999998836,10.32999999999447,5.990000000005239,108.75500000000049,138.58000000000175,0,0,0,0,0,0,0.0017003460416435154,105.85299999999988,0
97.64999999999418,21.43000000000029,6.059999999997672,70.15999999999622,109.44642857142857,118.0,0,0,0,0,0,0,0.001711697674320922,99.80199999999968,0
110.95999999999913,98.8900000000067,10.809999999997672,1.2599999999947613,110.4307142857142,4.25,0,0,0,0,0,1,0.0017298445246806194,96.67699999999968,1
130.98999999999796,59.849999999998545,0.0,71.13999999999942,116.74714285714228,-222.37000000000262,0,0,0,0,0,0,0.0018304336181062658,100.58899999999994,1
221.59999999999854,176.04999999999563,45.55000000000291,0.0,115.75499999999946,10.819999999999709,0,0,0,0,1,0,0.0018098587464310495,114.0790000000001,1
63.63000000000466,42.4800000000032,16.139999999999418,5.010000000002037,109.00285714285721,-44.94000000000233,0,0,0,0,0,0,0.0017054194641909195,111.76300000000046,1
73.7300000000032,32.04000000000087,3.790000000000873,37.900000000001455,104.11142857142893,-56.75,0,0,0,0,0,1,0.0016297068833145089,113.41500000000087,1
70.02999999999884,50.049999999995634,16.029999999998836,3.9500000000043656,102.55142857142917,-3.859999999993306,0,0,0,0,0,0,0.0016065164061566108,114.40300000000062,1
75.54000000000087,6.4099999999962165,41.450000000004366,27.68000000000029,101.75428571428658,45.80000000000291,0,0,0,0,0,0,0.0015942215891015076,98.04700000000011,1
72.05000000000291,5.819999999999709,32.01000000000204,34.220000000001164,100.70142857142959,-136.1999999999971,0,0,0,0,0,0,0.0015778524146272455,94.57799999999989,1
104.20000000000437,23.799999999995634,52.28000000000611,28.12000000000262,104.05785714285854,-116.98999999999796,0,0,0,0,0,0,0.0016310371977379203,102.03800000000047,1
66.65000000000146,59.38000000000466,2.400000000001455,4.869999999995343,104.64714285714425,-18.94999999999709,0,0,0,0,0,0,0.001638578737339919,98.9380000000012,1
126.88999999999942,94.16999999999825,32.720000000001164,0.0,96.63214285714379,123.21999999999389,0,0,0,0,1,0,0.0015108715744978382,100.53100000000123,1
50.30000000000291,3.209999999999127,21.390000000006694,25.69999999999709,92.60071428571506,135.39999999999418,0,0,0,0,0,0,0.0014477380640813807,92.46200000000172,1
178.37000000000262,96.05000000000291,39.73999999999796,42.580000000001746,103.22714285714392,235.88999999999942,0,0,0,0,0,0,0.0016114707619494404,88.13900000000213,0
98.15999999999622,47.63999999999942,22.50999999999476,28.010000000002037,103.26357142857263,211.29000000000087,0,0,0,0,0,0,0.0016132445110195136,91.59200000000128,1
80.65000000000146,21.390000000006694,23.05999999999767,36.19999999999709,101.0985714285728,123.50999999999476,0,0,0,0,0,0,0.0015799591991036582,92.2840000000011,1
72.88999999999942,7.8399999999965075,23.970000000001164,41.080000000001746,96.9485714285729,24.780000000006112,0,0,0,0,0,0,0.0015152319617310831,92.57000000000116,1
66.37999999999738,17.330000000001746,20.580000000001746,28.469999999993888,85.8014285714297,36.87000000000262,0,0,0,0,0,0,0.0013406638702482374,91.65400000000082,1
97.2300000000032,2.639999999999418,57.34000000000378,37.25,88.20142857142959,-55.080000000001746,0,0,0,0,0,0,0.0013780904751964855,94.17200000000085,1
69.36000000000058,3.4400000000023283,50.220000000001164,15.69999999999709,87.88928571428654,-10.05000000000291,0,0,0,0,0,0,0.0013732739516187163,90.68800000000047,1
66.29000000000087,26.409999999996217,10.700000000004366,29.18000000000029,87.62214285714383,-15.659999999996217,0,0,0,0,0,0,0.0013696860171974682,90.65200000000041,1
86.06999999999971,38.62000000000262,24.080000000001746,23.369999999995343,88.37428571428661,-49.31000000000495,0,0,0,0,0,0,0.0013822877373747288,86.57000000000043,1
46.080000000001746,17.669999999998254,11.10000000000582,17.30999999999767,86.51928571428653,-48.150000000001455,0,0,0,0,0,0,0.001352898383768565,86.14800000000032,1
96.93999999999505,68.44999999999709,26.349999999998545,2.139999999999418,86.00071428571444,17.389999999999418,0,0,0,0,1,0,0.0013433407370429917,78.00499999999957,1
235.55999999999767,130.34999999999854,104.33000000000175,0.8799999999973807,97.94071428571417,151.1999999999971,0,0,0,0,1,0,0.001526721076075083,91.7449999999997,1
117.33000000000175,0.12999999999738066,70.29000000000087,46.91000000000349,97.25785714285719,178.4800000000032,0,0,0,0,0,0,0.001516079150597508,95.41299999999974,0
117.7300000000032,26.880000000004657,26.94999999999709,63.900000000001455,102.07428571428578,244.45000000000437,0,0,0,0,0,0,0.001590492128341666,99.89700000000012,0
132.9800000000032,71.04000000000087,31.279999999998836,30.660000000003492,98.83214285714295,153.84000000000378,0,0,0,0,0,0,0.0015417252481033893,106.5570000000007,1
86.52999999999884,25.540000000000873,41.95999999999913,19.029999999998836,98.00142857142886,111.59000000000378,0,0,0,0,0,0,0.0015281296273418456,105.48700000000026,0
175.15999999999622,102.51000000000204,39.61000000000058,33.0399999999936,104.75214285714277,-123.5,0,0,0,0,0,0,0.0016360487311884448,116.06699999999982,1
113.95999999999913,104.19000000000233,6.790000000000873,2.9799999999959255,107.72571428571453,-15.660000000003492,0,0,0,0,0,0,0.0016796646818358785,120.83399999999965,0
81.51000000000204,57.62000000000262,5.430000000000291,18.459999999999127,108.80642857142915,-99.44000000000233,0,0,0,0,0,0,0.001698021431438463,120.37799999999989,1
80.83999999999651,44.69999999999709,14.940000000002328,21.19999999999709,107.63571428571439,18.409999999996217,0,0,0,0,0,0,0.0016785738959157659,123.85399999999936,1
47.37999999999738,26.549999999995634,12.139999999999418,8.690000000002328,106.06571428571417,-34.95999999999913,0,0,0,0,0,0,0.0016547775544890194,118.8979999999996,1
43.900000000001455,10.869999999995343,29.630000000004657,3.400000000001455,104.4664285714285,57.950000000004366,0,0,0,0,0,0,0.001630110984150206,99.73199999999997,1
64.20999999999913,25.970000000001164,25.639999999999418,12.599999999998545,102.90499999999987,-24.029999999998836,0,0,0,0,0,0,0.0016051012599666622,94.4199999999997,1
156.1999999999971,74.82999999999447,15.180000000000291,66.19000000000233,110.77071428571382,-41.599999999998545,0,0,0,0,0,1,0.0017297988574955043,98.2669999999991,1
97.11000000000058,43.80999999999767,29.810000000004948,23.489999999997963,110.78285714285708,-126.98999999999796,0,0,0,0,0,0,0.001731081680053745,94.67999999999884,1
81.05000000000291,35.99000000000524,16.209999999999127,28.849999999998545,99.74642857142888,-64.36000000000058,0,0,0,0,0,0,0.0015577517685828695,94.13199999999924,1
83.30999999999767,59.11000000000058,10.459999999999127,13.739999999997963,97.31642857142859,1.5599999999976717,1,0,0,0,1,0,0.0015185042678905324,84.94699999999939,1
33.70999999999913,17.900000000001455,10.970000000001164,4.8399999999965075,91.31499999999973,-8.690000000002328,0,0,0,0,1,0,0.001424514757841847,76.92199999999939,1
94.61000000000058,29.18000000000029,64.7699999999968,0.6600000000034925,88.57428571428525,94.91999999999825,0,0,0,0,1,0,0.0013811315361500782,78.23199999999925,1
43.419999999998254,23.790000000000873,15.469999999993888,4.1600000000034925,85.49499999999951,160.1600000000035,0,0,0,0,0,0,0.0013326011651511975,74.48999999999941,1
60.299999999995634,41.9800000000032,4.559999999997672,13.759999999994761,77.29071428571375,82.93999999999505,0,0,0,0,0,0,0.001205496763105211,75.78199999999924,1
134.76000000000204,74.73999999999796,48.94000000000233,11.080000000001746,78.73642857142788,104.22000000000116,0,0,0,0,0,0,0.0012265912966553522,84.8679999999993,0
85.06999999999971,40.099999999998545,24.7699999999968,20.200000000004366,78.99071428571344,50.30000000000291,0,0,0,0,0,0,0.001231289629556692,86.95399999999935,0
37.169999999998254,11.35000000000582,8.209999999999127,17.609999999993306,75.87142857142784,31.44000000000233,0,0,0,0,0,0,0.0011824772325820165,75.05099999999948,0
67.79000000000087,11.309999999997672,18.5,37.9800000000032,77.32928571428523,18.25999999999476,0,0,0,1,0,0,0.0012049801170099831,72.1189999999995,0
46.109999999993306,18.209999999999127,18.089999999996508,9.809999999997672,77.48714285714179,41.30000000000291,0,0,0,0,0,0,0.0012077824467644576,68.62499999999855,0
46.200000000004366,12.67000000000553,24.80999999999767,8.720000000001164,76.2007142857136,-22.0199999999968,0,0,0,1,0,0,0.0011874961610995425,64.91399999999922,0
140.19000000000233,102.87000000000262,3.8700000000026193,33.44999999999709,75.05714285714255,-85.63000000000466,0,0,0,0,0,1,0.0011715377425132135,75.56199999999953,0
87.36000000000058,59.40999999999622,0.020000000004074536,27.93000000000029,74.36071428571397,-155.33000000000175,0,0,0,0,0,1,0.0011617447545949325,74.83699999999953,1
166.25,122.98999999999796,5.290000000000873,37.970000000001164,80.44642857142806,-291.2099999999991,0,0,0,0,0,1,0.001259267115818867,87.1199999999997,1
241.45999999999913,134.2300000000032,0.0,107.22999999999593,91.74285714285672,-407.2300000000032,0,0,0,0,0,1,0.001439119217805757,105.23600000000006,1
184.34999999999854,46.67000000000553,12.479999999995925,125.19999999999709,102.50285714285668,-374.4300000000003,0,0,0,0,0,0,0.001606758813302286,110.19499999999971,1
109.81999999999971,59.91000000000349,37.88999999999942,12.019999999996799,103.5892857142852,-330.66999999999825,0,0,1,0,0,0,0.001625273382694119,112.6699999999997,1
232.22999999999593,108.04000000000087,45.2699999999968,78.91999999999825,117.0757142857136,-164.8199999999997,0,0,0,0,0,0,0.001833807454222659,132.17599999999948,1
183.91999999999825,61.70999999999913,38.59000000000378,83.61999999999534,125.90571428571378,-104.75,0,0,1,0,0,0,0.001974100387083506,143.78899999999922,1
78.81000000000495,4.169999999998254,34.91000000000349,39.7300000000032,121.90928571428542,37.220000000001164,0,0,0,0,0,0,0.0019112073617154816,147.05900000000037,1
119.52999999999884,5.25,42.44000000000233,71.83999999999651,124.37071428571393,-14.17000000000553,0,0,1,0,0,0,0.0019499762590258819,154.39199999999983,1
108.50999999999476,32.700000000004366,12.439999999995052,63.36999999999534,129.46642857142797,11.279999999998836,0,0,1,0,0,0,0.002030915706303134,151.22399999999908,1
575.260000000002,506.47000000000116,6.389999999999418,62.400000000001455,165.71428571428518,409.6800000000003,0,0,0,1,1,0,0.002579104297087905,200.0139999999992,1
273.17000000000553,107.09999999999854,147.47000000000116,18.60000000000582,181.9328571428575,366.7700000000041,0,0,0,0,0,0,0.002836250638475428,210.70599999999976,0
648.1800000000003,398.1599999999962,27.43000000000029,222.59000000000378,224.93142857142863,-38.099999999998545,0,1,0,0,0,1,0.0035284230305190046,251.37799999999987,1
347.04999999999563,270.20000000000437,61.2699999999968,15.57999999999447,239.70714285714243,239.45000000000437,0,0,0,1,0,0,0.0037442493489096298,267.64799999999957,0
411.92000000000553,213.00999999999476,1.820000000006985,197.09000000000378,262.88999999999993,59.270000000004075,0,0,0,0,0,0,0.0041200757031978254,297.8580000000002,1
317.0,119.66000000000349,149.04999999999563,48.29000000000087,273.6578571428571,-567.2300000000032,0,0,0,0,0,0,0.004297025239730807,306.3350000000006,0
234.49000000000524,21.18000000000029,50.029999999998836,163.2800000000061,273.16000000000037,-486.3199999999997,0,0,0,0,0,0,0.00429097241672575,311.3920000000013,0
314.1299999999974,293.8799999999974,0.25,20.0,282.4300000000003,-379.0,0,0,0,0,0,1,0.0044568808651111475,334.92400000000055,1
225.1800000000003,1.1699999999982538,43.94000000000233,180.0699999999997,290.67000000000036,-650.010000000002,0,0,0,0,0,0,0.004586865692273977,345.48900000000066,1
192.87999999999738,44.220000000001164,94.57999999999447,54.080000000001746,287.85928571428616,-391.7099999999991,0,0,0,1,0,0,0.004539266832540537,353.92600000000095,0
122.68000000000029,0.16999999999825377,44.87000000000262,77.63999999999942,283.4850000000006,-265.9499999999971,0,0,0,0,0,0,0.004469999512767934,308.66800000000075,0
143.72000000000116,94.78000000000611,12.229999999995925,36.70999999999913,288.1214285714289,-334.6400000000067,0,0,0,0,0,0,0.0045499138418650465,295.7230000000003,0
511.75999999999476,342.6100000000006,22.43000000000029,146.7199999999939,316.1378571428572,-388.8000000000029,0,0,0,0,0,1,0.005019604553699402,282.0809999999998,1
331.9799999999959,41.86000000000058,54.65999999999622,235.45999999999913,332.1000000000001,-348.23999999999796,0,0,0,0,0,0,0.005269602612301167,280.5739999999998,0
339.8799999999974,242.1800000000003,3.720000000001164,93.97999999999593,315.2871428571426,-635.310000000005,0,0,0,0,0,0,0.005022090499071563,273.369999999999,1
95.20999999999913,16.040000000000873,43.650000000001455,35.5199999999968,302.5757142857136,-654.9100000000035,0,0,0,0,0,0,0.00482080515319017,251.1909999999989,1
186.40000000000146,12.130000000004657,46.23999999999796,128.02999999999884,269.59142857142797,-547.8999999999942,0,0,0,0,0,0,0.004294451150123206,246.38199999999853,1
87.30999999999767,48.970000000001164,35.669999999998254,2.6699999999982538,251.03857142857098,-155.68999999999505,0,0,0,0,0,0,0.003995842597359758,223.69999999999854,0
272.47000000000116,150.51000000000204,10.010000000002037,111.94999999999709,241.07785714285637,-346.4400000000023,0,0,0,0,0,1,0.003846451647813542,228.42899999999864,1
128.65999999999622,39.39999999999418,65.43000000000029,23.830000000001746,227.62499999999895,-144.68999999999505,0,0,0,0,0,0,0.003634128767819188,222.00699999999853,1
437.66999999999825,137.38999999999942,94.5,205.77999999999884,242.1378571428556,8.270000000004075,0,0,0,0,0,0,0.0038573672262801535,253.50599999999832,1
231.25,175.22000000000116,20.470000000001164,35.55999999999767,236.2178571428558,-176.9800000000032,0,0,0,0,0,0,0.0037734656780815086,262.2589999999982,1
261.82999999999447,157.8399999999965,18.989999999997963,85.0,238.83571428571253,-67.69000000000233,0,0,0,0,0,0,0.0038057071379914275,237.26599999999817,1
77.18000000000029,3.099999999998545,34.56999999999971,39.51000000000204,230.57142857142702,78.40000000000146,0,0,0,0,0,0,0.0036742231596119854,211.7859999999986,1
142.06000000000495,51.400000000001455,69.61000000000058,21.05000000000291,231.95571428571307,68.5199999999968,0,0,0,0,0,0,0.003699223673135958,192.00399999999937,1
133.60000000000582,86.4800000000032,2.8000000000029104,44.31999999999971,231.23285714285626,17.099999999998545,0,0,0,0,0,0,0.003682642378210268,195.84300000000002,1
115.95999999999913,2.150000000001455,34.549999999995634,79.26000000000204,202.961428571428,188.0500000000029,0,0,0,0,0,0,0.003232499910355585,188.7989999999998,1
102.84999999999854,31.989999999997963,49.529999999998836,21.330000000001746,186.5949999999996,-2.9199999999982538,0,0,0,0,0,0,0.0029734203201595747,190.3529999999999,1
134.9699999999939,6.540000000000873,70.33999999999651,58.08999999999651,171.9585714285708,7.069999999999709,0,0,0,0,0,0,0.002739901451773777,176.60299999999916,1
217.9100000000035,139.1600000000035,49.05000000000291,29.69999999999709,180.7228571428568,197.86000000000058,0,0,0,0,1,0,0.0028730974439162157,185.52799999999988,1
149.94000000000233,15.650000000001455,91.84999999999854,42.44000000000233,178.11857142857116,129.08000000000175,0,0,0,0,0,0,0.0028309182142022124,156.75500000000028,1
101.55999999999767,21.279999999998836,69.0,11.279999999998836,179.1364285714283,152.62999999999738,0,0,0,0,0,0,0.0028461283536919345,143.78600000000006,1
125.5199999999968,42.59000000000378,23.57999999999447,59.349999999998545,168.63999999999942,229.08000000000175,0,0,0,0,0,0,0.002677530479851748,130.15500000000029,1
121.93000000000029,50.60000000000582,6.94999999999709,64.37999999999738,168.15928571428543,273.6200000000026,0,0,0,0,0,0,0.0026677349557620756,134.63000000000028,1
134.31000000000495,21.709999999999127,13.010000000002037,99.59000000000378,146.49071428571446,155.15000000000146,0,0,0,0,1,0,0.002323151221923603,133.8550000000003,1
179.63000000000466,91.40999999999622,81.67000000000553,6.55000000000291,142.80357142857196,233.79999999999563,0,0,0,0,0,0,0.0022612385961697026,138.45800000000017,0
86.16999999999825,59.74000000000524,2.9099999999962165,23.5199999999968,130.25642857142935,152.77999999999884,0,0,0,0,0,0,0.0020645091785914285,135.4790000000001,0
57.0199999999968,33.68999999999505,2.389999999999418,20.94000000000233,128.8164285714291,76.09999999999854,0,0,0,0,0,1,0.0020427756030998194,130.8959999999999,0
38.950000000004366,18.410000000003492,0.0,20.540000000000873,121.45142857142908,12.82999999999447,0,0,0,0,0,0,0.0019263538535019033,121.29400000000096,0
32.63999999999942,10.959999999999127,11.930000000000291,9.75,114.24000000000004,-20.709999999999127,0,0,0,0,0,0,0.001812292272105913,102.76700000000055,0
38.06000000000495,20.68000000000029,12.440000000002328,4.940000000002328,108.67571428571475,-137.66999999999825,0,0,0,0,0,0,0.0017245968871245029,91.57900000000082,1
77.91000000000349,9.569999999999709,64.34000000000378,4.0,106.89428571428653,-68.75,0,0,0,0,0,0,0.0016960772620245696,89.21400000000139,0
224.38999999999942,147.73999999999796,35.70999999999913,40.94000000000233,113.28142857142977,-182.5699999999997,0,0,0,0,0,1,0.0018016371116569886,99.10100000000166,1
119.80000000000291,67.01000000000204,38.099999999998545,14.690000000002328,106.2735714285726,-237.37999999999738,0,0,0,0,0,0,0.001691986783436514,98.88800000000192,1
265.3700000000026,196.40000000000146,68.97000000000116,0.0,114.51857142857261,-29.860000000000582,0,0,0,1,1,0,0.0018175724792822024,111.99400000000169,0
112.01000000000204,47.32999999999447,24.020000000004075,40.66000000000349,115.26500000000149,-53.08999999999651,0,0,0,0,0,0,0.001830705957001106,105.23200000000142,0
80.43000000000029,63.029999999998836,5.680000000000291,11.720000000001164,112.04428571428745,-126.00999999999476,0,0,0,0,0,1,0.0017813532283930142,104.65800000000164,0
77.32999999999447,51.61000000000058,12.64999999999418,13.069999999999709,108.85857142857276,-30.389999999999418,0,0,0,0,0,0,0.001732132812836548,106.6890000000014,1
194.25999999999476,59.700000000004366,85.89999999999418,48.65999999999622,113.14071428571489,-23.330000000001746,0,0,0,0,0,1,0.0018019882313378157,122.22000000000044,0
175.4800000000032,100.11000000000058,41.13999999999942,34.2300000000032,112.84428571428622,-319.8899999999994,0,0,0,0,0,1,0.0018001386857235187,136.50400000000081,0
220.7699999999968,136.47999999999593,45.080000000001746,39.20999999999913,122.45857142857183,-412.08000000000175,0,0,0,0,0,1,0.001957771865095568,154.775,1
109.66999999999825,22.349999999998545,35.330000000001746,51.98999999999796,126.21928571428622,-326.0900000000038,0,0,0,0,0,0,0.0020171744585191376,157.95099999999948,1
162.1999999999971,112.12999999999738,35.720000000001164,14.349999999998545,135.02285714285713,-386.4100000000035,0,0,0,0,0,0,0.002161744388386852,151.73199999999923,1
212.76000000000204,0.8700000000026193,61.54000000000087,150.34999999999854,147.8885714285716,-324.9499999999971,0,0,0,0,0,0,0.0023676699451354805,161.02799999999917,1
526.3700000000026,196.07999999999447,245.27000000000407,85.02000000000407,182.76785714285714,-413.4300000000003,0,0,0,0,0,0,0.0029349449648066977,187.12799999999916,1
246.29999999999563,18.159999999996217,73.54000000000087,154.59999999999854,194.79571428571373,-297.6100000000006,0,0,1,0,0,0,0.003129129791797672,200.5569999999985,1
166.37999999999738,98.87999999999738,8.230000000003201,59.2699999999968,190.65214285714214,-221.4800000000032,0,0,0,0,0,0,0.0030577317459899844,209.15199999999822,1
573.7100000000064,134.33000000000175,113.55000000000291,325.83000000000175,223.07428571428525,25.110000000000582,0,0,0,0,1,0,0.003570031098767873,258.7899999999994,1
225.29000000000087,68.70999999999913,67.79000000000087,88.79000000000087,220.211428571428,92.30999999999767,0,0,0,0,0,0,0.003520343533349895,261.89300000000003,1
227.95999999999913,169.5899999999965,17.010000000002037,41.36000000000058,228.49357142857065,448.18999999999505,0,0,0,0,0,0,0.0036430038237242057,267.1409999999996,1
188.17000000000553,3.2399999999979627,76.54000000000087,108.3900000000067,236.1892857142853,470.0400000000009,0,0,0,1,0,0,0.003765628957346742,263.8810000000005,1
203.3399999999965,27.260000000002037,166.5199999999968,9.559999999997672,245.18999999999974,398.4600000000064,0,0,0,1,0,0,0.003907453947693436,273.24800000000033,0
294.40000000000146,160.01000000000204,43.56000000000495,90.82999999999447,252.34285714285735,102.83999999999651,0,0,0,0,0,1,0.004031803129682618,286.46800000000076,0
116.12000000000262,34.7100000000064,44.30999999999767,37.099999999998545,248.10285714285732,-8.190000000002328,0,0,0,0,0,0,0.003966740790669894,276.8040000000008,0
114.12000000000262,72.81999999999971,18.830000000001746,22.470000000001164,240.48500000000058,-244.7699999999968,0,0,0,0,0,1,0.003849211614684139,235.5790000000008,0
274.63000000000466,200.94000000000233,2.279999999998836,71.41000000000349,252.2678571428582,-448.65000000000146,0,0,0,0,0,1,0.004050950153842641,238.4120000000017,1
190.77000000000407,25.7300000000032,25.150000000001455,139.88999999999942,254.30857142857298,-447.8700000000026,0,0,0,1,0,0,0.004081905847563579,240.8510000000024,0
177.8599999999933,88.01000000000204,53.169999999998254,36.679999999993015,251.8157142857152,-371.75,0,0,0,0,0,0,0.0040474208911310955,201.26600000000107,1
121.7699999999968,34.00999999999476,50.080000000001746,37.68000000000029,222.91571428571478,-294.3199999999997,0,0,0,1,0,0,0.0035808919195571315,190.91400000000067,0
149.58000000000175,128.40000000000146,1.3400000000037835,19.839999999996508,216.0692857142863,-355.5900000000038,0,0,0,0,0,1,0.0034782093370644427,183.07600000000093,1
261.5699999999997,92.45999999999913,36.61999999999534,132.49000000000524,222.8685714285722,-246.05999999999767,0,0,0,0,0,0,0.0035930496755331724,190.41600000000034,1
291.9300000000003,201.05999999999767,85.98999999999796,4.880000000004657,202.7414285714289,-472.59999999999854,0,0,0,0,0,0,0.0032790759354726414,199.27500000000072,1
193.6999999999971,30.62999999999738,134.88999999999942,28.18000000000029,200.48500000000007,-355.6999999999971,0,0,0,0,0,0,0.0032409137700482905,189.2050000000003,1
182.40000000000146,18.869999999995343,53.76000000000204,109.77000000000407,197.23071428571453,-371.8199999999997,0,0,0,0,0,0,0.0031873285972413624,195.83300000000017,1
104.37999999999738,56.41000000000349,0.0,47.96999999999389,191.24571428571394,-184.72999999999593,1,0,0,0,0,0,0.003087790212942239,194.85899999999964,1
141.63999999999942,21.900000000001455,85.08999999999651,34.650000000001455,186.83857142857127,-76.38999999999942,0,0,0,0,0,0,0.0030158942819371224,181.55999999999912,1
107.72000000000116,44.20999999999913,20.0,43.51000000000204,173.50428571428554,170.04000000000087,0,0,0,0,0,0,0.002798507226249213,173.25499999999883,1
126.75999999999476,55.970000000001164,46.70999999999913,24.07999999999447,174.264285714285,82.37999999999738,0,0,0,0,0,0,0.0028132997989811443,168.144999999999,1
169.82999999999447,155.6800000000003,12.139999999999418,2.0099999999947613,178.2435714285701,219.75,0,0,0,0,1,0,0.002870295507436147,172.95099999999874,1
166.26000000000204,104.63999999999942,16.260000000002037,45.36000000000058,170.50285714285565,267.5199999999968,0,0,0,0,1,0,0.0027410435233901245,174.61899999999878,0
120.72000000000116,55.349999999998545,50.080000000001746,15.290000000000873,165.499285714284,196.73999999999796,0,0,0,0,0,0,0.002662984797497781,160.5339999999989,0
146.11000000000058,11.569999999999709,2.9100000000034925,131.62999999999738,163.2314285714274,137.18999999999505,0,0,0,0,0,0,0.002626999983124572,145.95199999999895,1
88.90000000000146,22.62999999999738,66.27000000000407,0.0,160.88357142857058,169.94000000000233,0,0,0,0,0,0,0.00259017717765456,135.47199999999938,0
176.72000000000116,21.119999999995343,16.410000000003492,139.19000000000233,162.75999999999945,31.43000000000029,0,0,0,0,0,0,0.0026196342845039274,134.90399999999937,0
177.3000000000029,87.76000000000204,23.919999999998254,65.62000000000262,156.74071428571395,-160.9499999999971,0,0,0,0,0,0,0.002526336939115363,142.1959999999999,1
169.67000000000553,74.18000000000029,44.970000000001164,50.520000000004075,148.00785714285718,-181.75,0,0,0,0,0,0,0.0023885221649199454,144.99900000000054,1
184.67999999999302,46.34000000000378,44.86999999999534,93.46999999999389,147.3635714285712,-216.1800000000003,0,0,0,0,0,0,0.0023799072515736657,152.6949999999997,1
206.88999999999942,80.4800000000032,64.5199999999968,61.88999999999942,149.11285714285674,-114.77999999999884,0,0,0,0,0,0,0.0024051166847616615,160.70800000000017,1
166.09999999999854,115.69000000000233,38.919999999998254,11.489999999997963,153.52142857142826,-17.839999999996508,0,0,0,0,0,0,0.00247164849099034,160.33500000000058,1
104.2300000000032,18.389999999999418,52.94000000000233,32.900000000001455,150.84928571428568,51.98999999999796,0,0,0,0,0,0,0.0024293435445310475,154.1320000000007,1
167.86999999999534,95.13999999999942,27.479999999995925,45.25,155.14571428571384,33.150000000001455,0,0,0,0,0,1,0.0025023728324919357,158.84700000000012,1
184.85000000000582,155.6800000000003,12.890000000006694,16.279999999998836,159.29500000000033,-77.04000000000087,0,0,1,0,0,0,0.002575803439816159,162.72100000000063,1
202.42000000000553,122.79000000000087,26.55000000000291,53.080000000001746,161.62285714285827,-26.110000000000582,0,0,0,0,0,0,0.0026079951362421535,174.07300000000106,1
192.48999999999796,123.12000000000262,64.34999999999854,5.019999999996799,163.4964285714294,-17.779999999998836,1,0,0,0,1,0,0.0026329966712627722,175.65000000000072,1
114.30999999999767,46.20999999999913,37.56999999999971,30.529999999998836,163.038571428572,-45.75,0,0,1,0,0,0,0.0026275811316066743,169.3510000000002,1
261.4400000000023,220.23999999999796,18.970000000001164,22.2300000000032,171.27642857142928,266.4099999999962,0,0,0,0,1,0,0.0027507281852159615,178.52799999999988,1
233.9499999999971,104.05000000000291,56.68999999999505,73.20999999999913,181.63714285714326,523.5300000000061,0,0,0,0,0,0,0.0029124212753947882,183.4550000000003,1
132.69000000000233,74.63000000000466,0.0,58.05999999999767,178.49214285714334,321.1999999999971,0,0,0,0,0,0,0.002865351953062399,176.0350000000006,1
171.02999999999884,53.94999999999709,91.69000000000233,25.389999999999418,178.0442857142859,144.16999999999825,0,0,0,0,0,0,0.002860638118937693,176.52800000000062,1
358.98999999999796,240.04999999999563,118.94000000000233,0.0,191.5671428571425,430.1800000000003,0,0,0,0,0,0,0.003066099589416981,202.00400000000008,1
126.7699999999968,48.4600000000064,27.32999999999447,50.979999999995925,187.4307142857142,165.84999999999854,0,0,0,0,0,0,0.00300217220235416,197.89400000000023,1
163.2699999999968,17.729999999995925,120.80000000000291,24.739999999997963,184.31499999999974,82.89999999999418,0,0,0,0,0,0,0.0029514356212650646,195.73599999999934,1
111.0199999999968,34.55999999999767,47.0,29.459999999999127,180.38071428571388,121.80000000000291,0,0,0,0,0,0,0.0028900186170697857,186.59599999999847,1
89.75999999999476,38.60000000000582,29.539999999993597,21.619999999995343,179.34714285714185,215.0500000000029,0,0,0,0,0,0,0.002871648981347223,176.32299999999813,1
137.52999999999884,23.87999999999738,90.31000000000495,23.339999999996508,177.17999999999924,-47.63999999999942,0,0,0,0,0,0,0.0028379922558274184,178.64499999999825,1
210.11999999999534,133.95999999999913,25.06999999999971,51.08999999999651,178.9849999999985,-134.1999999999971,0,0,0,0,0,0,0.0028730687427264098,173.51299999999756,1
237.91999999999825,212.86000000000058,23.279999999998836,1.7799999999988358,181.52071428571227,61.34000000000378,0,0,0,0,0,0,0.002903838472952228,173.90999999999767,1
123.12999999999738,33.98999999999796,59.919999999998254,29.220000000001164,176.5664285714265,62.580000000001746,0,0,0,0,0,0,0.0028260734610124822,172.95399999999717,1
244.55999999999767,148.44000000000233,59.2699999999968,36.849999999998545,185.86999999999793,-126.59000000000378,0,0,0,0,0,1,0.0029821354252402526,180.30699999999706,1
160.88999999999942,67.76000000000204,0.0,93.12999999999738,178.68785714285488,-34.12999999999738,0,0,0,0,0,0,0.002863709987957095,160.4969999999972,1
123.79999999999563,1.0,84.70999999999913,38.08999999999651,170.81999999999763,95.27999999999884,0,0,0,0,0,0,0.0027378167794414295,160.1999999999971,1
124.9800000000032,100.55000000000291,16.029999999998836,8.400000000001455,170.2692857142834,-18.37999999999738,0,0,0,0,0,0,0.0027246472995808182,156.37099999999774,1
133.0699999999997,4.309999999997672,99.93000000000029,28.830000000001746,167.55785714285489,10.080000000001746,0,0,0,0,0,0,0.0026814521369692076,158.57599999999803,1
112.87999999999738,81.81999999999971,13.349999999998545,17.709999999999127,149.97857142856915,240.58000000000175,0,0,0,0,0,0,0.0023970338290346107,160.88799999999827,1
139.9300000000003,58.74000000000524,77.18999999999505,4.0,150.91857142856938,231.5,0,0,0,0,1,0,0.0024097300145726717,161.12799999999842,1
79.70999999999913,44.05000000000291,26.06999999999971,9.589999999996508,144.94999999999814,280.1200000000026,0,0,0,0,0,0,0.002312801864920853,148.0869999999988,1
176.29999999999563,77.98999999999796,54.599999999998545,43.70999999999913,149.61285714285518,255.7699999999968,0,0,0,0,0,0,0.002384344634774896,141.92499999999853,0
121.48999999999796,17.18000000000029,44.51000000000204,59.799999999995634,151.87928571428398,277.9099999999962,0,0,0,0,0,0,0.0024197839090668713,141.7609999999986,0
159.13999999999942,80.81999999999971,38.7699999999968,39.55000000000291,153.42285714285546,116.43000000000029,0,1,0,0,0,0,0.0024475276895997876,133.21899999999877,0
68.65000000000146,30.789999999993597,8.400000000001455,29.460000000006403,143.3178571428559,24.580000000001746,0,0,0,0,0,0,0.002287470979518208,123.99499999999898,0
83.40999999999622,71.05000000000291,10.969999999993888,1.389999999999418,132.28142857142717,-93.22000000000116,0,0,0,0,0,0,0.002113808005592665,119.95599999999904,1
57.7100000000064,31.959999999999127,24.10000000000582,1.6500000000014552,127.60857142857068,-136.37000000000262,0,0,0,0,0,0,0.002038096938676899,113.22899999999936,1
153.59999999999854,7.599999999998545,81.83000000000175,64.16999999999825,121.11142857142788,-146.3199999999997,0,0,0,0,0,0,0.0019340904463898342,115.28199999999924,1
146.61000000000058,71.80000000000291,7.69999999999709,67.11000000000058,120.09142857142797,-136.63000000000466,0,0,0,0,0,0,0.0019199821668957377,118.65499999999956,1
117.75,34.54000000000087,28.43000000000029,54.779999999998836,119.65928571428542,-139.4100000000035,0,0,0,0,0,0,0.0019141198085914422,116.43699999999953,1
98.47999999999593,44.13999999999942,21.659999999996217,32.68000000000029,117.76642857142777,-22.81999999999971,0,0,0,0,0,0,0.0018825501882835515,118.31399999999921,1
99.62000000000262,63.93000000000029,17.37000000000262,18.31999999999971,115.37714285714226,-120.23999999999796,0,0,0,0,0,0,0.001846288630436005,110.64599999999992,1
79.12999999999738,21.290000000000873,11.110000000000582,46.729999999995925,112.96642857142797,-148.4800000000032,0,0,0,0,0,0,0.0018083065406424498,106.40999999999985,1
100.69000000000233,4.560000000004948,32.330000000001746,63.799999999995634,110.16357142857098,-84.43000000000029,0,0,0,0,0,0,0.001763639489396349,100.56500000000014,1
130.62000000000262,103.45999999999913,27.160000000003492,0.0,113.8335714285713,53.69999999999709,0,0,0,0,1,0,0.001819366405167064,106.76200000000026,1
184.5,121.16999999999825,33.19000000000233,30.139999999999418,114.4192857142859,132.5,0,0,0,0,0,0,0.0018251787179560598,116.87100000000063,1
111.29999999999563,64.72999999999593,14.569999999999709,32.0,113.69142857142859,133.27000000000407,0,0,0,0,0,0,0.001815441849447623,122.22999999999956,1
86.34999999999854,0.7000000000043656,44.25,41.39999999999418,108.49214285714281,153.22000000000116,0,0,0,0,0,0,0.0017324354706025578,115.50499999999957,1
84.93000000000029,28.779999999998836,28.74000000000524,27.409999999996217,109.65499999999987,131.26000000000204,0,0,0,0,0,0,0.0017518163982028585,109.33699999999953,1
148.1999999999971,104.37000000000262,12.969999999993888,30.860000000000582,114.28285714285708,-81.5199999999968,0,0,0,0,0,0,0.0018289301273154653,112.38199999999924,1
124.68000000000029,63.12999999999738,27.0,34.55000000000291,119.06642857142808,-141.58000000000175,0,0,0,0,0,0,0.0019036075872145754,115.00199999999968,1
112.88999999999942,92.87000000000262,20.0199999999968,0.0,116.17071428571373,16.159999999996217,0,0,0,0,1,0,0.0018545528983451003,116.32899999999935,1
83.06999999999971,49.79000000000087,25.360000000000582,7.919999999998254,111.63214285714223,-33.029999999998836,0,0,0,0,0,0,0.001783516629413867,116.72299999999959,1
217.12000000000262,142.16999999999825,10.12000000000262,64.83000000000175,118.72999999999956,140.79000000000087,0,0,0,0,1,0,0.0018925392224091366,128.36599999999962,1
129.2699999999968,13.69999999999709,98.31999999999971,17.25,120.92928571428534,238.19000000000233,0,0,0,0,0,0,0.0019279473945180371,128.23099999999903,1
101.45999999999913,6.310000000004948,11.069999999999709,84.07999999999447,121.06071428571366,170.27999999999884,0,0,1,0,0,0,0.0019302369092046797,119.92699999999896,1
122.38000000000466,69.17000000000553,19.25,33.95999999999913,124.14999999999989,142.8000000000029,0,0,0,0,0,0,0.001977426596300116,121.03499999999985,1
122.12999999999738,1.819999999999709,71.20999999999913,49.099999999998545,125.68142857142811,193.22000000000116,0,0,0,0,0,0,0.002001798676760941,124.61299999999974,1
57.080000000001746,14.260000000002037,27.110000000000582,15.709999999999127,120.3949999999994,33.98999999999796,0,0,1,0,0,0,0.001918039898479849,121.82799999999989,1
89.7300000000032,4.4099999999962165,21.660000000003492,63.66000000000349,113.62571428571391,49.799999999995634,0,0,0,0,0,0,0.0018100711532420726,115.98100000000049,1
311.08000000000175,115.66000000000349,157.63999999999942,37.779999999998836,127.89571428571435,172.56000000000495,0,0,0,0,1,0,0.002033621457153934,134.62100000000063,1
759.1500000000015,602.8000000000029,142.86000000000058,13.489999999997963,175.95285714285743,709.4499999999971,0,0,0,0,1,0,0.0027712135693368964,199.24700000000084,1
432.36999999999534,406.6399999999994,25.729999999995925,0.0,200.77642857142877,1115.550000000003,0,0,0,0,1,0,0.003142050969978447,234.17700000000042,1
236.4300000000003,168.87999999999738,28.2300000000032,39.31999999999971,207.07857142857185,962.6900000000023,0,0,0,0,0,0,0.0032491832491832557,236.10800000000017,1
398.5300000000061,161.59999999999854,234.72000000000116,2.210000000006403,226.63928571428656,1119.9100000000035,0,0,0,0,0,0,0.00354710930518581,263.03400000000113,1
277.4300000000003,166.83000000000175,30.839999999996508,79.76000000000204,238.38000000000102,836.7099999999991,0,1,1,0,0,0,0.0037406243129910043,280.6310000000012,1
233.75999999999476,38.30000000000291,95.71999999999389,99.73999999999796,249.1435714285721,275.9100000000035,0,0,0,0,0,0,0.003906971248851277,291.76900000000023,1
305.9100000000035,31.239999999997963,13.190000000002328,261.4800000000032,255.485714285715,-91.02000000000407,0,0,0,0,0,0,0.004003927269659677,310.14700000000084,1
154.6800000000003,38.919999999998254,11.459999999999127,104.30000000000291,257.3007142857153,115.34999999999854,0,0,0,0,0,0,0.0040299041281063545,319.9070000000007,1
245.36999999999534,124.18999999999505,61.70999999999913,59.470000000001164,267.5800000000007,77.33999999999651,0,0,0,0,1,0,0.004182805384029317,335.4709999999999,1
421.47000000000116,267.3899999999994,43.470000000001164,110.61000000000058,288.9435714285719,511.43999999999505,0,0,0,0,1,0,0.004497962389824275,346.5099999999999,1
229.5,74.7300000000032,128.5699999999997,26.19999999999709,296.61285714285776,390.4099999999962,0,0,1,0,0,0,0.0046230623006680354,293.54499999999973,1
381.0,275.5400000000009,84.36000000000058,21.099999999998545,319.7500000000005,624.4700000000012,0,0,0,0,1,0,0.004962499951500204,288.4080000000002,1
482.92000000000553,285.09999999999854,196.56000000000495,1.2600000000020373,348.3800000000005,879.3899999999994,0,0,0,0,1,0,0.005382278002275403,313.0570000000007,1
270.8400000000038,13.80000000000291,97.02999999999884,160.01000000000204,345.50571428571493,733.510000000002,0,0,0,0,0,0,0.005339712357091105,300.28800000000047,1
296.91999999999825,16.910000000003492,156.75,123.25999999999476,312.48928571428615,445.72000000000116,0,0,0,0,0,0,0.004830977035055639,302.23700000000025,1
208.13999999999942,91.85000000000582,61.529999999998836,54.75999999999476,296.466428571429,615.5500000000029,0,0,0,0,0,0,0.004576869211633835,299.67500000000075,1
121.09000000000378,46.56999999999971,67.16999999999825,7.350000000005821,288.22785714285783,303.8000000000029,0,0,0,0,0,0,0.0044522859342966325,281.1930000000008,1
147.51000000000204,42.43000000000029,80.58999999999651,24.49000000000524,270.29785714285754,-32.25999999999476,0,0,0,0,0,1,0.004178034480308326,280.4760000000009,0
508.07999999999447,134.66999999999825,0.0,373.4099999999962,286.8435714285718,-145.61000000000058,0,0,0,0,0,1,0.004443100878828522,306.74700000000087,1
276.25999999999476,77.61000000000058,74.94999999999709,123.69999999999709,289.8792857142861,-204.84999999999854,0,0,0,0,0,0,0.004495671590509595,292.2260000000002,1
109.70000000000437,2.0900000000037835,16.360000000000582,91.25,275.86428571428615,-294.1100000000006,0,0,0,0,0,0,0.004278237201882888,280.24600000000066,1
231.12000000000262,101.66999999999825,99.02000000000407,30.43000000000029,281.3242857142863,-156.34000000000378,0,0,0,0,0,0,0.004356165884739984,265.2580000000009,1
149.3000000000029,137.9499999999971,8.330000000001746,3.0200000000040745,274.462142857144,-252.22000000000116,0,0,0,0,0,0,0.004259006641818941,231.89600000000064,1
85.7899999999936,27.419999999998254,39.56999999999971,18.799999999995634,250.48500000000058,-84.19000000000233,0,0,0,0,0,0,0.0038849863505509893,213.39099999999962,1
165.79000000000087,67.18000000000029,57.770000000004075,40.83999999999651,245.93428571428635,62.349999999998545,0,0,0,0,0,0,0.003810454027126935,200.27799999999988,1
121.87000000000262,16.81999999999971,75.79000000000087,29.260000000002037,227.42500000000084,48.36000000000058,0,0,0,0,0,0,0.0035243740081039423,191.6510000000002,1
103.80999999999767,48.450000000004366,26.69999999999709,28.659999999996217,199.80071428571475,-3.5599999999976717,0,0,0,0,0,0,0.0030939847033465357,189.9229999999996,1
161.1999999999971,51.279999999998836,96.08999999999651,13.830000000001746,191.9692857142857,83.11000000000058,0,0,0,0,0,0,0.0029750747369122754,191.2919999999991,1
75.59000000000378,12.480000000003201,0.6399999999994179,62.470000000001164,176.6271428571433,31.080000000001746,0,0,0,0,0,0,0.0027381416898798316,148.04300000000003,1
122.15000000000146,27.80000000000291,94.34999999999854,0.0,170.48500000000058,-8.559999999997672,0,0,0,0,0,0,0.0026418090592736287,132.6320000000007,1
146.29000000000087,121.09999999999854,19.459999999999127,5.730000000003201,172.28500000000037,-112.27999999999884,0,0,0,0,0,1,0.0026745306473098503,136.29100000000034,1
83.79000000000087,12.5,58.799999999995634,12.490000000005239,167.7335714285717,-170.3199999999997,0,0,0,0,0,0,0.0026042823630439767,121.55800000000018,1
85.90000000000146,32.49000000000524,18.0,35.40999999999622,137.50714285714326,-86.63999999999942,0,0,0,0,0,0,0.002133904189375684,115.21800000000003,1
144.90000000000146,71.0,40.16000000000349,33.73999999999796,128.1242857142866,4.069999999999709,0,0,0,0,1,0,0.001986106488985734,121.12900000000081,1
109.22999999999593,64.43000000000029,4.919999999998254,39.87999999999738,128.09071428571457,41.31999999999971,0,0,0,0,1,0,0.001983603719498946,115.47300000000033,1
63.18999999999505,42.41000000000349,13.82999999999447,6.94999999999709,116.09571428571404,200.0699999999997,0,0,0,0,1,0,0.0017966750269931221,109.60499999999956,1
248.83000000000175,75.60000000000582,168.38999999999942,4.8399999999965075,123.20499999999967,284.2900000000009,0,0,0,0,0,0,0.0019045117784326452,124.10699999999997,1
146.29000000000087,66.25,38.35000000000582,41.68999999999505,127.52642857142875,185.1099999999933,0,0,0,0,0,0,0.0019733498024340173,122.61600000000035,1
163.3000000000029,125.98999999999796,5.350000000005821,31.959999999999127,127.34857142857176,-11.930000000000291,0,0,1,0,0,0,0.0019744469653653427,131.38700000000026,1
583.5099999999948,387.11999999999534,196.38999999999942,0.0,160.66071428571428,315.4499999999971,0,0,0,0,1,0,0.0024758856389056325,177.5229999999996,1
127.59000000000378,9.730000000003201,106.20999999999913,11.650000000001455,162.35928571428616,256.6599999999962,0,0,0,0,0,0,0.0025027004144408446,175.65299999999988,1
129.80999999999767,64.81999999999971,62.56999999999971,2.4199999999982538,160.11714285714334,117.65999999999622,0,0,0,0,0,0,0.0024706088103671037,180.25499999999957,1
295.8600000000006,150.45999999999913,61.650000000001455,83.75,175.38357142857163,334.90000000000146,0,0,0,0,0,0,0.002699901837345567,201.25099999999946,0
133.40000000000146,91.9800000000032,4.379999999997381,37.04000000000087,176.18714285714304,368.9300000000003,0,0,0,0,0,0,0.0027161173222793222,200.1009999999995,1
125.56999999999971,87.20999999999913,17.5,20.860000000000582,174.70714285714297,63.36000000000058,0,0,0,0,0,0,0.002689723902079316,201.73499999999984,1
73.66999999999825,29.310000000004948,22.729999999995925,21.62999999999738,173.98428571428562,109.26000000000204,0,0,0,0,0,0,0.0026773856770671302,202.7830000000002,0
156.9800000000032,127.09999999999854,24.720000000001164,5.1600000000034925,179.06142857142862,59.220000000001164,0,0,0,0,0,1,0.0027603969379575233,193.59800000000033,0
108.33999999999651,30.939999999995052,23.94000000000233,53.45999999999913,176.44999999999968,-121.29999999999563,0,0,0,0,0,1,0.0027214004639875924,189.80299999999988,0
125.12000000000262,93.84000000000378,4.110000000000582,27.169999999998254,177.58500000000018,-124.01000000000204,0,0,0,0,0,0,0.0027429105758791637,185.98499999999984,1
61.580000000001746,32.89999999999418,27.470000000001164,1.2100000000064028,177.47000000000065,-177.4300000000003,0,0,0,0,0,0,0.0027397437914244128,133.79200000000054,0
129.6800000000003,87.87999999999738,16.139999999999418,25.660000000003492,168.95928571428627,-295.65000000000146,0,0,0,0,0,0,0.0026119410813458025,134.0010000000002,1
166.47999999999593,96.41999999999825,22.849999999998545,47.20999999999913,170.40142857142877,-81.88999999999942,0,0,0,0,0,0,0.0026302154670411414,137.66800000000003,0
186.8199999999997,115.61000000000058,15.430000000000291,55.779999999998836,172.08142857142852,-166.6600000000035,0,0,0,0,0,0,0.002660863192617009,126.76399999999994,1
87.77999999999884,47.020000000004075,5.32999999999447,35.43000000000029,136.33428571428573,-119.02999999999884,0,0,0,0,0,0,0.00210964625215377,122.20199999999969,1
113.45999999999913,30.660000000003492,50.80999999999767,31.989999999997963,135.32499999999968,-121.12999999999738,0,0,0,0,0,0,0.00209303224808599,120.99099999999962,1
185.8199999999997,182.2300000000032,1.2099999999991269,2.3799999999973807,139.32571428571413,-214.19000000000233,0,0,0,0,0,1,0.0021609911843134813,132.20599999999976,1
87.77000000000407,40.349999999998545,4.890000000006694,42.529999999998836,124.46214285714294,-272.7700000000041,0,0,0,0,0,0,0.0019292466156169087,125.28499999999985,1
77.95000000000437,71.02000000000407,5.400000000001455,1.5299999999988358,120.50142857142886,-228.97000000000116,0,0,0,0,0,0,0.0018699116864592357,122.24600000000063,1
173.87999999999738,136.7800000000061,36.07999999999447,1.0199999999967986,123.95214285714299,-44.93999999999505,0,0,0,0,1,0,0.0019193788544803517,127.12200000000011,1
55.94999999999709,22.32999999999447,1.360000000000582,32.26000000000204,122.6864285714286,-97.44999999999709,0,0,0,0,0,0,0.0019004195260109561,126.55899999999966,1
180.58000000000175,84.75,91.43000000000029,4.400000000001455,124.37214285714279,168.27000000000407,0,0,0,0,1,0,0.0019240344042602896,131.6489999999998,1
177.79999999999563,94.72000000000116,58.68000000000029,24.39999999999418,129.3335714285713,222.47000000000116,0,0,0,0,0,0,0.0019978675083940607,132.78099999999978,1
135.1800000000003,34.169999999998254,69.9800000000032,31.029999999998836,130.05214285714257,326.6399999999994,0,0,0,0,0,0,0.0020079396509769354,127.61699999999982,1
98.86999999999534,62.729999999995925,33.900000000001455,2.2399999999979627,132.71571428571355,126.91999999999825,0,0,0,0,0,0,0.002051050336207455,128.7259999999995,1
121.84999999999854,38.04000000000087,33.479999999995925,50.330000000001746,132.1564285714277,189.34999999999854,0,0,0,0,0,0,0.002041123645632883,129.56499999999943,1
138.70999999999913,48.17000000000553,67.91999999999825,22.619999999995343,130.1728571428565,57.68999999999505,0,0,0,0,0,0,0.002011975716832442,124.85399999999936,1
211.87000000000262,129.61999999999534,63.55000000000291,18.700000000004366,131.96214285714242,-165.32999999999447,0,0,1,0,0,1,0.0020436915267958737,137.2639999999992,1
82.72000000000116,22.470000000001164,55.5199999999968,4.730000000003201,131.60071428571402,-176.18999999999505,0,0,0,0,0,0,0.0020373910990289625,137.7409999999989,1
113.09000000000378,61.56999999999971,41.9600000000064,9.559999999997672,131.57428571428576,-50.450000000004366,0,0,0,0,0,0,0.002034996810250435,131.66199999999952,1
273.9100000000035,235.27999999999884,21.18000000000029,17.450000000004366,137.8664285714289,144.11000000000058,0,0,0,0,1,0,0.0021245844157985663,153.45800000000017,1
193.05999999999767,98.31999999999971,17.37999999999738,77.36000000000058,145.38714285714272,291.67000000000553,0,0,0,1,0,0,0.002237045688500041,154.70599999999976,1
118.01000000000204,61.61000000000058,4.010000000002037,52.38999999999942,148.24857142857113,360.2899999999936,0,0,0,0,0,0,0.002283179014026341,148.7270000000004,1
330.73999999999796,53.279999999998836,254.5500000000029,22.909999999996217,159.45285714285689,396.07999999999447,0,0,0,1,0,0,0.0024535421334317847,168.2830000000002,0
264.8899999999994,221.11000000000058,43.220000000001164,0.5599999999976717,174.3771428571428,111.15000000000146,0,1,0,0,0,1,0.0026923797342399917,184.8850000000006,1
135.24000000000524,52.40999999999622,11.85000000000582,70.9800000000032,171.1385714285716,-69.31000000000495,0,0,0,0,0,0,0.0026401432148273124,186.22400000000124,0
408.8600000000006,330.84999999999854,16.75,61.26000000000204,187.64285714285765,-499.8199999999997,0,0,0,0,0,1,0.0029096034391047545,213.2390000000014,1
126.58999999999651,68.40000000000146,38.38999999999942,19.799999999995634,187.02928571428598,-371.48999999999796,0,0,0,0,0,0,0.002897016288197235,204.71100000000078,1
86.45000000000437,57.45999999999913,24.43000000000029,4.560000000004948,186.14214285714374,-489.2199999999939,0,0,0,0,0,0,0.002885941697906805,205.0840000000011,1
139.41999999999825,32.62999999999738,106.79000000000087,0.0,187.45857142857236,-233.80999999999767,0,0,0,0,0,0,0.0029048432878652887,207.71700000000055,1
88.15999999999622,60.63999999999942,12.849999999998545,14.669999999998254,183.84785714285786,-227.80999999999767,0,0,0,0,0,0,0.002846211261511853,189.14199999999983,1
125.34000000000378,93.56999999999971,5.900000000001455,25.87000000000262,177.66714285714366,196.62999999999738,0,0,0,0,1,0,0.002746545203588694,182.37000000000043,1
70.97000000000116,31.5,26.380000000004657,13.089999999996508,176.82785714285794,159.45999999999913,0,0,0,0,1,0,0.002732251232685586,177.66600000000034,1
106.70999999999913,72.93999999999505,15.389999999999418,18.380000000004657,176.3721428571433,292.04999999999563,0,0,0,0,1,0,0.0027221422577492337,155.26300000000046,1
101.85000000000582,13.110000000000582,81.78000000000611,6.959999999999127,164.08214285714348,245.65999999999622,0,0,0,0,0,0,0.0025329616918805882,138.9590000000011,0
148.40999999999622,117.31999999999971,11.809999999997672,19.279999999998836,160.89285714285765,66.11000000000058,0,0,0,0,0,1,0.0024882903981264717,140.2760000000002,1
93.40000000000146,39.770000000004075,28.69000000000233,24.939999999995052,159.13500000000047,-68.16000000000349,0,0,0,0,0,0,0.0024626528218951245,108.73000000000029,1
219.84999999999854,121.7300000000032,58.38999999999942,39.729999999995925,151.21428571428623,22.910000000003492,0,0,0,0,0,0,0.002335656964477832,118.0560000000005,1
195.40999999999622,162.72000000000116,15.089999999996508,17.599999999998545,146.25142857142887,-212.0899999999965,0,0,0,0,0,0,0.002264669862693887,128.95199999999969,1
89.08000000000175,30.150000000001455,34.720000000001164,24.209999999999127,142.95428571428576,-167.79999999999563,0,0,0,0,0,0,0.002212538918921752,123.91800000000003,1
53.720000000001164,7.180000000000291,19.639999999999418,26.900000000001455,117.58714285714294,-56.20999999999913,0,0,0,0,0,0,0.0018201276249759175,120.47400000000053,1
140.15000000000146,65.79000000000087,31.669999999998254,42.69000000000233,118.55571428571473,49.9600000000064,0,0,0,0,0,0,0.0018332611345060906,121.9550000000003,1
132.72000000000116,82.13999999999942,17.56999999999971,33.01000000000204,121.8607142857145,-154.5,0,0,1,0,0,0,0.0018867640743664101,128.13000000000028,1
86.68999999999505,53.74000000000524,19.979999999995925,12.969999999993888,118.03285714285708,61.29000000000087,0,0,0,0,0,0,0.0018259787831267909,126.12799999999989,1
80.6400000000067,42.729999999995925,18.890000000006694,19.020000000004075,117.49571428571497,69.86999999999534,0,0,0,0,0,0,0.001816545893431733,124.00699999999998,1
125.64999999999418,16.599999999998545,4.739999999997963,104.30999999999767,117.51785714285714,60.43000000000029,0,0,1,0,0,0,0.0018173552103908025,121.73099999999977,1
176.97000000000116,35.56000000000495,52.11999999999534,89.29000000000087,125.08928571428571,-42.67000000000553,0,0,1,0,0,0,0.0019355687541542197,130.08799999999974,1
308.06000000000495,109.87999999999738,187.6600000000035,10.520000000004075,139.471428571429,149.4499999999971,0,0,0,0,1,0,0.0021544447587829602,138.9090000000004,1
477.48999999999796,363.66999999999825,110.02999999999884,3.790000000000873,166.302857142857,457.93999999999505,0,0,0,0,1,0,0.002554622075931296,167.11700000000056,1
304.3999999999942,224.75,70.86999999999534,8.779999999998836,177.4449999999997,643.810000000005,0,0,0,0,1,0,0.002716355923835791,188.6489999999998,1
303.98999999999796,61.4800000000032,201.75,40.75999999999476,192.48714285714232,598.0499999999956,0,0,0,0,0,0,0.0029494398962393174,213.67599999999948,1
285.5899999999965,43.79000000000087,203.89999999999418,37.900000000001455,197.18285714285645,591.2700000000041,0,1,0,0,0,1,0.0030234468933046975,228.21999999999898,1
394.6100000000006,161.12000000000262,0.0,233.48999999999796,211.55428571428533,318.1800000000003,0,0,0,0,0,0,0.0032519406831332813,254.4089999999989,1
356.0400000000009,175.30999999999767,121.67000000000553,59.05999999999767,230.6228571428567,130.5699999999997,0,0,0,0,0,0,0.003535567211321903,281.3439999999995,1
354.98999999999796,46.479999999995925,85.65000000000146,222.86000000000058,252.1421428571422,-46.4800000000032,0,0,0,0,0,0,0.0038625798311616613,308.77899999999863,1
230.45000000000437,37.9800000000032,148.13999999999942,44.330000000001746,258.5921428571424,54.2100000000064,0,0,0,0,0,0,0.0039590642799052,319.2589999999997,1
189.17000000000553,18.55000000000291,113.5,57.12000000000262,262.6242857142856,117.33000000000175,0,0,0,0,0,0,0.004019642782527674,320.4790000000001,1
239.04999999999563,5.430000000000291,94.66999999999825,138.9499999999971,273.50714285714275,285.90000000000146,0,0,0,1,0,0,0.004185863123205066,313.5779999999992,1
157.87000000000262,4.639999999999418,44.93000000000029,108.30000000000291,279.023571428571,106.66000000000349,0,0,0,0,0,0,0.004270592025910524,281.61599999999964,1
234.4300000000003,89.56000000000495,79.48999999999796,65.37999999999738,286.79357142857145,145.59000000000378,0,0,0,1,0,0,0.004383630219794329,274.61900000000026,1
251.35000000000582,58.69999999999709,129.33000000000902,63.31999999999971,292.1064285714289,48.58999999999651,0,0,0,0,0,0,0.004468845953525773,269.35500000000104,0
380.1200000000026,318.40000000000146,46.650000000001455,15.069999999999709,297.25357142857166,-290.5300000000061,0,1,0,0,0,1,0.004569989121766595,278.80800000000164,1
145.54000000000087,68.61000000000058,12.480000000003201,64.44999999999709,273.54285714285754,-227.36000000000058,0,0,0,0,0,0,0.004201027641392845,253.90100000000166,0
398.6600000000035,235.5500000000029,8.37000000000262,154.73999999999796,280.27571428571537,-458.2300000000032,0,0,0,0,0,0,0.004320055104907446,258.16300000000194,1
203.36000000000058,184.0699999999997,2.7999999999956344,16.49000000000524,273.0878571428584,-359.77999999999884,0,0,0,0,0,0,0.0041972202921318124,243.0000000000022,1
150.2699999999968,88.0199999999968,39.970000000001164,22.279999999998836,263.42214285714414,-387.2099999999991,0,0,0,0,0,0,0.004054029216369147,234.98200000000142,1
99.89999999999418,13.040000000000873,31.64999999999418,55.20999999999913,242.22857142857225,-53.7899999999936,0,0,0,0,0,0,0.003727114629239262,226.0550000000003,1
154.49000000000524,9.020000000004075,75.38999999999942,70.08000000000175,227.832142857144,-131.40000000000146,0,0,0,0,0,0,0.0035060851211713043,217.59900000000124,1
213.02000000000407,20.57999999999447,133.92000000000553,58.520000000004075,217.69142857143015,126.18000000000029,0,0,0,0,0,0,0.0033488933305698644,223.1140000000014,1
196.09999999999854,69.01000000000204,27.779999999998836,99.30999999999767,215.2378571428583,8.239999999997963,0,0,0,0,0,0,0.0033076765652510134,219.28100000000123,0
109.19999999999709,58.51000000000204,5.07999999999447,45.61000000000058,209.52571428571486,36.93000000000029,0,0,0,0,0,0,0.0032227392303461238,205.06600000000034,0
141.11000000000058,82.16999999999825,58.2300000000032,0.7099999999991269,202.5300000000009,-58.2300000000032,0,0,0,0,0,0,0.0031190765574438156,181.16500000000013,1
183.3199999999997,113.61999999999534,40.69000000000233,29.010000000002037,204.34785714285786,-161.36999999999534,0,0,0,0,0,1,0.0031525165575247024,184.94300000000004,1
105.52999999999884,62.549999999995634,20.270000000004075,22.709999999999127,195.1407142857149,-120.90000000000146,0,0,0,0,0,0,0.0030075743045794353,155.62999999999957,1
195.68999999999505,76.61999999999534,2.540000000000873,116.52999999999884,191.16499999999982,-265.75,0,0,0,0,0,0,0.0029497826374434498,154.862999999999,1
151.9800000000032,135.95999999999913,6.190000000002328,9.830000000001746,174.86928571428558,-72.55000000000291,1,0,0,0,0,0,0.0026926894685844775,155.03399999999965,1
115.95000000000437,2.6699999999982538,27.780000000006112,85.5,172.75571428571442,5.44999999999709,0,0,0,0,0,0,0.002660312427932779,156.63900000000066,1
99.81999999999971,41.32999999999447,14.17000000000553,44.31999999999971,151.40999999999985,75.88999999999942,0,0,0,0,0,0,0.0023331017849361206,151.1720000000001,1
94.58000000000175,67.77999999999884,26.80000000000291,0.0,143.63999999999993,79.69000000000233,0,0,0,0,0,0,0.0022111122707494956,139.3279999999999,0
72.19999999999709,3.389999999999418,51.279999999998836,17.529999999998836,138.06357142857138,152.16999999999825,0,0,0,0,0,0,0.0021254073581061946,126.93799999999973,0
44.31000000000495,32.900000000001455,5.450000000004366,5.959999999999127,134.09285714285787,-16.790000000000873,0,0,0,0,0,0,0.0020653358142740308,120.44900000000052,0
190.8900000000067,79.5,51.4800000000032,59.91000000000349,136.69285714285797,-92.19999999999709,0,0,0,0,0,1,0.0021079635551970333,125.42700000000113,1
78.2300000000032,18.0199999999968,43.720000000001164,16.49000000000524,127.06500000000077,-67.52999999999884,0,0,0,0,0,0,0.0019600051890429865,114.91800000000148,1
105.52999999999884,60.5,16.830000000001746,28.19999999999709,120.59571428571508,-193.76000000000204,0,0,0,0,0,1,0.0018619351394496178,114.91800000000148,1
53.57999999999447,19.520000000004075,4.009999999994761,30.049999999995634,116.62285714285774,-170.12999999999738,0,0,0,0,0,0,0.0018000546260881402,100.70700000000143,1
101.81999999999971,20.419999999998254,58.69000000000233,22.709999999999127,113.81642857142911,-159.23999999999796,0,0,0,0,0,0,0.0017573427342966203,95.69100000000108,1
136.72999999999593,86.06999999999971,6.849999999998545,43.80999999999767,110.4885714285717,6.349999999998545,0,0,0,0,0,0,0.0017036960216136072,97.76900000000023,1
97.48999999999796,13.440000000002328,60.90999999999622,23.139999999999418,109.91428571428592,10.439999999995052,0,0,0,0,0,0,0.001695178710370877,97.53600000000006,1
130.91999999999825,20.849999999998545,100.62000000000262,9.44999999999709,105.28785714285758,51.7300000000032,0,0,0,0,0,0,0.0016242924857064686,101.1699999999997,1
82.77999999999884,50.96999999999389,28.790000000000873,3.0200000000040745,100.34500000000013,84.75999999999476,0,0,0,0,0,0,0.0015467849855572277,102.22799999999988,0
95.84999999999854,61.650000000001455,16.909999999996217,17.290000000000873,98.90928571428542,45.61000000000058,0,0,0,0,0,0,0.0015260994941090286,107.38199999999924,0
161.62999999999738,116.55000000000291,12.519999999996799,32.55999999999767,103.32428571428525,-157.08000000000175,0,0,0,0,0,1,0.0015970935357535838,104.45599999999831,1
133.5699999999997,20.42000000000553,60.82999999999447,52.31999999999971,106.10928571428511,-123.86999999999534,0,0,0,0,0,0,0.001639627577733876,109.98999999999796,1
112.72000000000116,72.70999999999913,22.200000000004366,17.80999999999767,109.00357142857112,-37.79000000000087,0,0,0,0,0,0,0.0016825963405897341,110.7089999999982,0
282.5599999999977,265.3000000000029,17.25999999999476,0.0,126.02142857142773,-355.6599999999962,0,0,0,0,0,1,0.00195328730514704,133.60699999999852,1
114.83999999999651,32.05000000000291,47.11000000000058,35.679999999993015,120.58928571428416,-324.7300000000032,0,0,0,0,0,0,0.0018699756139451194,134.9089999999982,1
141.29999999999563,51.0,68.5,21.799999999995634,125.09428571428361,-156.11000000000058,0,0,0,0,0,0,0.0019382716073976813,135.36599999999817,1
114.09999999999854,19.299999999995634,56.38000000000466,38.419999999998254,125.70642857142646,-155.0300000000061,0,0,0,0,0,0,0.001947112025573342,137.02699999999822,1
219.12999999999738,45.479999999995925,0.0,173.65000000000146,137.53142857142666,-267.98999999999796,0,0,0,0,0,0,0.0021317754402028965,145.84799999999814,1
186.58000000000175,49.19000000000233,131.5,5.889999999999418,143.58571428571253,46.70999999999913,1,0,0,0,0,0,0.0022239173940918535,156.22799999999842,1
238.5899999999965,127.22000000000116,97.11999999999534,14.25,150.86142857142684,203.49000000000524,0,0,0,0,0,0,0.0023320463129473694,170.50199999999822,0
112.51000000000204,85.37000000000262,5.80000000000291,21.339999999996508,151.93428571428427,66.15000000000146,0,0,0,0,0,0,0.0023517331676855355,165.5899999999987,1
103.52999999999884,20.62999999999738,23.5,59.400000000001455,149.97785714285575,65.86000000000058,0,0,0,0,0,0,0.0023206934937621496,162.5859999999986,1
113.62999999999738,73.94999999999709,18.709999999999127,20.970000000001164,152.18142857142706,36.95999999999913,0,0,0,0,0,0,0.0023575039285646,162.67699999999823,1
89.58999999999651,38.93000000000029,27.75999999999476,22.900000000001455,151.73428571428408,26.55000000000291,0,0,0,0,0,0,0.002349159961992834,143.37999999999812,1
128.04000000000087,59.31000000000495,25.360000000000582,43.36999999999534,149.33499999999862,-41.029999999998836,0,0,0,0,0,0,0.002309915536921736,144.69999999999854,1
120.29999999999563,11.029999999998836,6.279999999998836,102.98999999999796,148.38714285714119,32.37000000000262,0,0,0,0,0,0,0.0022956780558121065,142.59999999999854,1
101.54000000000087,23.80000000000291,62.98999999999796,14.75,147.58857142856974,-11.669999999998254,0,0,0,0,0,0,0.0022841351654759624,141.34399999999877,1
121.02000000000407,47.93000000000029,4.990000000005239,68.09999999999854,136.04999999999876,12.909999999996217,0,0,0,0,0,0,0.002107184033910698,131.53299999999945,1
93.77999999999884,29.790000000000873,17.779999999998836,46.20999999999913,134.54571428571322,6.689999999995052,0,0,0,0,0,0,0.0020828296654813775,122.25299999999916,1
126.31999999999971,0.08000000000174623,9.840000000003783,116.39999999999418,133.4757142857135,-51.85000000000582,0,0,0,0,0,0,0.00206626109421409,111.02599999999947,1
106.07999999999447,43.63999999999942,41.45999999999913,20.979999999995925,132.90285714285605,-81.51000000000204,0,0,0,0,0,0,0.0020587188064777155,110.38299999999872,1
73.25,29.959999999999127,9.279999999998836,34.01000000000204,122.48285714285625,-29.709999999999127,0,0,0,0,0,0,0.0018964618703288252,107.35499999999884,1
177.0500000000029,136.97000000000116,2.7700000000040745,37.30999999999767,121.80214285714204,156.90000000000146,0,0,0,0,1,0,0.0018819355421708696,113.69699999999939,1
199.47000000000116,147.79999999999563,31.35000000000582,20.31999999999971,119.00785714285666,273.8899999999994,0,0,0,0,1,0,0.001834518222466997,124.68499999999986,1
147.12999999999738,12.0,78.25,56.87999999999738,121.48071428571347,261.3899999999994,0,0,0,0,0,0,0.001872994429704664,126.59399999999951,0
78.30999999999767,10.760000000002037,27.709999999999127,39.83999999999651,119.67928571428482,309.9400000000023,0,0,0,1,0,0,0.0018450222291091735,122.39499999999971,0
128.54000000000087,48.58999999999651,53.169999999998254,26.780000000006112,120.74428571428507,231.87000000000262,0,0,0,0,0,0,0.0018628547801539889,125.09499999999971,0
102.26000000000204,51.169999999998254,28.640000000006694,22.44999999999709,121.64928571428547,43.86000000000058,0,0,0,0,0,1,0.0018783009145948693,123.21899999999951,0
206.3599999999933,89.94999999999709,12.409999999996217,104.0,127.24357142857063,-195.9699999999939,0,0,0,0,0,1,0.0019674159577721053,134.47699999999895,1
101.58999999999651,43.529999999998836,23.12999999999738,34.93000000000029,125.90714285714213,-140.07999999999447,0,0,0,1,0,0,0.00194544296733127,132.00399999999863,0
135.04999999999563,125.56999999999971,6.4099999999962165,3.069999999999709,128.30071428571318,-272.09999999999854,0,0,0,0,0,1,0.0019862654962015504,134.90099999999876,0
167.07999999999447,143.9300000000003,8.849999999998545,14.299999999995634,131.5907142857125,-363.88000000000466,0,0,0,0,0,1,0.0020416563638344467,144.2839999999982,0
321.48999999999796,275.68999999999505,6.959999999999127,38.84000000000378,147.85571428571242,-588.3699999999953,0,0,0,0,0,1,0.0023038656278202164,158.7279999999977,1
222.0199999999968,7.900000000001455,57.87999999999738,156.23999999999796,154.6914285714265,-506.3000000000029,0,0,0,0,0,0,0.0024106810866435647,160.98299999999728,1
318.2099999999991,273.70000000000437,36.18999999999505,8.319999999999709,169.8435714285697,-824.0500000000029,0,0,0,0,0,0,0.002658168522659216,178.09099999999745,1
300.0699999999997,204.79000000000087,12.200000000004366,83.07999999999447,186.04499999999825,-492.0900000000038,0,0,0,0,0,0,0.0029023343320044312,200.26699999999764,1
245.7899999999936,19.919999999998254,208.77999999999884,17.089999999996508,190.9549999999976,-371.16999999999825,0,0,0,0,0,0,0.002979865562348057,211.99199999999692,1
162.81000000000495,10.189999999995052,86.2300000000032,66.3900000000067,188.33642857142644,-106.06999999999971,0,0,0,0,0,0,0.0029394883528162503,218.0469999999972,1
90.80000000000291,14.430000000000291,59.919999999998254,16.450000000004366,184.3128571428554,-112.45999999999913,0,0,0,0,0,0,0.002877338351742883,206.49099999999817,1
136.27000000000407,83.08999999999651,29.520000000004075,23.660000000003492,188.45285714285586,81.66000000000349,0,0,0,0,0,0,0.0029456519763447313,209.95899999999892,1
111.65000000000146,64.02000000000407,27.2699999999968,20.360000000000582,187.24642857142732,-60.19999999999709,0,0,0,0,0,0,0.0029238226774517414,207.61899999999952,1
113.38999999999942,3.6999999999970896,37.05000000000291,72.63999999999942,188.04142857142713,-43.73999999999796,0,0,0,0,0,0,0.002936403373112736,202.25,1
117.5,49.49000000000524,44.779999999998836,23.229999999995925,181.69428571428475,17.419999999998254,0,0,0,0,0,0,0.0028350493288240236,181.8510000000002,1
105.67000000000553,81.70999999999913,4.42000000000553,19.540000000000873,181.98571428571398,113.33999999999651,0,0,0,0,0,0,0.0028359910258103855,170.2160000000011,0
97.19000000000233,41.69999999999709,47.18000000000029,8.310000000004948,179.28142857142873,152.02999999999884,0,0,0,0,0,0,0.0027956526228359512,148.1140000000014,1
66.91000000000349,30.950000000004366,13.580000000001746,22.37999999999738,172.1264285714294,116.31999999999971,0,0,0,0,0,0,0.0026828534096610193,124.79800000000178,0
118.62999999999738,42.69000000000233,10.159999999996217,65.77999999999884,157.63642857142935,79.94999999999709,0,0,0,0,0,0,0.0024585378039386993,112.08200000000215,1
177.3000000000029,5.930000000000291,80.44000000000233,90.93000000000029,154.44214285714406,35.279999999998836,0,0,0,0,0,0,0.0024084972872366705,113.53100000000195,1
126.65000000000146,85.75999999999476,3.030000000006112,37.86000000000058,140.75928571428707,39.56999999999971,0,0,0,0,0,0,0.002192183411028643,117.1160000000018,1
187.83000000000175,11.510000000002037,10.400000000001455,165.91999999999825,132.7421428571444,67.7699999999968,0,0,0,0,0,0,0.0020677499283783176,122.27200000000157,1
127.43000000000029,87.77999999999884,4.529999999998836,35.12000000000262,124.28785714285914,-49.31999999999971,0,0,0,0,0,0,0.001938706510632483,123.85000000000146,1
114.81999999999971,30.43000000000029,0.0,84.38999999999942,120.86000000000162,22.169999999998254,0,0,0,0,0,0,0.0018843117405593288,123.99300000000149,1
338.34999999999854,293.50999999999476,22.43000000000029,22.410000000003492,138.54214285714417,-277.1999999999971,0,0,1,0,0,1,0.002169919974782458,146.07800000000134,1
204.97999999999593,56.31999999999971,101.06999999999971,47.58999999999651,143.45000000000073,-304.3099999999977,0,0,0,0,0,0,0.002244727043069352,156.00900000000038,1
157.20999999999913,120.92000000000553,31.189999999995052,5.099999999998545,146.70428571428627,-169.36999999999534,1,0,0,0,0,0,0.0022912860379212577,162.01100000000005,1
210.40999999999622,172.31000000000495,6.8399999999965075,31.25999999999476,153.63428571428605,90.29000000000087,0,0,0,0,1,0,0.0023930969220720163,176.36099999999934,1
335.0900000000038,106.19999999999709,225.8000000000029,3.0900000000037835,169.17642857142917,-43.07999999999447,0,0,1,0,0,0,0.002639379325123842,198.00699999999998,1
291.6600000000035,230.36999999999534,15.730000000003201,45.56000000000495,182.46142857142902,481.2199999999939,0,0,0,0,0,0,0.0028364284439566334,209.44300000000004,1
389.75,250.7300000000032,82.87999999999738,56.13999999999942,203.3585714285717,671.75,0,0,0,0,1,0,0.0031490832803125275,235.75299999999987,1
303.9599999999991,125.51000000000204,110.95999999999913,67.48999999999796,220.29071428571427,674.1999999999971,0,0,0,0,0,0,0.003404736605331648,247.36599999999962,1
183.47000000000116,8.69999999999709,83.93000000000029,90.84000000000378,224.92214285714311,493.9599999999991,0,0,0,0,0,0,0.003476767046416888,252.96999999999971,1
370.75,201.40999999999622,5.060000000004948,164.27999999999884,238.74000000000004,392.1299999999974,0,0,0,0,0,1,0.003702016369257603,278.56299999999976,1
278.73999999999796,177.25,42.55999999999767,58.93000000000029,249.60357142857123,-13.479999999995925,0,0,0,0,0,0,0.0038809904380445316,272.6019999999997,1
577.8600000000006,456.8700000000026,79.68000000000029,41.30999999999767,277.4628571428569,193.6800000000003,0,0,0,1,1,0,0.0042837678603823,309.89000000000016,0
156.59000000000378,92.4800000000032,8.440000000002328,55.669999999998254,279.54571428571427,-23.010000000002037,0,0,0,0,0,0,0.004322098348466413,309.8280000000006,1
219.7699999999968,21.150000000001455,104.79999999999563,93.81999999999971,287.0421428571426,-36.29000000000087,0,0,0,0,0,0,0.004439486432356144,310.7640000000007,0
248.33000000000175,201.84999999999854,11.419999999998254,35.06000000000495,280.6121428571428,-32.669999999998254,0,0,0,0,0,1,0.004353511272284876,302.0880000000005,1
194.58000000000175,30.94000000000233,46.95999999999913,116.68000000000029,279.8692857142861,171.38999999999942,0,0,0,0,0,0,0.004340014842251078,292.3800000000003,1
298.9799999999959,156.11000000000058,131.95999999999913,10.909999999996217,289.9957142857144,-440.4300000000003,0,0,0,0,0,0,0.004507916551413306,283.3029999999999,1
209.1999999999971,95.9600000000064,59.57999999999447,53.65999999999622,289.90928571428594,-250.50999999999476,0,0,0,0,0,0,0.004499759431448011,273.82699999999966,0
326.9599999999991,308.4800000000032,11.680000000000291,6.799999999995634,289.3285714285713,-537.9800000000032,0,0,0,0,0,1,0.004512394781806338,288.1759999999995,1
156.80999999999767,67.27999999999884,13.900000000001455,75.62999999999738,279.69642857142804,-274.0500000000029,0,0,0,0,0,0,0.004357832787515905,266.78199999999924,1
173.3000000000029,73.88999999999942,63.150000000001455,36.26000000000204,264.235714285714,-377.26000000000204,0,0,0,0,0,0,0.004121693545082284,256.2379999999997,1
175.13999999999942,75.96999999999389,6.280000000006112,92.88999999999942,255.03428571428543,-300.0199999999968,0,0,0,0,0,0,0.0039830250008868525,215.9659999999996,1
178.39999999999418,117.36000000000058,29.93000000000029,31.109999999993306,254.67214285714206,-278.7800000000061,0,0,0,0,0,0,0.003970012648019057,218.14699999999866,1
191.86999999999534,18.0199999999968,123.84999999999854,50.0,241.89499999999887,48.37000000000262,0,0,0,0,0,0,0.003769772624557777,215.35699999999852,1
142.34999999999854,58.25,18.290000000000873,65.80999999999767,232.15285714285605,-73.25,0,0,0,0,0,0,0.003621209138949865,204.7589999999982,1
191.87000000000262,84.26000000000204,90.19999999999709,17.410000000003492,204.58214285714192,84.4800000000032,0,0,0,0,0,0,0.0031869847333399993,204.4879999999983,1
98.65999999999622,7.69999999999709,67.45999999999913,23.5,200.44428571428423,151.95999999999913,0,0,0,0,0,0,0.003123048108843226,184.4559999999983,0
122.11000000000058,26.74000000000524,24.799999999995634,70.56999999999971,193.46857142857021,60.10000000000582,0,0,0,0,0,0,0.0030131044055093513,175.74699999999865,0
104.09000000000378,62.0,36.31999999999971,5.7700000000040745,183.16571428571322,-19.959999999999127,0,0,0,0,0,0,0.002855403995035675,153.45999999999913,1
142.07999999999447,74.43000000000029,13.680000000000291,53.96999999999389,179.4157142857127,112.23999999999796,0,0,0,0,0,0,0.002793703883760219,151.9869999999988,0
105.07999999999447,85.14999999999418,10.959999999999127,8.970000000001164,165.5657142857126,-57.279999999998836,0,0,0,0,0,0,0.0025814895111619155,145.16499999999797,0
88.2300000000032,0.47000000000116415,55.020000000004075,32.73999999999796,156.92499999999876,-46.200000000004366,0,0,0,0,0,0,0.0024467514842663983,136.47399999999834,0
86.59000000000378,35.0,22.68000000000029,28.910000000003492,139.75571428571337,-107.61000000000058,0,0,0,0,0,0,0.002180227375324382,127.2929999999993,1
65.44000000000233,39.44000000000233,10.650000000001455,15.349999999998545,133.22928571428514,-85.05000000000291,0,0,0,0,0,0,0.002079693211439188,114.65,1
111.07999999999447,74.34999999999854,19.68000000000029,17.049999999995634,128.7849999999988,-86.11000000000058,0,0,0,0,0,0,0.002008019291704056,111.5229999999996,0
60.36999999999534,20.299999999995634,25.639999999999418,14.430000000000291,120.58714285714139,-20.330000000001746,0,0,0,0,0,0,0.0018807828206194048,98.37299999999887,1
88.29000000000087,45.75,26.580000000001746,15.959999999999127,114.15071428571329,25.37000000000262,0,0,0,0,0,0,0.0017791173651477733,97.33599999999933,0
88.44999999999709,52.38999999999942,4.110000000000582,31.94999999999709,106.76357142857056,8.239999999997963,0,0,0,0,0,0,0.0016653268496827712,93.96999999999898,1
98.86999999999534,36.75,48.46999999999389,13.650000000001455,103.65785714285605,85.99000000000524,0,0,0,1,0,0,0.0016159177131198214,93.44799999999813,0
193.63999999999942,168.5,0.0,25.139999999999418,103.81142857142757,-156.23999999999796,0,0,0,0,0,0,0.0016225834463352497,98.60399999999863,1
152.9100000000035,46.770000000004075,99.79000000000087,6.349999999998545,107.6864285714281,-89.54000000000087,0,0,0,0,0,0,0.0016819208452870152,103.38699999999953,0
143.77999999999884,104.80999999999767,12.5,26.470000000001164,109.23428571428511,-240.12999999999738,0,0,0,0,0,1,0.0017088871114055112,108.9419999999991,1
102.22999999999593,37.830000000001746,35.05999999999767,29.339999999996508,109.1014285714274,-226.22000000000116,0,0,0,0,0,1,0.0017078196542802692,110.50599999999831,1
190.75,111.94999999999709,0.0,78.80000000000291,112.57785714285637,-376.47000000000116,0,0,0,0,0,1,0.0017653315272424374,123.03699999999807,1
114.97999999999593,10.62999999999738,21.5,82.84999999999854,113.28499999999933,-196.95999999999913,0,0,0,0,0,0,0.0017761241626574355,123.42699999999823,1
117.86000000000058,6.150000000001455,74.86000000000058,36.849999999998545,115.40142857142772,-250.54000000000087,0,0,0,0,0,0,0.0018094997966521802,129.17599999999874,1
104.81999999999971,27.68000000000029,21.889999999999418,55.25,116.70357142857029,-174.33000000000175,0,0,0,0,0,0,0.0018307312712834867,130.82899999999864,1
146.44000000000233,1.2100000000064028,115.56999999999971,29.659999999996217,122.48928571428458,-139.26000000000204,0,0,0,0,0,0,0.0019215753859062406,136.62799999999916,1
201.45999999999913,15.209999999999127,11.720000000001164,174.52999999999884,128.9449999999992,-41.93000000000029,0,0,0,0,0,0,0.0020233147621559595,146.88699999999955,1
105.97000000000116,104.49000000000524,1.4799999999959255,0.0,132.20214285714246,51.91000000000349,0,0,0,0,1,0,0.0020710285945689244,138.11999999999972,1
206.5699999999997,101.01000000000204,80.15000000000146,25.409999999996217,140.6507142857138,158.4300000000003,0,0,0,1,0,0,0.002199944697217257,143.48599999999934,0
198.11000000000058,10.309999999997672,37.30000000000291,150.5,148.4835714285712,173.4300000000003,0,0,0,0,0,0,0.0023229449663733515,148.9189999999995,0
260.5,246.36999999999534,11.700000000004366,2.430000000000291,160.02857142857152,-71.72999999999593,0,0,0,0,0,1,0.0025133086784378165,164.74599999999992,0
261.1800000000003,180.01000000000204,3.4099999999962165,77.76000000000204,164.82571428571413,-237.19000000000233,0,0,0,0,0,1,0.0025959916501129368,171.78899999999993,1
198.13999999999942,64.36999999999534,14.830000000001746,118.94000000000233,168.0564285714281,-277.2700000000041,0,0,0,0,0,0,0.0026441935631639634,180.1050000000003,1
158.7300000000032,81.77000000000407,45.20999999999913,31.75,169.12428571428558,-458.72000000000116,0,0,0,0,0,0,0.002664422304554808,184.19200000000055,1
168.02000000000407,75.84999999999854,46.09000000000378,46.080000000001746,173.82357142857185,-521.2200000000012,0,0,0,0,0,0,0.0027417321711191195,190.512000000001,1
118.23999999999796,31.880000000004657,13.989999999997963,72.36999999999534,168.644285714286,-242.23999999999796,0,0,0,0,0,0,0.0026587367839322985,187.69200000000055,1
184.40999999999622,134.09000000000378,35.19999999999709,15.119999999995343,173.60357142857174,75.15000000000146,1,0,0,0,1,0,0.002731009748506419,185.98700000000025,1
116.83999999999651,58.349999999998545,46.23999999999796,12.25,173.5307142857143,66.11000000000058,0,0,0,1,0,0,0.0027274887117783287,187.07399999999978,0
99.62999999999738,62.62999999999738,21.05999999999767,15.940000000002328,173.15999999999985,85.38000000000466,0,0,0,0,0,0,0.002724337366609181,176.37999999999957,0
116.81000000000495,46.56999999999971,18.770000000004075,51.470000000001164,171.04357142857148,114.63999999999942,0,0,0,0,0,1,0.0026930134485466544,168.25,0
93.65999999999622,68.47000000000116,0.0,25.189999999995052,163.34357142857127,16.619999999995343,0,0,0,0,0,0,0.002574494579771435,151.56599999999963,1
232.12000000000262,115.04000000000087,32.67000000000553,84.40999999999622,172.35428571428565,-235.84000000000378,0,0,0,0,0,0,0.0027214536435037377,148.65999999999985,1
167.80999999999767,80.16999999999825,23.80999999999767,63.830000000001746,169.5857142857141,-211.34999999999854,0,0,0,1,0,0,0.002674366752261719,145.62699999999967,1
121.77999999999884,9.680000000000291,100.12999999999738,11.970000000001164,164.1335714285711,-139.08000000000175,0,0,0,1,0,0,0.0025879869032795605,141.93199999999925,0
115.34000000000378,53.9600000000064,0.0,61.37999999999738,153.77214285714268,-146.5500000000029,0,0,0,0,0,1,0.0024266808852131815,136.66399999999922,0
265.27999999999884,219.15000000000146,11.930000000000291,34.19999999999709,154.06499999999974,-298.0,0,0,0,0,0,1,0.0024397118870731573,151.3679999999993,0
284.34999999999854,222.66999999999825,29.05999999999767,32.62000000000262,160.2228571428568,-407.86999999999534,0,0,0,0,0,1,0.002546298550848809,161.36199999999954,0
190.47999999999593,140.2699999999968,4.5899999999965075,45.62000000000262,162.49071428571344,-627.8099999999977,0,0,0,0,0,0,0.0025881022724472316,168.7259999999995,1
233.72000000000116,6.099999999998545,152.67000000000553,74.94999999999709,167.18357142857036,-643.9100000000035,0,0,0,0,0,0,0.0026631163152064925,182.13499999999985,1
246.66999999999825,104.41999999999825,6.30000000000291,135.9499999999971,176.3571428571418,-485.9599999999991,0,0,0,0,0,0,0.0028046035118724755,195.12099999999919,0
103.69999999999709,51.9800000000032,31.589999999996508,20.12999999999738,170.59214285714188,-321.41999999999825,0,0,0,0,0,0,0.0027152494198336916,196.12499999999926,1
107.81999999999971,63.39999999999418,7.990000000005239,36.43000000000029,169.9478571428564,-32.770000000004075,0,0,0,0,0,0,0.0027022577953505064,183.69499999999897,0
82.45999999999913,39.599999999998545,0.0,42.86000000000058,168.80428571428482,66.56999999999971,0,0,0,0,0,0,0.0026858151148727184,175.15999999999912,1
145.34000000000378,27.659999999996217,7.1600000000034925,110.52000000000407,170.84214285714188,100.0,0,0,0,0,0,0,0.002717066680807544,177.51599999999962,1
112.15999999999622,1.3099999999976717,48.62000000000262,62.229999999995925,172.16357142857046,-5.169999999998254,0,0,0,0,0,0,0.0027381383689992814,177.19799999999887,1
151.23999999999796,100.36000000000058,33.44999999999709,17.43000000000029,166.38642857142727,-54.87999999999738,0,0,0,0,0,0,0.0026506240159341506,165.7939999999988,1
137.84000000000378,55.90999999999622,5.510000000002037,76.42000000000553,164.2457142857134,-62.529999999998836,0,0,0,0,0,0,0.002614189991166647,151.1429999999993,1
167.94000000000233,89.95999999999913,8.269999999996799,69.7100000000064,167.54285714285652,-111.75,0,0,0,0,0,0,0.0026704929766922653,148.88899999999995,1
162.13999999999942,13.709999999999127,0.4099999999962165,148.02000000000407,170.8785714285706,-150.11999999999534,0,0,0,0,0,0,0.0027241499543033195,141.73099999999977,1
148.72000000000116,102.15999999999622,42.81999999999971,3.7400000000052387,162.55285714285648,-45.54000000000087,1,0,0,0,1,0,0.0025871606692098514,131.93600000000006,1
103.77000000000407,60.86000000000058,8.260000000002037,34.650000000001455,149.65428571428544,121.12999999999738,0,0,0,0,0,0,0.0023794805092385344,131.94300000000075,1
109.36000000000058,11.099999999998545,11.169999999998254,87.09000000000378,143.86000000000007,55.30000000000291,0,0,0,0,0,0,0.0022877105290819606,132.09700000000083,1
142.59999999999854,118.36000000000058,0.19999999999708962,24.040000000000873,137.35142857142844,262.1999999999971,0,0,0,0,0,0,0.002180155451664122,138.1110000000008,1
104.73999999999796,77.06999999999971,3.7299999999959255,23.94000000000233,127.21357142857129,198.59999999999854,0,0,0,0,0,0,0.002021640873290192,134.05100000000022,1
160.74000000000524,100.62000000000262,52.05000000000291,8.069999999999709,131.28785714285758,195.40000000000146,0,0,0,0,0,0,0.00208307455879887,138.9090000000011,1
82.05999999999767,8.040000000000873,30.659999999996217,43.36000000000058,129.44785714285743,139.69000000000233,0,0,0,0,0,0,0.0020536401138453713,131.99100000000107,1
118.09999999999854,78.56999999999971,16.44999999999709,23.080000000001746,131.91071428571482,227.61000000000058,0,0,0,0,1,0,0.0020901236651503247,130.01700000000056,1
42.169999999998254,3.2400000000052387,23.169999999998254,15.759999999994761,124.5414285714287,107.44999999999709,0,0,0,0,0,0,0.0019734587354960005,117.44000000000014,1
128.40000000000146,98.97000000000116,29.19000000000233,0.23999999999796273,125.70142857142908,94.69999999999709,0,0,0,0,0,1,0.001994608565634556,114.06600000000034,1
77.03000000000611,42.830000000001746,8.80000000000291,25.400000000001455,120.40071428571537,37.11000000000058,0,0,0,0,0,0,0.0019092099055329711,106.89700000000084,1
204.5199999999968,163.70999999999913,8.010000000002037,32.799999999995634,125.16357142857201,200.75999999999476,0,0,0,0,1,0,0.001979367335781674,116.97200000000012,1
108.59999999999854,9.349999999998545,57.33999999999651,41.91000000000349,120.92500000000031,132.02999999999884,0,0,0,1,0,0,0.0019120551101955714,116.89599999999992,1
120.15999999999622,50.66000000000349,41.479999999995925,28.0199999999968,117.92642857142866,84.58000000000175,0,0,0,0,0,0,0.0018661376912272045,114.65199999999967,1
140.90000000000146,61.099999999998545,44.220000000001164,35.580000000001746,117.36785714285725,111.61000000000058,0,0,0,0,0,1,0.0018590804463024064,118.26800000000003,1
140.16999999999825,89.63000000000466,7.4099999999962165,43.12999999999738,119.96785714285683,-14.480000000003201,0,0,0,0,0,0,0.0019027829334730482,116.21099999999933,1
105.75,4.779999999998836,56.7300000000032,44.23999999999796,119.70999999999965,-190.40999999999622,0,0,0,0,0,0,0.0018988409947890076,118.57999999999956,1
340.4400000000023,285.8000000000029,1.5500000000029104,53.08999999999651,133.88142857142833,-487.6600000000035,0,0,1,0,0,1,0.0021333710547506014,140.81399999999994,1
156.90000000000146,40.13999999999942,102.26000000000204,14.5,137.60714285714286,-395.9400000000023,0,0,0,0,0,0,0.0021913068055198774,152.28700000000026,1
412.73999999999796,296.8899999999994,82.19999999999709,33.650000000001455,155.60714285714235,-630.4199999999983,0,0,1,0,0,0,0.0024896429823392636,180.72099999999992,1
652.739999999998,591.0599999999977,28.470000000001164,33.20999999999913,196.3699999999995,44.20999999999913,1,0,0,0,1,0,0.003112397539879319,238.2919999999991,1
390.2700000000041,239.73999999999796,133.9600000000064,16.56999999999971,215.81071428571417,287.2299999999959,0,0,0,0,1,0,0.0034076658298306623,256.86699999999985,1
303.27999999999884,148.86000000000058,101.65999999999622,52.76000000000204,234.4614285714285,426.2700000000041,0,0,0,0,0,0,0.0037108849308447665,276.33499999999987,1
282.8400000000038,23.959999999999127,89.06000000000495,169.8199999999997,245.49285714285725,413.3600000000006,0,0,0,0,0,0,0.0038837538426212425,292.60300000000063,1
174.2300000000032,93.17999999999302,25.910000000003492,55.140000000006694,252.43571428571417,616.8700000000026,0,0,0,0,0,0,0.003999383293081858,295.9360000000008,1
345.5699999999997,239.19000000000233,28.5,77.87999999999738,262.5107142857144,-224.45999999999913,0,0,0,0,0,0,0.004175560341871612,316.4760000000009,1
372.7099999999991,338.52999999999884,15.270000000004075,18.909999999996217,281.3757142857144,-124.70999999999913,0,0,0,0,0,0,0.004451707842227514,343.1720000000008,1
198.75,46.150000000001455,49.4800000000032,103.11999999999534,286.98928571428615,-23.130000000004657,0,0,1,0,0,0,0.004543921102461111,329.0030000000006,1
324.76000000000204,245.27000000000407,4.830000000001746,74.65999999999622,300.12214285714333,194.13000000000466,0,0,0,0,1,0,0.004733464463028681,345.78900000000067,1
225.11000000000058,2.0799999999944703,103.05000000000291,119.9800000000032,306.1892857142863,295.27999999999884,0,0,1,0,0,0,0.004828422358148481,327.0260000000009,1
244.19000000000233,6.880000000004657,69.44999999999709,167.86000000000058,316.0778571428579,552.1300000000047,0,0,0,0,0,0,0.004983842878949695,286.17100000000136,1
183.7300000000032,55.87999999999738,17.87000000000262,109.9800000000032,304.84428571428674,271.15000000000146,0,0,0,0,0,0,0.004802407372361824,265.5170000000013,1
234.5699999999997,57.37999999999738,127.78000000000611,49.40999999999622,310.39214285714377,376.8899999999994,0,0,0,0,1,0,0.004885307927889893,258.6460000000014,1
568.2699999999968,380.4599999999991,187.80999999999767,0.0,321.50571428571544,512.0299999999988,0,0,0,0,1,0,0.005030100498303024,287.18900000000065,1
219.70999999999913,67.36000000000058,105.63999999999942,46.70999999999913,290.57500000000124,569.0499999999956,0,0,0,0,0,0,0.004541441404973435,291.73700000000025,1
135.33000000000175,13.950000000004366,74.62999999999738,46.75,272.3650000000011,570.1100000000006,0,0,0,0,0,0,0.004256326942917588,270.7130000000005,1
238.5300000000061,16.790000000000873,181.88000000000466,39.86000000000058,267.7400000000016,529.4599999999991,0,0,0,0,0,0,0.004182989789374131,257.29500000000115,1
160.12999999999738,46.7699999999968,35.13999999999942,78.22000000000116,258.97500000000116,508.6200000000026,0,0,0,0,0,0,0.004043675284325938,253.4330000000009,1
202.92000000000553,126.08999999999651,0.10000000000582077,76.7300000000032,261.02428571428703,2.139999999999418,0,0,0,0,0,0,0.004083704807126059,241.24900000000125,1
208.05999999999767,188.5,4.220000000001164,15.339999999996508,251.20214285714403,123.86000000000058,0,0,0,0,1,0,0.003918491438233886,239.54400000000095,1
252.2300000000032,119.91000000000349,128.33000000000175,3.9899999999979627,242.59642857143004,230.34999999999854,0,0,0,0,0,0,0.0037775266952746124,240.34800000000104,0
212.94000000000233,186.48999999999796,10.919999999998254,15.530000000006112,243.61000000000163,20.520000000004075,0,1,0,0,0,1,0.003804779112432724,243.26900000000097,1
125.40999999999622,25.4800000000032,7.769999999996799,92.15999999999622,229.37071428571548,5.120000000002619,0,0,0,0,0,0,0.003581143143885026,232.3530000000006,1
124.27999999999884,93.95000000000437,0.0,30.32999999999447,222.1685714285725,226.15000000000146,0,0,0,0,1,0,0.0034635557513927116,187.9540000000008,0
83.52999999999884,28.75,37.43000000000029,17.349999999998545,210.69285714285797,3.889999999999418,0,0,0,0,0,0,0.003286389412177398,174.33600000000078,1
157.69000000000233,142.29999999999563,3.7700000000040745,11.62000000000262,208.8328571428579,-254.77999999999884,0,0,0,0,0,1,0.00326473809277773,176.57200000000086,1
92.25,26.909999999996217,41.93000000000029,23.410000000003492,198.66714285714366,-36.24000000000524,0,0,0,0,0,0,0.003104604385906979,161.94400000000024,1
155.37000000000262,74.9800000000032,2.5,77.88999999999942,169.17000000000084,14.790000000000873,0,0,0,0,0,0,0.002640625358526133,161.46800000000076,1
168.86000000000058,1.2799999999988358,85.81999999999971,81.76000000000204,165.5378571428581,-73.41000000000349,0,0,0,0,1,0,0.0025836530890124506,158.06200000000027,1
82.84000000000378,53.95999999999913,27.30000000000291,1.5800000000017462,161.78857142857254,12.400000000001455,0,0,0,0,0,0,0.002523091842173863,145.54000000000087,0
103.56000000000495,20.400000000001455,60.7300000000032,22.43000000000029,152.14785714285816,136.8399999999965,0,0,0,0,0,0,0.002373489320908203,130.67300000000105,0
88.61000000000058,41.56000000000495,16.279999999998836,30.7699999999968,147.03928571428696,69.93000000000029,0,0,0,0,0,1,0.0022952989806020534,118.24000000000088,0
55.86000000000058,3.25,12.940000000002328,39.669999999998254,136.5350000000009,-5.9100000000034925,0,0,0,0,0,0,0.002131412462928408,111.2850000000013,0
99.80000000000291,15.010000000002037,55.23999999999796,29.55000000000291,128.80214285714413,-31.169999999998254,0,0,0,0,0,0,0.002011274235914235,108.83700000000172,0
126.12000000000262,116.04000000000087,0.0,10.080000000001746,119.87285714285827,-200.20999999999913,0,0,0,0,0,1,0.0018752716301154886,113.09600000000209,0
61.04000000000087,12.25,15.589999999996508,33.200000000004366,109.02285714285816,-194.04999999999563,0,0,0,0,0,0,0.0017059082642667455,103.43100000000194,1
56.40999999999622,29.7699999999968,17.279999999998836,9.360000000000582,104.09428571428673,-123.13999999999942,0,0,0,0,0,0,0.0016280524251381142,99.84700000000157,0
105.30000000000291,78.11999999999534,5.370000000002619,21.810000000004948,102.73857142857274,-198.8399999999965,0,0,0,0,0,0,0.0016088190225462152,94.8400000000016,1
78.45999999999913,57.520000000004075,5.470000000001164,15.469999999993888,102.3764285714299,-121.66999999999825,0,0,0,0,0,0,0.0016016738305625593,85.80000000000146,0
54.43999999999505,4.370000000002619,43.549999999995634,6.519999999996799,95.00142857142939,1.9000000000014552,0,0,0,0,0,0,0.0014861428426392277,82.96000000000058,0
80.58000000000175,28.839999999996508,31.780000000006112,19.959999999999127,94.16785714285808,-13.440000000002328,0,0,0,0,0,0,0.001473778250295061,80.66200000000026,1
81.7699999999968,19.970000000001164,15.94999999999709,45.849999999998545,88.9107142857148,-27.659999999996217,0,0,0,0,0,0,0.001391180606771351,79.97799999999988,1
65.94000000000233,38.83999999999651,26.880000000004657,0.22000000000116415,81.55928571428636,89.47999999999593,0,0,0,0,0,0,0.0012753781634813682,80.98600000000006,0
97.11000000000058,64.90000000000146,0.4800000000032014,31.729999999995925,82.57857142857185,-34.56000000000495,0,0,0,0,0,1,0.0012926363134804022,80.71699999999983,1
65.54000000000087,9.239999999997963,32.5,23.80000000000291,79.86285714285727,-56.68000000000029,0,0,0,0,0,0,0.0012504332306925638,74.65899999999965,1
48.599999999998545,18.5,4.349999999998545,25.75,77.00499999999998,-16.87999999999738,0,0,0,0,0,0,0.001205488656149017,73.41499999999942,1
88.80000000000291,65.38999999999942,13.010000000002037,10.400000000001455,79.35785714285728,34.86999999999534,1,0,0,0,0,0,0.0012410305076064009,76.65400000000008,0
80.18000000000029,48.470000000001164,4.759999999994761,26.950000000004366,77.95642857142853,-51.69999999999709,0,0,0,0,0,0,0.0012200250490853857,74.14199999999983,1
47.720000000001164,8.62000000000262,31.44000000000233,7.6599999999962165,72.2778571428571,24.37000000000262,0,0,0,0,0,0,0.0011309635670105156,71.06800000000003,1
48.38000000000466,14.020000000004075,7.400000000001455,26.959999999999127,71.37357142857165,54.11000000000058,0,0,0,0,0,0,0.00111656833517106,70.46200000000098,1
41.43999999999505,21.25999999999476,15.349999999998545,4.830000000001746,70.30428571428585,64.82999999999447,0,0,0,0,0,0,0.0010994752665875111,66.54800000000031,0
78.25,24.549999999995634,45.03000000000611,8.669999999998254,68.37214285714279,-24.909999999996217,0,0,0,0,0,0,0.001069648115371674,66.19600000000064,0
35.520000000004075,1.5599999999976717,13.319999999999709,20.640000000006694,65.30500000000029,21.260000000002037,0,0,0,0,0,0,0.0010216891280261553,63.15400000000081,0
46.55000000000291,17.7300000000032,5.379999999997381,23.44000000000233,64.74142857142942,26.4800000000032,0,0,0,0,0,0,0.0010126181666233061,58.09800000000105,0
48.06999999999971,21.799999999995634,17.900000000001455,8.37000000000262,62.419285714286424,-12.599999999998545,0,0,0,0,0,0,0.000976679984125818,56.35100000000093,1
34.75,8.519999999996799,11.30000000000291,14.930000000000291,59.06071428571522,-42.299999999995634,0,0,0,0,0,0,0.0009242506170184815,54.966000000001074,1
96.37000000000262,62.31999999999971,14.710000000006403,19.339999999996508,61.23428571428667,43.229999999995925,0,0,0,0,1,0,0.0009573324408593763,55.72300000000105,0
44.029999999998836,15.69999999999709,13.029999999998836,15.30000000000291,57.442857142857974,29.099999999998545,0,0,0,0,0,0,0.0008982778621621457,52.1080000000009,0
40.529999999998836,15.259999999994761,3.470000000001164,21.80000000000291,55.65642857142926,-2.209999999999127,0,0,0,0,0,0,0.0008705501268123692,51.38900000000067,0
45.25999999999476,28.599999999998545,6.75,9.909999999996217,55.41785714285756,-5.7700000000040745,0,0,0,0,0,0,0.0008672063178447753,51.07699999999968,1
24.110000000000582,20.92000000000553,0.0,3.1899999999950523,50.79714285714311,23.220000000001164,0,0,0,0,0,0,0.000794643906093824,49.344000000000236,0
47.849999999998545,36.17000000000553,5.219999999993888,6.459999999999127,48.487857142857266,-77.5,0,0,0,0,0,0,0.000758975285533944,46.30400000000009,1
56.62999999999738,36.62000000000262,6.5,13.509999999994761,49.12428571428557,-25.19000000000233,0,0,0,0,0,0,0.0007684967252456459,48.41499999999942,0
41.55000000000291,5.029999999998836,24.380000000004657,12.139999999999418,48.636428571428304,-14.980000000003201,0,0,0,0,0,0,0.0007609250764098769,47.91499999999942,1
54.87000000000262,3.0800000000017462,31.5199999999968,20.270000000004075,49.59571428571456,10.970000000001164,0,0,0,0,0,0,0.000775965312068501,48.59499999999971,1
25.260000000002037,1.9100000000034925,14.040000000000873,9.309999999997672,45.8107142857147,-8.650000000001455,0,0,0,0,0,0,0.0007167358142297722,47.645999999999916,1
44.05999999999767,24.169999999998254,15.889999999999418,4.0,46.42071428571425,54.75,0,0,0,0,0,0,0.0007259963416996413,42.41499999999942,0
48.529999999998836,17.770000000004075,2.8399999999965075,27.919999999998254,46.562142857142526,0.09999999999854481,0,0,0,0,0,0,0.0007284136106508462,42.86499999999942,0
20.439999999995052,0.7099999999991269,10.869999999995343,8.860000000000582,44.588571428570766,7.690000000002328,0,0,0,0,0,0,0.0006975117544206089,40.85599999999904,0
50.62999999999738,18.489999999997963,30.56999999999971,1.569999999999709,45.72285714285629,28.93000000000029,0,0,0,0,1,0,0.0007150476558060805,41.392999999999304,0
35.69999999999709,24.75,5.870000000002619,5.07999999999447,41.38928571428447,53.25999999999476,0,0,0,0,0,0,0.0006470207877857825,42.551999999998955,0
31.650000000001455,6.150000000001455,2.9100000000034925,22.589999999996508,40.50499999999894,34.580000000001746,0,0,0,0,0,0,0.0006331351734607326,40.93199999999924,0
30.44999999999709,17.780000000006112,9.82999999999447,2.8399999999965075,39.78499999999882,33.349999999998545,0,0,0,0,0,0,0.0006220681024241161,38.31399999999921,0
63.21999999999389,24.150000000001455,13.789999999993597,25.279999999998836,41.06785714285589,6.959999999999127,0,0,0,0,0,0,0.0006423662764799227,40.48099999999831,0
43.75,31.669999999998254,2.4899999999979627,9.590000000003783,42.470714285712994,21.599999999998545,0,0,0,0,0,0,0.0006639639699799062,39.36899999999805,0
51.18000000000029,33.2699999999968,10.430000000000291,7.480000000003201,42.70857142857027,-32.299999999995634,0,0,0,0,0,0,0.0006679818956707549,41.960999999997874,0
27.25,18.12999999999738,4.240000000005239,4.879999999997381,40.609999999999026,-20.44000000000233,0,0,0,0,0,0,0.0006349793072736798,40.27999999999811,0
44.15999999999622,23.459999999999127,7.970000000001164,12.729999999995925,40.796428571427114,-24.639999999999418,0,0,0,0,0,0,0.0006381283897113923,39.84299999999784,0
53.830000000001746,28.410000000003492,5.669999999998254,19.75,40.72214285714134,-29.660000000003492,0,0,0,0,0,0,0.0006372543989622524,43.18199999999852,1
29.760000000002037,18.44000000000233,7.459999999999127,3.860000000000582,41.04357142856991,-44.45999999999913,0,0,0,0,0,0,0.0006420990969400775,41.09499999999898,1
22.380000000004657,1.9700000000011642,11.330000000001746,9.080000000001746,39.49499999999898,-10.220000000001164,0,0,0,0,0,0,0.0006178189013945544,39.762999999999735,1
23.989999999997963,12.69999999999709,10.589999999996508,0.7000000000043656,37.74214285714178,-15.729999999995925,0,0,0,0,0,0,0.0005902825806793648,38.99699999999939,1
20.310000000004948,11.849999999998545,6.92000000000553,1.5400000000008731,37.732857142856766,19.709999999999127,0,0,0,0,0,0,0.0005900268024025356,37.983000000000175,1
19.14999999999418,4.830000000001746,5.379999999997381,8.939999999995052,35.484285714285114,53.51000000000204,0,0,0,0,0,0,0.0005548234053769015,33.57600000000021,1
12.94999999999709,5.44999999999709,6.669999999998254,0.8300000000017462,33.859285714285114,29.580000000001746,0,0,0,0,0,0,0.0005294607613650792,30.495999999999913,1
20.44999999999709,7.8400000000037835,12.339999999996508,0.2699999999967986,33.0871428571419,32.51000000000204,0,0,0,0,0,0,0.0005173179331128155,27.422999999999593,1
13.029999999998836,1.7299999999959255,8.730000000003201,2.569999999999709,31.84285714285631,21.62999999999738,0,0,0,0,0,0,0.0004978500427427248,26.000999999999475,1
15.849999999998545,7.010000000002037,8.839999999996508,0.0,28.459285714285215,15.60000000000582,0,0,0,0,0,0,0.0004449078999442556,23.16999999999971,1
86.72000000000116,46.31000000000495,37.599999999998545,2.8099999999976717,31.528571428571013,57.05000000000291,0,0,0,0,1,0,0.0004925334979128633,26.45899999999965,1
143.36000000000058,74.22000000000116,66.36000000000058,2.779999999998836,38.11285714285675,134.91999999999825,0,0,0,0,0,0,0.0005947195352025686,37.818999999999505,1
96.52000000000407,37.650000000001455,16.459999999999127,42.41000000000349,43.060714285714184,88.84999999999854,0,0,0,0,0,0,0.0006723208907481715,45.23299999999945,1
137.12000000000262,82.25,25.260000000002037,29.610000000000582,49.70071428571464,169.40000000000146,0,0,0,0,1,0,0.0007749977512245356,56.545999999999914,1
92.4600000000064,31.660000000003492,60.76000000000204,0.040000000000873115,52.46000000000068,195.09999999999854,0,0,0,0,0,0,0.0008176205807225871,63.76100000000006,0
231.83000000000175,189.94000000000233,11.389999999999418,30.5,66.89357142857209,-42.4800000000032,0,1,0,0,0,1,0.0010456929089200252,85.02900000000082,1
112.33000000000175,38.0,13.860000000000582,60.470000000001164,73.31857142857189,-76.37999999999738,0,0,0,0,0,0,0.0011454407060965891,94.96700000000128,1
82.83000000000175,5.42000000000553,42.2699999999968,35.13999999999942,77.5214285714293,-33.419999999998254,0,0,0,0,0,0,0.0012109990897589558,101.20500000000175,1
81.69000000000233,47.4800000000032,10.19999999999709,24.010000000002037,81.90571428571482,-72.55999999999767,0,0,0,0,0,0,0.0012786264215056957,108.0710000000021,1
91.10000000000582,52.44999999999709,21.010000000002037,17.640000000006694,87.04500000000137,-52.11000000000058,0,0,0,0,0,0,0.0013577512787460702,115.59600000000282,0
63.75,12.519999999996799,8.410000000003492,42.81999999999971,90.67357142857301,150.5699999999997,0,0,0,0,0,0,0.0014140979313308063,113.2990000000027,1
53.700000000004366,12.970000000001164,19.2300000000032,21.5,93.02071428571642,125.04999999999563,0,0,0,0,0,0,0.0014504095993506797,104.33300000000308,1
80.70000000000437,50.58999999999651,3.650000000001455,26.460000000006403,97.85428571428825,69.04000000000087,0,0,0,0,0,1,0.001526981457846675,102.75100000000312,1
63.7300000000032,31.779999999998836,8.80000000000291,23.150000000001455,101.27428571428858,-5.900000000001455,0,0,0,0,0,0,0.0015811339486222467,95.41200000000318,1
68.93000000000029,22.889999999999418,39.79000000000087,6.25,100.00357142857423,-81.72000000000116,0,0,0,0,0,0,0.0015618734601035896,93.05900000000256,1
51.83999999999651,30.55999999999767,16.81999999999971,4.459999999999127,93.46642857143108,-125.43000000000029,0,0,0,0,0,0,0.0014605108462962765,75.06000000000203,1
134.6999999999971,73.51000000000204,47.470000000001164,13.719999999993888,96.19357142857345,-63.38999999999942,0,0,0,0,0,0,0.0015013657789740968,77.29700000000157,1
75.08000000000175,21.510000000002037,18.5,35.06999999999971,91.76214285714481,11.019999999996799,0,0,0,0,0,0,0.0014316695325986598,76.52200000000157,1
47.29000000000087,4.360000000000582,7.720000000001164,35.20999999999913,88.53571428571584,47.0,0,0,0,0,0,0,0.0013812408350018415,73.08200000000143,1
53.94000000000233,10.57999999999447,32.31000000000495,11.05000000000291,75.82928571428731,59.950000000004366,0,0,0,0,0,0,0.0011832073430743382,69.36600000000108,1
211.45000000000437,164.5,27.720000000001164,19.2300000000032,82.9092857142875,256.72000000000116,0,0,0,0,1,0,0.0012903680952500553,84.13600000000152,1
58.330000000001746,19.599999999998545,8.85000000000582,29.87999999999738,81.1592857142875,201.34999999999854,0,0,0,0,0,0,0.001262745985025025,84.59900000000125,1
174.62999999999738,19.419999999998254,137.0,18.209999999999127,87.79785714285858,157.58000000000175,0,0,0,0,0,0,0.0013664593759899846,93.99200000000056,1
179.05999999999767,139.48999999999796,34.86000000000058,4.709999999999127,94.08071428571513,290.2099999999991,0,0,0,0,0,0,0.0014611327246938895,105.525,1
91.61000000000058,45.87000000000262,17.56999999999971,28.169999999998254,96.07071428571518,346.84999999999854,0,0,0,0,0,0,0.0014909765208361942,107.79300000000003,1
40.76000000000204,4.379999999997381,11.090000000003783,25.290000000000873,95.1464285714293,179.76000000000204,0,0,0,0,0,0,0.0014766908989346675,106.68500000000058,1
216.63000000000466,89.95999999999913,108.20000000000437,18.470000000001164,104.85571428571504,253.0699999999997,0,0,0,0,0,0,0.00162503685441184,114.87800000000134,1
101.39999999999418,86.72000000000116,2.7399999999979627,11.939999999995052,107.54642857142868,186.29999999999563,0,0,0,0,0,0,0.001668980948487977,117.51000000000059,1
60.06999999999971,25.160000000003492,29.81999999999971,5.0899999999965075,106.91357142857149,74.08000000000175,0,0,0,0,0,0,0.001658526925280847,118.78800000000047,1
56.799999999995634,36.81999999999971,15.319999999999709,4.6599999999962165,107.26785714285714,63.2699999999968,0,0,0,0,0,0,0.001663118348620216,119.0739999999998,1
126.52999999999884,63.470000000001164,61.86000000000058,1.1999999999970896,106.68428571428583,1.8999999999941792,0,0,0,0,0,0,0.0016557118400257664,110.58199999999924,1
65.13999999999942,42.099999999998545,16.839999999996508,6.200000000004366,105.97428571428567,-47.12999999999738,0,0,0,0,0,0,0.0016435727800844578,111.26299999999901,1
58.01000000000204,30.340000000003783,26.19999999999709,1.4700000000011642,106.74000000000004,68.52000000000407,0,0,0,0,0,0,0.0016547067057942643,99.60099999999947,1
143.20999999999913,63.900000000001455,27.43000000000029,51.87999999999738,113.11642857142839,111.7699999999968,0,0,0,0,1,0,0.0017517132639082772,96.01599999999962,1
144.02999999999884,29.62000000000262,103.06999999999971,11.339999999996508,108.30071428571371,104.41000000000349,0,0,0,0,0,0,0.0016764183254643896,101.25799999999944,1
64.15000000000146,36.11000000000058,0.0,28.040000000000873,108.71928571428518,132.20000000000437,0,0,0,0,0,0,0.0016838397515837626,103.59699999999938,1
151.88999999999942,82.19999999999709,29.94000000000233,39.75,107.0949999999996,169.61000000000058,0,0,0,0,0,0,0.0016565964310204136,97.12299999999887,1
134.87999999999738,80.27999999999884,0.0,54.599999999998545,103.9392857142853,224.2699999999968,0,0,0,0,1,0,0.001605706890734175,100.47099999999918,1
125.37000000000262,41.520000000004075,78.97999999999593,4.870000000002619,106.35071428571402,109.15000000000146,0,0,0,0,0,0,0.0016441607684032921,107.00099999999948,1
98.4600000000064,71.42000000000553,0.0,27.040000000000873,110.4835714285712,9.869999999995343,0,0,0,0,0,0,0.001709946160856518,111.16700000000056,1
198.18999999999505,68.97000000000116,88.09999999999854,41.11999999999534,109.16642857142766,114.98999999999796,0,0,0,0,0,0,0.0016877592492206038,118.33300000000017,1
153.72999999999593,66.04000000000087,76.98999999999796,10.69999999999709,112.90428571428492,105.31999999999971,0,0,0,0,0,0,0.0017436166319313262,127.19199999999982,1
108.37000000000262,58.11000000000058,48.43000000000029,1.8300000000017462,116.35428571428513,-39.849999999998545,0,0,0,0,0,0,0.0017986073821694337,132.2279999999999,1
85.04000000000087,37.7300000000032,20.80999999999767,26.5,118.37142857142837,45.19000000000233,0,0,0,0,0,0,0.0018287210102697021,126.41100000000006,1
87.63000000000466,27.9800000000032,27.610000000000582,32.04000000000087,115.59285714285735,146.84000000000378,0,0,0,0,0,0,0.0017849656325454758,120.77100000000064,1
106.52000000000407,61.66000000000349,20.660000000003492,24.19999999999709,118.54857142857198,13.559999999997672,0,0,0,0,0,0,0.0018324269977106672,125.0080000000009,1
115.58999999999651,84.7300000000032,21.479999999995925,9.37999999999738,122.66142857142871,26.970000000001164,0,0,0,0,0,0,0.0018935106193654005,121.37800000000061,1
48.56999999999971,2.349999999998545,19.25,26.970000000001164,115.90142857142875,86.02999999999884,0,0,0,0,0,0,0.0017892276941157482,112.74700000000084,1
45.75,17.540000000000873,11.900000000001455,16.30999999999767,108.88142857142884,65.80999999999767,0,0,0,0,0,0,0.001680401472576446,104.78500000000058,1
51.700000000004366,0.4800000000032014,19.139999999999418,32.080000000001746,107.98928571428613,37.18000000000029,0,0,0,0,0,0,0.0016665957117368549,100.10900000000038,1
131.72000000000116,42.93999999999505,76.85000000000582,11.930000000000291,106.54857142857198,58.78000000000611,0,0,0,0,0,0,0.0016454457901901387,93.46200000000098,1
46.950000000004366,18.810000000004948,21.56999999999971,6.569999999999709,100.26785714285818,-46.950000000004366,0,1,0,0,0,0,0.001548946203484596,82.78400000000184,1
34.650000000001455,4.529999999998836,22.69000000000233,7.430000000000291,93.7878571428581,-40.93000000000029,0,0,0,0,0,0,0.0014487649632596012,75.41200000000171,1
29.139999999999418,6.190000000002328,15.769999999996799,7.180000000000291,88.82500000000073,-64.40000000000146,0,0,0,0,0,0,0.0013722281416377465,69.82200000000157,1
30.400000000001455,1.5099999999947613,17.040000000000873,11.85000000000582,76.84000000000118,-67.84999999999854,0,0,0,0,0,0,0.0011871126898082758,64.09900000000125,1
16.139999999999418,8.769999999996799,3.1900000000023283,4.180000000000291,67.0121428571443,-32.68000000000029,0,0,0,0,0,0,0.0010354012605061716,55.06100000000079,1
25.219999999993888,0.9200000000055297,19.82999999999447,4.469999999993888,61.072857142857956,-10.32999999999447,0,0,0,0,0,0,0.0009436091607981561,46.02400000000053,1
290.0300000000061,125.56999999999971,83.90000000000146,80.56000000000495,75.71500000000118,109.7300000000032,0,0,0,0,1,0,0.0011676097964181556,70.17000000000117,0
131.95999999999913,69.5199999999968,30.020000000004075,32.419999999998254,78.88142857142937,45.80000000000291,0,0,0,0,0,0,0.0012177515657569979,78.79100000000108,1
135.6999999999971,20.25999999999476,107.61000000000058,7.830000000001746,80.96571428571458,70.0399999999936,0,0,0,0,0,0,0.001249499437421018,87.19100000000034,0
50.01000000000204,16.07999999999447,24.7300000000032,9.200000000004366,76.28142857142926,61.470000000001164,0,0,0,0,0,0,0.0011775021733743658,79.02000000000044,0
125.68999999999505,90.47000000000116,20.479999999995925,14.739999999997963,81.79000000000035,-31.62000000000262,0,0,0,0,0,1,0.001264318065882431,86.89399999999951,1
119.04000000000087,67.19000000000233,0.0,51.849999999998545,87.02714285714319,-222.37000000000262,0,0,0,0,0,1,0.0013466736680699148,95.33299999999944,1
52.79000000000087,4.3399999999965075,27.220000000001164,21.2300000000032,87.10500000000009,-156.11000000000058,0,0,0,0,0,0,0.0013479535340198694,97.6979999999996,1
59.029999999998836,46.05999999999767,1.860000000000582,11.110000000000582,81.91285714285706,-132.79999999999563,0,0,0,0,0,0,0.0012667122107796382,100.56099999999932,1
110.69000000000233,67.46999999999389,3.5600000000049477,39.66000000000349,86.46571428571406,-183.61000000000058,0,0,0,0,0,0,0.001338503413154951,110.01599999999962,1
76.04000000000087,61.94000000000233,12.0,2.099999999998545,89.42214285714259,-28.839999999996508,0,0,0,0,0,0,0.0013829130183269872,115.09800000000033,1
110.58999999999651,51.81000000000495,39.07999999999447,19.69999999999709,95.23999999999953,90.20000000000437,0,0,0,0,0,0,0.0014717067316830075,97.15399999999936,0
84.26000000000204,40.93000000000029,30.860000000000582,12.470000000001164,99.08714285714242,52.61000000000058,0,0,0,0,0,0,0.0015321303264810816,92.38399999999965,1
72.52000000000407,59.62000000000262,12.900000000001455,0.0,103.28428571428542,69.06999999999971,0,0,0,0,0,0,0.0015954988919294466,86.06600000000034,0
112.24000000000524,61.98999999999796,36.38000000000466,13.87000000000262,109.50000000000053,74.0199999999968,0,0,0,0,0,0,0.0016931378591501117,92.28900000000067,0
54.38999999999942,21.130000000004657,4.549999999995634,28.709999999999127,92.66857142857147,-12.570000000006985,0,0,0,0,0,0,0.0014333976662276044,85.1590000000011,1
56.48999999999796,29.330000000001746,27.159999999996217,0.0,87.2778571428571,-36.12000000000262,0,0,0,0,0,0,0.001349424009125489,78.90400000000082,0
39.00999999999476,1.2099999999991269,8.689999999995052,29.110000000000582,80.37142857142837,3.2600000000020373,0,0,0,0,0,0,0.0012426768266062687,77.52600000000021,0
47.799999999995634,7.959999999999127,30.029999999998836,9.809999999997672,80.21357142857076,-52.330000000001746,0,0,0,0,0,0,0.0012401131841394213,76.40299999999988,0
55.74000000000524,0.25,39.05000000000291,16.44000000000233,75.21714285714292,11.459999999999127,0,0,0,0,0,0,0.001162834970987432,70.90800000000017,0
40.98999999999796,18.040000000000873,8.260000000002037,14.689999999995052,69.63999999999994,16.510000000002037,0,0,0,0,0,0,0.0010769166533933536,67.40299999999988,1
44.5,17.99000000000524,16.37999999999738,10.12999999999738,69.04785714285701,-31.270000000004075,0,0,0,0,0,0,0.0010680819691008762,60.79400000000023,1
15.180000000000291,3.819999999999709,11.360000000000582,0.0,65.91571428571426,-33.06999999999971,0,0,0,0,0,0,0.0010196886697629696,53.88600000000006,1
77.84999999999854,42.150000000001455,21.12000000000262,14.57999999999447,64.5392857142854,30.81999999999971,0,0,0,0,0,0,0.0009973113047937827,54.41899999999951,0
103.54000000000087,44.479999999995925,13.400000000001455,45.66000000000349,66.50357142857112,-15.479999999995925,0,0,0,0,0,0,0.0010283718180725653,53.54899999999907,0
76.36999999999534,7.120000000002619,17.789999999993597,51.45999999999913,64.05928571428532,-4.419999999998254,0,0,0,0,0,0,0.000990683906052013,55.746999999998664,0
82.73999999999796,44.419999999998254,0.0,38.31999999999971,63.9507142857136,-29.32999999999447,0,0,0,0,0,0,0.0009896847109535996,58.371999999998664,1
48.56999999999971,10.769999999996799,19.270000000004075,18.529999999998836,62.06999999999919,-37.4800000000032,0,0,0,0,0,0,0.0009607541153616826,59.32799999999916,1
93.63999999999942,55.00999999999476,36.67000000000553,1.9599999999991269,60.74142857142734,-52.51000000000204,0,0,0,0,0,0,0.0009393861002803917,63.91199999999954,0
77.69999999999709,57.83999999999651,12.010000000002037,7.849999999998545,62.40642857142718,-60.01000000000204,0,0,0,0,0,0,0.0009659123560652842,66.10799999999873,0
107.80000000000291,80.36000000000058,0.0,27.44000000000233,66.07142857142753,-133.25,0,0,0,0,0,1,0.0010239119186911496,72.78899999999922,1
116.68000000000029,56.75,28.889999999999418,31.040000000000873,71.61928571428507,-142.9800000000032,0,0,0,0,0,1,0.0011108194727306,80.00699999999924,1
50.61000000000058,1.4500000000043656,30.419999999998254,18.739999999997963,71.81999999999971,-135.37999999999738,0,0,0,0,0,0,0.001114004441127141,83.54999999999927,1
119.22999999999593,50.0,24.62999999999738,44.599999999998545,76.35499999999904,-141.04999999999563,0,0,0,0,1,0,0.001183436629917164,87.68799999999901,1
67.58000000000175,53.68000000000029,8.639999999999418,5.260000000002037,78.25428571428503,-32.06999999999971,1,0,0,0,1,0,0.0012118033513359773,84.0919999999991,1
81.32999999999447,37.48999999999796,21.279999999998836,22.55999999999767,80.88499999999893,86.34999999999854,0,0,0,0,0,0,0.0012518033799697056,84.58799999999901,0
132.87000000000262,64.02000000000407,39.79000000000087,29.05999999999767,89.29142857142766,76.48999999999796,0,0,0,0,0,0,0.0013832744144094279,89.60099999999947,0
123.09999999999854,0.23000000000320142,43.98999999999796,78.87999999999738,91.55428571428482,72.84999999999854,0,0,0,0,0,0,0.0014185012823903953,97.05399999999936,0
110.19999999999709,35.2699999999968,50.87999999999738,24.05000000000291,92.02999999999884,-11.989999999997963,0,0,0,0,0,0,0.001426650728525075,98.70999999999913,0
62.06999999999971,14.110000000000582,13.30000000000291,34.65999999999622,91.00857142857058,-83.45000000000437,0,0,0,0,0,0,0.0014111328426759967,97.1469999999994,0
111.54000000000087,64.44999999999709,10.319999999999709,36.770000000004075,93.06571428571364,-185.9499999999971,0,0,0,0,0,1,0.001444473138588946,97.52099999999919,1
136.73999999999796,136.73999999999796,0.0,0.0,99.36357142857067,-257.86999999999534,0,0,0,0,0,0,0.0015454828049220157,99.52699999999895,1
168.44000000000233,28.389999999999418,107.54000000000087,32.51000000000204,104.706428571428,-273.5400000000009,0,0,0,0,0,0,0.0016291793558995,111.30999999999912,1
134.40000000000146,92.62000000000262,30.25,11.529999999998836,108.75642857142832,-146.5500000000029,0,0,0,0,0,0,0.0016897830116139622,112.82699999999969,1
112.48999999999796,34.169999999998254,16.19000000000233,62.12999999999738,109.09142857142797,-97.91999999999825,0,0,0,0,0,0,0.001694088603780055,117.3179999999993,1
121.43000000000029,82.76000000000204,21.43000000000029,17.239999999997963,109.43071428571368,-116.24000000000524,0,0,0,0,0,0,0.0017015441966450689,121.32799999999989,1
115.76000000000204,44.20999999999913,11.210000000006403,60.33999999999651,114.08428571428522,63.86999999999534,0,0,0,0,0,0,0.0017726850759335066,119.61699999999982,1
81.93000000000029,15.80000000000291,61.9800000000032,4.149999999994179,111.41999999999982,103.63999999999942,0,0,0,0,0,0,0.0017308480083364024,115.5,1
112.81999999999971,53.919999999998254,47.270000000004075,11.62999999999738,114.65142857142824,67.5199999999968,0,0,0,0,0,0,0.0017795086439960492,115.76200000000026,1
94.29000000000087,54.349999999998545,23.510000000002037,16.43000000000029,115.57714285714299,92.56999999999971,0,0,0,0,0,0,0.0017922293486461185,118.98400000000038,1
147.31000000000495,71.10000000000582,22.099999999998545,54.11000000000058,116.60857142857172,103.29000000000087,0,0,0,0,0,0,0.0018102457255659897,122.56100000000079,1
104.52999999999884,59.479999999995925,23.580000000001746,21.470000000001164,115.28214285714317,118.19000000000233,0,0,0,0,0,0,0.0017880141818954704,119.34000000000087,1
150.0199999999968,68.50999999999476,72.83000000000175,8.680000000000291,118.12642857142886,170.37999999999738,0,0,0,0,0,0,0.0018301846054313623,117.49800000000032,1
101.01000000000204,13.389999999999418,34.220000000001164,53.400000000001455,120.9078571428576,101.41000000000349,0,0,0,0,0,0,0.0018736657529772939,114.15900000000038,1
106.92000000000553,60.5,27.5,18.92000000000553,120.57785714285794,-22.799999999995634,0,0,0,0,0,0,0.0018704356269383805,113.60200000000114,1
100.15999999999622,45.799999999995634,31.099999999998545,23.260000000002037,117.96500000000067,96.58000000000175,0,0,0,0,0,0,0.0018285614902919633,111.47500000000073,1
54.79000000000087,9.599999999998545,16.87000000000262,28.31999999999971,109.84714285714342,47.779999999998836,0,0,0,0,0,0,0.001702456263592393,105.37800000000061,1
155.75999999999476,26.770000000004075,82.83999999999651,46.14999999999418,111.37285714285723,-47.43000000000029,0,0,0,0,0,0,0.0017268175174663062,112.76100000000005,1
120.25,59.70999999999913,25.919999999998254,34.62000000000262,111.92714285714308,25.599999999998545,0,0,0,0,0,0,0.0017338070150129722,113.50400000000009,1
93.45999999999913,9.39999999999418,14.010000000002037,70.05000000000291,109.92928571428585,81.61000000000058,0,0,0,0,0,0,0.0017030961245331228,113.4209999999999,1
92.54000000000087,50.68000000000029,19.610000000000582,22.25,108.27071428571435,-16.43000000000029,0,0,0,0,0,0,0.0016787190511681782,107.9439999999995,1
295.01000000000204,150.90000000000146,2.0900000000037835,142.0199999999968,123.49071428571447,125.11000000000058,0,0,0,0,1,0,0.0019102060514884019,126.99199999999982,0
133.77999999999884,40.61999999999534,65.70999999999913,27.450000000004366,124.98785714285727,108.03000000000611,0,0,0,0,0,0,0.0019346752586386962,125.36800000000002,1
130.54000000000087,32.48999999999796,78.93000000000029,19.12000000000262,127.57714285714299,20.090000000003783,0,1,0,0,0,1,0.0019756184647676525,128.3209999999999,0
96.09999999999854,69.06999999999971,0.569999999999709,26.459999999999127,123.9307142857142,-40.7300000000032,0,0,0,0,0,1,0.0019212277041781261,127.23899999999921,0
278.0200000000041,77.19999999999709,9.760000000002037,191.06000000000495,136.32285714285743,-67.22999999999593,0,0,0,0,0,1,0.002115868325079117,145.025,1
102.02000000000407,78.61000000000058,17.650000000001455,5.760000000002037,132.89428571428653,-298.8099999999977,0,0,0,0,0,0,0.002065210074840068,149.74800000000033,1
111.5,23.700000000004366,30.849999999998545,56.94999999999709,133.6435714285721,-231.29000000000087,0,0,0,0,0,0,0.002076088883381295,145.32200000000086,1
92.88000000000466,0.11000000000058208,29.280000000006112,63.48999999999796,132.6407142857149,-202.10000000000582,0,0,0,0,0,0,0.0020604798898574248,142.58500000000132,1
117.9800000000032,31.37999999999738,7.720000000001164,78.88000000000466,133.91357142857254,-100.31999999999971,0,0,0,0,0,0,0.002079219898440208,145.0370000000017,1
58.779999999998836,13.900000000001455,16.610000000000582,28.2699999999968,134.1985714285724,-39.13000000000466,0,0,0,0,0,0,0.0020841630564121917,141.6610000000015,1
59.45999999999913,24.130000000004657,21.0199999999968,14.309999999997672,127.32000000000127,15.309999999997672,0,0,0,0,0,0,0.001978113660745448,118.10600000000122,1
81.83000000000175,41.62999999999738,8.900000000001455,31.30000000000291,124.57571428571568,31.339999999996508,0,0,0,0,0,0,0.001934282356025714,112.91100000000151,1
107.51000000000204,49.54000000000087,57.970000000001164,0.0,125.57928571428731,79.93000000000029,0,0,0,0,0,0,0.001948366379275881,110.60800000000162,1
69.10000000000582,13.290000000000873,25.340000000003783,30.470000000001164,123.90500000000195,34.919999999998254,0,0,0,0,0,0,0.0019227784967862178,107.90800000000236,1
62.61000000000058,6.9099999999962165,40.450000000004366,15.25,107.30500000000185,57.169999999998254,0,0,0,0,0,0,0.0016650156935545926,86.36700000000201,1
65.69999999999709,40.080000000001746,1.7799999999988358,23.839999999996508,102.44214285714459,122.65000000000146,0,0,0,0,0,0,0.0015885704538456523,82.7350000000013,1
80.86999999999534,7.629999999997381,29.540000000000873,43.69999999999709,98.89428571428705,75.22000000000116,0,0,0,0,0,0,0.0015337364865865063,79.67200000000085,1
92.2699999999968,57.20999999999913,11.25,23.80999999999767,98.60928571428667,-29.69999999999709,0,0,0,0,0,1,0.0015306313308468867,79.61100000000006,1
131.02000000000407,127.2100000000064,0.0,3.8099999999976717,88.11071428571502,-143.90000000000146,0,0,1,0,0,1,0.0013703769289203805,80.91500000000015,1
102.33000000000175,65.83000000000175,17.099999999998545,19.400000000001455,88.1328571428577,-82.0199999999968,0,0,0,0,0,0,0.0013692706224123319,85.27000000000044,1
356.18999999999505,254.92000000000553,31.39999999999418,69.86999999999534,105.6107142857145,127.12000000000262,0,0,0,0,1,0,0.0016344835197897069,114.94300000000003,1
245.4300000000003,103.09000000000378,142.3399999999965,0.0,116.50714285714275,235.15000000000146,0,0,0,0,0,0,0.0018003259990716565,131.30299999999988,1
137.61000000000058,43.18000000000029,17.160000000003492,77.2699999999968,117.90928571428542,332.34999999999854,0,0,0,0,0,0,0.0018208162314803354,134.31299999999973,1
149.72000000000116,133.4100000000035,11.559999999997672,4.75,124.40499999999987,324.5,0,0,0,0,0,0,0.0019251422133912692,142.37499999999926,1
160.37000000000262,27.720000000001164,19.410000000003492,113.23999999999796,131.61285714285728,288.9300000000003,0,0,0,0,0,0,0.002035656974929641,152.15099999999947,1
78.79999999999563,33.37999999999738,14.360000000000582,31.05999999999767,131.39642857142826,6.519999999996799,0,0,0,0,0,0,0.002033350777266029,153.46099999999933,1
139.15000000000146,77.15000000000146,31.12999999999738,30.87000000000262,133.65642857142822,-15.529999999998836,0,0,0,0,0,0,0.00206582099446186,159.28899999999993,1
127.93999999999505,28.169999999998254,28.989999999997963,70.77999999999884,137.8592857142846,-80.91999999999825,0,0,0,0,0,0,0.0021315580727232844,162.85599999999977,1
505.15000000000146,285.7899999999936,55.88000000000466,163.4800000000032,169.46928571428467,343.0,0,0,0,0,1,0,0.0026086565479800363,200.2689999999995,1
306.6999999999971,135.6800000000003,97.70999999999913,73.30999999999767,186.68357142857036,168.70999999999913,0,0,0,0,0,0,0.002879921117288211,220.70599999999905,1
158.44000000000233,61.020000000004075,72.5199999999968,24.900000000001455,192.22428571428514,140.5,0,0,0,0,0,0,0.002968204168646277,200.93099999999976,1
403.9400000000023,255.02999999999884,0.20999999999912689,148.70000000000437,214.4864285714284,-189.13999999999942,0,0,0,0,0,0,0.0033248658121933163,216.78199999999998,1
540.4100000000035,241.62999999999738,238.34000000000378,60.44000000000233,243.72714285714287,78.44999999999709,0,0,0,0,0,0,0.0037639042838891316,257.06200000000024,1
268.13000000000466,49.720000000001164,101.62000000000262,116.79000000000087,255.57000000000022,-160.65999999999622,0,0,0,0,0,0,0.003943766035003646,268.9030000000006,1
234.0199999999968,83.38999999999942,82.70999999999913,67.91999999999825,246.84357142857178,-103.0,0,0,0,0,0,0,0.0038140548674011152,276.26800000000003,1
290.25,141.80999999999767,25.56999999999971,122.87000000000262,250.04500000000033,-186.05999999999767,0,0,0,0,0,0,0.003872159353112692,297.41300000000047,1
330.51000000000204,199.18999999999505,123.04000000000087,8.280000000006112,263.8235714285719,263.79999999999563,0,0,0,0,0,0,0.004073010785699296,316.54900000000055,1
254.86999999999534,154.1600000000035,12.939999999995052,87.7699999999968,271.3342857142857,-134.34999999999854,0,0,0,0,0,0,0.004198956254265909,329.24200000000053,1
237.1800000000003,159.20999999999913,67.70999999999913,10.260000000002037,276.82071428571413,-27.650000000001455,0,0,0,0,0,0,0.004273514640797897,302.44500000000045,1
148.98999999999796,0.06000000000494765,146.00999999999476,2.9199999999982538,281.8342857142857,58.16000000000349,0,0,0,0,0,0,0.00435079716905755,286.67400000000055,1
119.95000000000437,12.459999999999127,46.63000000000466,60.86000000000058,280.4628571428574,214.75999999999476,0,0,0,0,0,0,0.004328809225996814,282.8250000000007,1
249.45999999999913,156.00999999999476,50.9800000000032,42.470000000001164,289.1428571428577,-139.65999999999622,0,0,0,0,0,0,0.004473545278886877,267.3770000000004,1
238.40999999999622,214.25,0.029999999998835847,24.12999999999738,270.09000000000015,228.72000000000116,0,0,0,1,0,0,0.004164958831535444,237.17699999999968,0
139.82999999999447,36.779999999998836,14.459999999999127,88.58999999999651,258.17071428571427,38.38999999999942,0,0,0,0,0,0,0.003983238173527721,224.34699999999867,0
173.2300000000032,151.1800000000003,10.470000000001164,11.580000000001746,259.2271428571429,-116.41000000000349,0,0,0,0,0,0,0.004009005443250179,218.2679999999993,1
147.29000000000087,51.37999999999738,17.2300000000032,78.68000000000029,240.89499999999992,-77.23999999999796,0,0,0,1,0,0,0.003722536260326427,203.97199999999938,0
119.47000000000116,32.29000000000087,53.61000000000058,33.56999999999971,210.82785714285689,44.779999999998836,0,0,0,0,0,0,0.003259617029261817,182.8679999999993,0
203.55999999999767,185.38000000000466,4.629999999997381,13.549999999995634,206.21571428571355,-354.8400000000038,0,0,0,0,0,1,0.0031974730148215855,177.73699999999954,0
493.0400000000009,298.1400000000067,19.64999999999418,175.25,224.7171428571424,-616.9400000000023,0,0,0,0,0,1,0.0035004120553459445,203.32299999999958,1
301.09999999999854,58.25,137.97000000000116,104.87999999999738,225.49214285714228,-521.8499999999985,0,0,0,0,0,0,0.0035156593838345483,218.53399999999965,1
151.33000000000175,13.860000000000582,52.220000000001164,85.25,212.69357142857083,-559.3600000000006,0,0,0,0,0,0,0.0033153987456996845,221.6719999999994,1
119.5,73.55999999999767,7.740000000005239,38.19999999999709,203.02428571428547,-599.0400000000009,0,0,0,0,0,0,0.003168309918437256,208.67599999999948,1
127.80999999999767,64.07999999999447,0.0,63.7300000000032,195.21214285714242,-349.34999999999854,0,0,0,0,0,0,0.00304334268662025,197.61599999999962,1
134.86999999999534,64.83999999999651,29.150000000001455,40.87999999999738,194.2035714285708,-122.33999999999651,0,0,0,0,0,0,0.003030878992252373,197.11999999999972,1
403.13000000000466,311.34999999999854,26.99000000000524,64.79000000000087,214.4307142857137,-376.5400000000009,0,0,1,0,0,1,0.003362942766422716,220.10999999999984,1
183.45999999999913,88.77999999999884,31.790000000000873,62.88999999999942,209.71642857142797,-297.9300000000003,0,0,0,0,0,0,0.003284244154032421,223.7269999999997,1
101.88999999999942,47.859999999993306,43.400000000001455,10.630000000004657,199.96499999999963,-174.9100000000035,0,0,0,0,0,0,0.0031291091416180616,221.9689999999995,1
250.9300000000003,163.5300000000061,13.32999999999447,74.06999999999971,207.90071428571432,-76.86999999999534,0,0,0,0,1,0,0.003245045419330763,226.70599999999976,1
123.75999999999476,82.22999999999593,4.389999999999418,37.13999999999942,204.36714285714228,73.66999999999825,0,0,0,0,1,0,0.003185836009649807,189.77799999999917,1
126.54000000000087,65.37000000000262,36.12999999999738,25.040000000000873,202.88499999999945,451.22000000000116,0,0,0,0,1,0,0.0031595115336147585,172.32199999999938,1
143.4699999999939,20.029999999998836,70.7699999999968,52.669999999998254,204.59928571428463,378.3000000000029,0,0,0,0,0,0,0.003185237225718508,171.5359999999986,1
141.51000000000204,61.90999999999622,66.77000000000407,12.830000000001746,200.1671428571421,267.3500000000058,0,0,0,0,0,0,0.0031192228471981615,173.7369999999988,1
396.9400000000023,313.75999999999476,44.970000000001164,38.2100000000064,193.30285714285648,-208.45999999999913,0,0,0,0,0,1,0.0030270421763133847,200.64999999999927,1
192.80999999999767,137.44000000000233,55.36999999999534,0.0,185.5678571428564,-154.3399999999965,0,0,0,0,0,0,0.002899754667997249,206.4439999999995,1
105.27999999999884,45.07999999999447,14.730000000003201,45.470000000001164,182.2785714285705,-177.2300000000032,0,0,0,0,0,0,0.002846465516139397,176.6589999999989,1
120.03000000000611,91.77999999999884,10.090000000003783,18.160000000003492,182.31642857142808,-104.54000000000087,0,0,0,0,1,0,0.0028429607441902414,170.31599999999963,1
86.61000000000058,43.279999999998836,23.260000000002037,20.06999999999971,179.37357142857113,0.7399999999979627,0,0,0,0,0,0,0.0027951624943717817,168.78799999999973,1
90.91000000000349,39.330000000001746,48.79000000000087,2.790000000000873,176.2335714285717,275.0199999999968,0,0,1,0,0,0,0.0027479098568579208,152.78600000000006,1
130.6800000000003,86.51000000000204,1.7799999999988358,42.38999999999942,156.77285714285713,225.1800000000003,0,0,0,0,0,0,0.002441202948182836,153.4780000000006,1
175.11000000000058,69.03000000000611,67.69999999999709,38.37999999999738,156.17642857142866,251.60000000000582,0,0,0,0,0,0,0.0024293092420768947,158.33500000000058,1
92.43999999999505,22.939999999995052,0.0,69.5,155.65428571428598,134.26000000000204,0,0,1,0,0,0,0.0024221322753471687,153.2320000000007,1
65.0,16.209999999999127,24.81999999999971,23.970000000001164,142.37357142857167,76.19999999999709,0,0,1,0,0,0,0.002215963493140159,145.5810000000005,1
192.45999999999913,72.79999999999563,74.44000000000233,45.220000000001164,147.28071428571482,186.8399999999965,0,0,0,0,0,0,0.002289793588200388,125.13300000000018,1
88.59999999999854,42.279999999998836,19.75999999999476,26.560000000004948,144.57071428571467,59.54000000000087,0,0,1,0,0,0,0.002249110935611442,114.71200000000026,1
601.1299999999974,484.98999999999796,110.48999999999796,5.650000000001455,177.2607142857149,476.23999999999796,0,0,0,0,1,0,0.0027369979500501415,164.2970000000001,1
253.64999999999418,168.4699999999939,85.18000000000029,0.0,185.27071428571435,667.689999999995,0,0,0,0,0,0,0.002853346740675171,177.6589999999989,0
294.82999999999447,234.0699999999997,16.18000000000029,44.57999999999447,177.97714285714235,449.3199999999997,0,1,0,0,0,1,0.002750874795584408,198.48099999999832,0
141.1999999999971,63.06999999999971,46.12999999999738,32.0,174.29071428571373,315.6400000000067,0,0,0,0,0,0,0.0026964893070026705,203.50999999999766,1
156.6999999999971,97.91999999999825,56.86000000000058,1.9199999999982538,177.96357142857076,259.5199999999968,0,0,0,0,0,0,0.0027574762104052007,206.11199999999735,1
140.69000000000233,47.479999999995925,91.2300000000032,1.9800000000032014,179.45714285714192,-176.37000000000262,0,0,0,0,0,0,0.002778478430717491,202.66999999999751,1
140.0699999999997,36.25,67.02999999999884,36.79000000000087,183.2757142857133,-305.6499999999942,0,0,0,0,0,0,0.0028359716050478825,207.432999999998,1
207.4100000000035,126.5,37.56999999999971,43.34000000000378,191.59714285714185,-197.79999999999563,0,0,0,0,0,0,0.002970471627652679,221.67399999999833,1
269.6200000000026,93.31000000000495,111.87999999999738,64.43000000000029,201.52142857142775,-45.330000000001746,0,0,0,0,0,0,0.003119969639210825,229.38999999999868,1
570.3299999999945,312.6900000000023,110.05999999999767,147.57999999999447,229.7514285714273,-259.83000000000175,0,0,0,0,0,0,0.003574298882825446,277.5629999999983,1
225.47000000000116,19.040000000000873,153.09000000000378,53.33999999999651,239.10071428571297,-326.9300000000003,0,0,1,0,0,0,0.0037207546104417815,239.99699999999865,1
402.27999999999884,141.69000000000233,2.8099999999976717,257.77999999999884,263.19214285714145,-222.37000000000262,0,0,0,0,0,0,0.004086644144793588,254.85999999999913,1
206.98999999999796,48.83999999999651,78.97000000000116,79.18000000000029,264.22999999999854,-145.0,0,0,1,0,0,0,0.004105782280262232,246.07599999999948,1
288.7699999999968,7.169999999998254,159.0699999999997,122.52999999999884,278.52785714285557,-244.1800000000003,0,0,1,0,0,0,0.004328552568670717,260.83299999999946,1
592.1500000000015,557.75,23.93000000000029,10.470000000001164,277.88642857142725,631.0900000000038,0,0,0,0,1,0,0.004281114718239552,304.3779999999999,1
139.2300000000032,15.419999999998254,58.01000000000204,65.80000000000291,269.7135714285708,628.2200000000012,0,0,1,0,0,0,0.004156501136138994,304.23199999999997,1
500.66999999999825,294.5,66.34000000000378,139.82999999999447,284.4164285714282,781.2699999999968,0,0,0,0,1,0,0.004363267833964056,340.2919999999998,1
461.77999999999156,353.6900000000023,107.6299999999901,0.4599999999991269,307.3149999999992,1182.4400000000023,0,0,0,0,1,0,0.004689110229451533,365.7289999999986,1
226.8900000000067,33.31000000000495,49.720000000001164,143.86000000000058,312.3285714285713,1158.0599999999977,0,0,0,0,0,0,0.004768032274756599,361.45599999999905,1
194.84000000000378,122.65000000000146,11.739999999997963,60.450000000004366,316.17857142857144,473.25,0,0,0,0,0,0,0.004835785824537043,323.907,1
232.88999999999942,51.87000000000262,122.5199999999968,58.5,322.8085714285714,441.6399999999994,0,0,0,0,0,0,0.004941108107879394,324.6489999999998,1
150.88999999999942,121.18999999999505,12.87000000000262,16.830000000001746,318.77142857142826,268.15000000000146,0,0,0,0,0,0,0.004870277196342447,299.5099999999999,1
119.81999999999971,6.430000000000291,49.75999999999476,63.63000000000466,308.07142857142804,-93.62000000000262,0,0,0,0,0,0,0.004707376468749473,290.793,1
89.50999999999476,3.720000000001164,13.139999999999418,72.64999999999418,273.7271428571424,-56.04000000000087,0,0,0,0,0,0,0.00418231788143506,270.86699999999985,1
171.4300000000003,143.09999999999854,7.950000000004366,20.37999999999738,269.8671428571423,-77.4800000000032,0,0,0,0,0,0,0.004132373683989464,228.7949999999997,1
300.1399999999994,222.11000000000058,77.48999999999796,0.5400000000008731,262.79071428571376,200.11000000000058,0,0,0,0,1,0,0.004010154446541192,244.88599999999934,1
255.66999999999825,167.66999999999825,62.080000000001746,25.919999999998254,266.2678571428566,246.55999999999767,0,0,0,1,0,0,0.004052846134641004,220.38599999999934,0
205.45999999999913,158.34000000000378,35.629999999990105,11.490000000005239,260.3171428571425,85.58000000000175,0,0,0,0,0,0,0.003972489276772899,194.75400000000008,0
239.70999999999913,223.29000000000087,4.110000000000582,12.309999999997672,235.14285714285663,-141.95999999999913,0,0,0,0,0,1,0.0036005926059183907,196.03599999999932,1
165.04000000000087,108.38999999999942,4.459999999999127,52.19000000000233,236.9864285714279,-107.59999999999854,0,0,0,0,0,1,0.003634872673570169,193.05599999999905,1
188.36999999999534,146.47999999999593,33.13999999999942,8.75,214.67928571428482,-479.8099999999977,0,0,0,0,0,0,0.003300143005355061,188.60399999999862,1
135.79000000000087,56.94999999999709,46.18000000000029,32.66000000000349,191.39428571428547,-593.3499999999985,0,0,0,0,0,0,0.0029397501523952,187.09399999999877,1
130.9800000000032,44.650000000001455,21.260000000002037,65.06999999999971,184.54357142857094,-473.49000000000524,0,0,0,0,0,0,0.0028366665866629286,188.20999999999913,1
123.18000000000029,40.01000000000204,35.83999999999651,47.330000000001746,179.42499999999927,-208.30999999999767,0,0,0,0,0,0,0.0027562121342459916,191.57699999999969,1
173.77999999999884,73.69000000000233,6.709999999999127,93.37999999999738,175.20285714285637,-24.05999999999767,0,0,0,0,1,0,0.0026882348549566956,191.81199999999953,1
145.0,58.7300000000032,48.30999999999767,37.95999999999913,174.78214285714213,181.34999999999854,0,0,0,0,1,0,0.0026793573493043557,176.2979999999996,1
173.49000000000524,37.279999999998836,129.10000000000582,7.110000000000582,178.61571428571395,163.63999999999942,0,0,0,0,0,0,0.0027365973954621213,168.0800000000003,1
73.47999999999593,59.05999999999767,12.30000000000291,2.1199999999953434,177.47071428571402,270.59999999999854,0,0,0,0,0,0,0.0027166480901830163,154.88199999999998,1
94.20000000000437,59.95999999999913,0.0,34.24000000000524,171.95428571428576,169.04000000000087,0,0,0,0,0,0,0.002634610545691477,140.3310000000005,1
57.41000000000349,7.709999999999127,40.9800000000032,8.720000000001164,154.39714285714322,86.98999999999796,0,0,0,0,0,0,0.0023658434358373873,129.56800000000075,1
142.79000000000087,56.80000000000291,84.80000000000291,1.1899999999950523,146.33428571428627,84.25,0,0,0,0,0,0,0.0022403668152844833,125.01000000000131,0
118.44999999999709,76.72000000000116,17.159999999996217,24.56999999999971,140.11928571428612,-27.619999999995343,0,0,0,0,0,1,0.0021476968426501495,123.27600000000093,1
154.9300000000003,78.87000000000262,1.860000000000582,74.19999999999709,134.06357142857192,-165.02999999999884,0,0,0,0,0,1,0.002057386943085776,125.67100000000065,1
106.38999999999942,5.540000000000873,42.270000000004075,58.57999999999447,129.8742857142861,-99.84000000000378,0,0,0,0,0,0,0.0019929272478085135,123.99200000000056,1
151.74000000000524,78.04999999999563,24.570000000006985,49.12000000000262,127.25785714285823,-171.38999999999942,0,0,0,0,0,0,0.0019551199339073256,121.78800000000119,1
43.849999999998545,11.42000000000553,9.519999999996799,22.909999999996217,120.6907142857152,-216.23999999999796,0,0,0,0,0,0,0.001853903247156531,111.67300000000105,1
114.18000000000029,7.650000000001455,82.15000000000146,24.37999999999738,119.49071428571499,-132.19000000000233,0,0,0,0,0,0,0.001835228157102132,105.74200000000056,1
111.43000000000029,82.44999999999709,28.9800000000032,0.0,118.65142857142928,29.720000000001164,0,0,0,0,0,0,0.001820036645286097,109.53700000000099,1
66.09999999999854,17.60000000000582,25.839999999996508,22.659999999996217,110.96000000000069,5.989999999997963,0,0,0,0,0,0,0.0017025301199458354,106.7270000000004,1
116.43999999999505,32.44000000000233,27.439999999995052,56.55999999999767,108.92000000000033,116.58000000000175,0,0,0,0,0,0,0.001670395355527983,112.62999999999957,1
96.34999999999854,65.68999999999505,2.430000000000291,28.2300000000032,103.40999999999985,39.06999999999971,0,0,0,0,0,0,0.001587505300127692,107.98599999999934,1
285.5400000000009,169.14999999999418,73.91000000000349,42.4800000000032,118.55714285714306,200.12999999999738,0,0,0,0,1,0,0.0018153098627191361,124.69499999999971,1
199.15000000000146,140.5,53.68000000000029,4.970000000001164,126.05357142857143,255.90000000000146,0,0,0,0,1,0,0.0019260204705280834,129.11699999999982,1
112.2100000000064,69.52999999999884,28.35000000000582,14.330000000001746,129.96785714285735,343.13000000000466,0,0,0,0,0,0,0.0019837357111720084,129.69900000000052,1
187.32999999999447,10.150000000001455,103.0399999999936,74.13999999999942,133.14928571428547,299.6399999999994,0,0,0,0,0,0,0.002032634774625704,133.25799999999944,0
129.4100000000035,103.59999999999854,3.7000000000043656,22.110000000000582,133.93214285714308,260.0899999999965,0,1,0,0,0,0,0.002047891153217255,141.81399999999994,1
160.86000000000058,107.38000000000466,34.61999999999534,18.860000000000582,134.35571428571453,-16.959999999999127,0,0,0,0,0,1,0.002057747011963135,146.48199999999997,1
115.05000000000291,94.54999999999563,11.05000000000291,9.450000000004366,134.9742857142862,-251.12999999999738,0,0,0,0,0,0,0.0020702673027067566,146.84400000000022,1
182.40999999999622,42.770000000004075,127.79999999999563,11.839999999996508,137.16499999999982,-275.3899999999994,0,0,0,0,0,0,0.00210242495056431,158.475,1
149.65000000000146,21.19999999999709,34.640000000006694,93.80999999999767,144.7221428571429,-286.9400000000023,0,0,0,0,0,0,0.0022190242457183814,161.79600000000065,1
109.20999999999913,89.98999999999796,15.900000000001455,3.319999999999709,144.36714285714282,-91.45999999999913,0,0,0,0,0,0,0.0022105390281419854,163.0820000000007,1
199.1999999999971,53.75,93.13999999999942,52.30999999999767,150.6364285714283,70.44000000000233,0,0,0,0,1,0,0.002304610670389691,154.44800000000032,1
139.5899999999965,76.40000000000146,49.56999999999971,13.619999999995343,155.88571428571387,244.4499999999971,0,0,0,0,0,0,0.002382080259863295,148.49199999999982,1
107.13999999999942,0.5700000000069849,47.979999999995925,58.58999999999651,155.22142857142848,199.00999999999476,0,0,0,0,0,0,0.0023719532718110645,147.98499999999913,1
102.56000000000495,35.529999999998836,18.070000000006985,48.95999999999913,155.66500000000036,257.0199999999968,0,0,0,0,0,0,0.0023774418167067483,139.50800000000018,1
150.08000000000902,37.220000000001164,32.72000000000844,80.13999999999942,145.98928571428664,204.52999999999884,0,0,0,0,0,0,0.00222839837703126,141.57500000000073,1
222.54000000000087,32.349999999998545,150.2100000000064,39.979999999995925,147.6600000000009,183.12999999999738,0,0,0,0,0,0,0.002252762173856012,147.74300000000076,1
167.13999999999942,76.19000000000233,82.05999999999767,8.889999999999418,151.58357142857182,28.580000000001746,0,1,0,0,0,0,0.0023153283009998203,152.9520000000004,1
85.94000000000233,22.080000000001746,38.87000000000262,24.989999999997963,144.34142857142953,50.80000000000291,0,0,0,0,0,0,0.0022039840590869168,143.30500000000103,1
74.93999999999505,17.450000000004366,14.269999999996799,43.21999999999389,140.45071428571464,-3.459999999999127,0,0,0,0,0,0,0.002145190296820043,135.83400000000037,1
83.40000000000146,24.7300000000032,28.510000000002037,30.159999999996217,134.91785714285757,-21.779999999998836,0,0,0,0,0,0,0.002060087613791531,133.2530000000006,1
170.09000000000378,56.419999999998254,61.770000000004075,51.900000000001455,138.8492857142862,1.889999999999418,0,0,0,0,0,0,0.002118281184307372,130.3420000000013,1
136.45000000000437,55.94999999999709,37.45000000001164,43.049999999995634,135.56642857142964,135.09999999999127,0,0,0,0,0,0,0.0020664139901517644,130.02800000000207,1
335.820000000007,93.13999999999942,196.90000000000873,45.779999999998836,148.86428571428718,206.64999999999418,0,0,0,0,0,0,0.0022658948758289615,152.89600000000283,1
197.7399999999907,14.210000000006403,79.67999999999302,103.84999999999127,155.187857142858,211.1800000000003,0,0,0,0,0,0,0.0023626590450161046,162.4140000000014,1
196.7399999999907,91.06999999999243,27.970000000001164,77.69999999999709,155.01214285714326,283.29999999999563,0,0,0,0,0,0,0.002356716661489542,167.07999999999956,1
194.09999999999127,129.5,38.220000000001164,26.379999999990105,158.9057142857143,358.5,0,0,0,0,1,0,0.002411074739046798,164.2359999999986,1
102.69000000000233,38.63999999999942,20.029999999998836,44.020000000004075,158.58785714285736,263.2700000000041,0,0,1,0,0,0,0.0024076634712763547,157.7909999999989,1
92.33999999999651,8.830000000001746,23.05999999999767,60.44999999999709,157.85785714285677,182.08000000000175,0,0,0,0,0,0,0.0023961470649965884,158.4309999999983,1
132.36999999999534,31.770000000004075,62.09999999999127,38.5,156.5928571428558,228.65000000000873,0,0,0,0,0,0,0.002375779193913476,164.17399999999833,1
216.47000000000116,81.69999999999709,112.05999999999767,22.710000000006403,156.15928571428438,219.57000000000698,0,0,0,0,0,0,0.0023662580859661188,177.48099999999832,1
230.45999999999185,144.4100000000035,66.08999999999651,19.95999999999185,160.68214285714097,232.02000000000407,0,0,0,0,0,0,0.002429475655099812,183.51799999999713,1
171.24000000000524,95.52000000000407,10.580000000001746,65.13999999999942,166.77499999999833,365.38000000000466,0,0,0,0,0,0,0.0025179920743830684,186.9969999999972,1
165.74000000000524,65.69000000000233,76.94999999999709,23.10000000000582,173.26071428571336,290.24000000000524,0,0,0,0,0,0,0.00261841357503733,169.98899999999702,1
172.5899999999965,85.02000000000407,51.69999999999709,35.86999999999534,179.63142857142728,346.16999999999825,0,0,0,0,0,0,0.0027110748643632285,167.4739999999976,1
138.75999999999476,80.55000000000291,30.739999999990687,27.470000000001164,177.3935714285695,184.13999999999942,0,0,0,0,0,0,0.0026805386510745963,161.67599999999803,1
112.42999999999302,14.379999999990105,17.360000000000582,80.69000000000233,175.6778571428544,25.160000000003492,0,0,0,0,0,0,0.0026551972044950643,153.5089999999982,1
65.76000000000931,18.539999999993597,19.570000000006985,27.65000000000873,156.38785714285456,-51.020000000004075,0,0,0,0,0,0,0.0023629857758493858,149.8159999999989,1
124.97999999999593,68.08999999999651,44.279999999998836,12.610000000000582,151.1907142857121,79.86000000000058,0,0,0,0,1,0,0.0022821250226334002,153.07999999999885,1
93.77999999999884,13.509999999994761,57.25,23.020000000004075,143.83642857142695,-20.880000000004657,0,0,0,0,0,0,0.0021715256247809315,149.22099999999918,1
142.27000000000407,78.77000000000407,43.5399999999936,19.960000000006403,140.134285714285,137.9100000000035,0,0,0,0,0,0,0.002113121698610853,141.80099999999948,1
103.02999999999884,38.08999999999651,16.169999999998254,48.770000000004075,140.15857142857047,190.77999999999884,0,0,0,0,0,0,0.0021122676806424046,129.05800000000016,1
107.19999999999709,48.80000000000291,27.919999999998254,30.479999999995925,141.2199999999991,123.38999999999942,0,0,0,0,0,0,0.0021298319752298686,122.65399999999936,1
197.2600000000093,162.6999999999971,14.220000000001164,20.34000000001106,145.85500000000008,-106.14999999999418,0,1,0,0,0,1,0.0022051190874672806,125.80599999999977,1
115.7100000000064,50.429999999993015,20.510000000009313,44.770000000004075,138.6578571428576,-43.24000000000524,0,0,0,0,0,0,0.002094711190107082,120.11800000000076,1
74.58999999999651,1.860000000000582,18.610000000000582,54.11999999999534,127.5242857142865,-120.20000000001164,0,0,0,0,0,0,0.0019264639654318675,113.70100000000093,1
120.80000000000291,97.38000000000466,14.009999999994761,9.410000000003492,123.92142857142919,-60.979999999995925,0,0,0,0,1,0,0.0018692827761641012,114.53800000000192,1
47.270000000004075,8.44999999999709,17.35000000000582,21.470000000001164,115.45928571428625,-5.029999999998836,0,0,0,0,0,0,0.0017414497578121949,112.6890000000014,1
200.88000000000466,53.69000000000233,60.75,86.44000000000233,117.48000000000113,211.30999999999767,0,0,0,0,0,0,0.001770473511241725,120.27900000000227,1
163.58000000000175,58.939999999987776,46.45000000001164,58.19000000000233,119.25285714285876,220.88999999999942,0,0,0,0,0,0,0.0017955670828547216,127.25900000000256,1
222.81999999999243,59.220000000001164,126.98999999999069,36.61000000000058,127.13785714285872,278.3700000000099,0,0,0,0,0,0,0.0019125834609567609,135.31400000000139,1
108.38000000000466,29.15000000000873,39.729999999995925,39.5,130.1821428571441,210.0,0,0,0,0,0,0,0.0019575211204021694,135.84900000000198,1
137.08000000000175,67.11000000000058,26.94000000000233,43.029999999998836,131.04642857143023,269.9400000000023,0,0,0,0,0,0,0.0019685327890405424,138.83700000000243,1
256.31999999999243,176.77999999999884,47.69000000000233,31.84999999999127,142.65642857142979,38.70999999999185,0,0,0,0,0,0,0.0021486395209469704,144.74300000000076,1
241.3399999999965,83.22999999999593,109.02999999999884,49.080000000001746,149.7328571428578,-100.00999999999476,0,0,1,0,0,0,0.0022578985303033034,157.30599999999976,1
485.91999999999825,409.43000000000757,40.19999999999709,36.2899999999936,177.08214285714348,252.6999999999971,0,0,0,0,1,0,0.002653826051467589,198.43899999999994,1
236.60000000000582,175.34999999999127,15.910000000003492,45.34000000001106,186.32500000000124,398.8799999999901,0,0,0,0,0,0,0.0027850250626098336,210.01900000000023,0
303.1600000000035,209.13000000000466,0.0,94.02999999999884,193.88928571428656,123.22000000000116,0,0,0,0,0,0,0.0029071547655050932,235.60800000000017,1
231.59999999999127,114.76000000000931,37.98999999999069,78.84999999999127,202.1671428571426,415.29000000000815,0,0,0,0,0,0,0.0030260406453001647,238.67999999999884,1
128.30999999999767,5.919999999998254,82.98000000001048,39.40999999998894,206.00428571428554,488.0899999999965,0,0,0,0,0,0,0.0030837473833867845,235.15299999999843,0
192.08000000000175,158.65000000000873,0.0,33.429999999993015,211.16642857142764,-83.52000000000407,0,0,0,0,0,1,0.003168593237120444,232.07899999999935,1
123.63999999999942,60.20000000001164,60.919999999998254,2.5199999999895226,216.62142857142732,-316.2700000000041,0,0,0,0,0,0,0.0032532490761810833,233.60499999999882,1
195.5399999999936,4.649999999994179,90.22000000000116,100.66999999999825,216.23999999999796,-102.9600000000064,0,0,0,0,0,0,0.0032472920086492035,239.45099999999803,1
137.14999999999418,58.580000000001746,44.58999999999651,33.979999999995925,214.35214285714028,-161.69000000000233,0,0,0,0,0,0,0.0032162096977339303,227.5339999999982,1
197.27000000000407,63.970000000001164,90.75,42.55000000000291,212.52714285714111,-219.89999999999418,0,0,0,0,0,0,0.0031918971739193745,223.12699999999896,0
101.40000000000873,79.5,0.1300000000046566,21.770000000004075,212.05642857142706,-140.27999999999884,0,0,0,0,0,0,0.0031886597610168137,184.675,1
151.45999999999185,30.029999999998836,81.15999999998894,40.270000000004075,213.08357142856923,-54.04999999998836,0,0,0,0,0,0,0.003202716814095223,176.1609999999986,0
156.0,26.779999999998836,48.419999999998254,80.80000000000291,205.91785714285547,-86.54999999998836,0,0,0,0,0,0,0.0030963079863511943,161.44499999999826,0
138.60000000000582,76.4600000000064,34.80999999999767,27.330000000001746,198.5792857142847,-219.58000000000175,0,0,0,0,0,0,0.0029893976068818824,152.1449999999997,0
105.00999999999476,12.360000000000582,32.54999999998836,60.10000000000582,171.37142857142732,-167.8399999999965,0,0,0,0,0,0,0.0025802930697556743,149.81499999999943,0
118.43000000000757,52.58999999999651,4.360000000000582,61.48000000001048,162.93071428571315,-35.11999999999534,0,0,0,0,0,0,0.002451258478464859,142.45,0
523.5599999999977,291.6900000000023,1.889999999999418,229.97999999999593,178.6735714285699,-355.6200000000099,0,0,0,0,0,1,0.002699954582503216,182.44199999999984,1
239.5100000000093,71.13999999999942,52.310000000012224,116.05999999999767,179.2385714285712,-256.4200000000128,0,0,0,0,0,0,0.0027055736321992276,186.8390000000014,1
141.59999999999127,52.95000000001164,28.179999999993015,60.46999999998661,180.18785714285644,-233.32000000000698,0,0,0,0,0,0,0.0027220954650165477,187.2840000000011,1
208.2899999999936,45.169999999998254,29.410000000003492,133.70999999999185,181.27499999999938,-176.04000000000815,0,0,0,0,0,0,0.0027366622156433876,188.38600000000005,1
103.05000000000291,42.88000000000466,46.35000000000582,13.819999999992433,179.80428571428533,-186.4100000000035,0,0,0,0,0,0,0.00271272566479484,188.55099999999948,1
119.51999999998952,16.479999999995925,61.580000000001746,41.45999999999185,174.37428571428504,90.30000000000291,0,0,0,0,0,0,0.0026313970102723374,185.35699999999923,1
145.23000000001048,104.01000000000931,21.80999999999767,19.410000000003492,174.95142857142906,122.45000000001164,0,0,0,0,1,0,0.0026359877350568294,184.28000000000029,1
108.61999999999534,56.2899999999936,32.86999999999534,19.460000000006403,168.61928571428558,232.07000000000698,0,0,0,0,0,0,0.0025384297906258587,181.28199999999924,0
89.88999999999942,21.079999999987194,44.870000000009895,23.94000000000233,167.76928571428496,166.2600000000093,0,0,0,0,0,0,0.0025264286115498943,179.7699999999997,0
122.47999999999593,19.470000000001164,40.779999999998836,62.229999999995925,165.69928571428525,105.22000000000116,0,0,0,0,0,1,0.002495959837231465,180.17499999999853,1
58.669999999998254,26.279999999998836,0.0,32.38999999999942,159.12928571428554,88.55999999999767,0,0,0,0,0,0,0.0023981372677793155,133.68599999999861,1
113.41999999999825,67.85000000000582,43.44999999999709,2.1199999999953434,157.33071428571358,52.86000000000058,0,0,0,0,0,0,0.002368610524630074,121.0769999999975,0
73.92999999999302,56.9600000000064,11.39999999999418,5.569999999992433,155.11071428571344,-60.80000000000291,0,0,0,0,0,0,0.002337208184239949,114.30999999999767,0
119.44000000000233,8.94999999999709,15.75,94.74000000000524,155.18285714285594,-49.55000000000291,0,0,0,0,0,0,0.0023386352848455355,105.42499999999855,0
82.72000000000116,72.41999999999825,5.8400000000110595,4.459999999991851,123.69428571428476,-103.27000000000407,0,0,0,0,0,0,0.001866133449555189,103.39199999999838,1
72.80000000000291,10.0,30.169999999998254,32.63000000000466,111.78642857142715,-62.0399999999936,0,0,0,0,0,0,0.0016862394538247989,98.71999999999971,1
67.08000000000175,47.419999999998254,19.660000000003492,0.0,106.4671428571424,-82.41000000000349,0,0,0,0,0,0,0.0016048516577602681,90.90499999999884,1
81.25999999999476,70.5,3.7299999999959255,7.029999999998836,97.39357142857105,-95.50999999999476,0,0,0,0,0,1,0.0014696413239199317,88.16899999999877,1
129.86999999999534,26.50999999999476,16.880000000004657,86.47999999999593,99.3092857142848,-111.83000000000175,0,0,0,0,0,0,0.00149913638969984,92.16699999999837,1
82.52000000000407,23.59000000001106,35.94999999999709,22.979999999995925,96.6664285714287,-15.849999999991269,0,0,0,0,0,0,0.0014587222131057865,88.17099999999918,1
78.83999999999651,7.889999999999418,9.069999999992433,61.88000000000466,91.92428571428484,-33.88999999999942,0,0,1,0,0,0,0.001387338705462721,90.18799999999901,1
71.19999999999709,23.970000000001164,0.16999999999825377,47.05999999999767,89.32857142857081,-106.58000000000175,0,0,1,0,0,0,0.0013486770347498742,85.9659999999989,1
130.47000000000116,123.23000000001048,3.3999999999941792,3.8399999999965075,92.22714285714235,88.05000000000291,0,0,0,0,1,0,0.0013898347812617755,91.6199999999997,1
83.75999999999476,27.99000000000524,33.80000000000291,21.969999999986612,89.46142857142799,141.0899999999965,0,0,0,0,1,0,0.001347606576435428,88.05199999999896,1
158.4100000000035,124.82000000000698,25.419999999998254,8.169999999998254,96.20357142857081,244.91999999999825,0,0,0,0,1,0,0.0014463918438040618,95.62099999999919,1
166.90999999998894,127.11999999999534,15.229999999995925,24.55999999999767,100.02428571428443,380.25999999999476,0,0,0,0,1,0,0.0015009714286571584,105.0319999999978,0
146.36000000000058,17.05999999999767,48.61000000000058,80.69000000000233,105.19785714285639,388.97000000000116,0,0,0,0,0,0,0.001578997600427965,112.95999999999768,1
119.2100000000064,46.46999999998661,34.98000000001048,37.76000000000931,105.18142857142811,310.0799999999872,0,0,0,0,0,0,0.0015776796989433847,116.75499999999883,0
130.74000000000524,90.27999999999884,27.919999999998254,12.540000000008149,108.6114285714284,194.40000000000873,0,1,0,0,0,0,0.001631296518546136,116.84199999999983,0
185.70999999999185,121.35000000000582,46.029999999998836,18.329999999987194,116.67642857142762,-55.120000000009895,0,0,0,0,0,1,0.0017556500403178028,127.16099999999861,0
182.84999999999127,143.11999999999534,7.099999999991269,32.63000000000466,124.94214285714095,-325.1299999999901,0,0,0,0,0,1,0.0018840828321308716,137.56199999999808,1
147.24000000000524,12.069999999992433,59.520000000004075,75.65000000000873,129.65499999999884,-296.79000000000815,0,0,0,0,0,0,0.0019548023109953027,145.1659999999989,1
154.70000000001164,60.5,76.5,17.70000000001164,131.42857142857142,-279.6899999999878,0,0,0,0,0,0,0.0019796816663273232,147.58899999999994,1
126.98999999999069,36.38999999999942,23.14999999999418,67.44999999999709,134.60499999999905,-155.24000000000524,0,0,0,0,0,0,0.0020264335882891403,151.91199999999952,1
136.1999999999971,65.0399999999936,70.27999999999884,0.8800000000046566,138.70214285714195,-98.95999999999185,0,0,0,0,0,0,0.0020901871352723795,149.6909999999989,0
112.66999999999825,24.330000000001746,6.5899999999965075,81.75,141.5871428571419,16.679999999993015,0,0,0,0,0,1,0.0021345465803394616,144.26699999999983,0
98.32000000000698,62.629999999990105,15.09000000001106,20.60000000000582,139.29071428571373,-57.79999999998836,0,0,0,0,0,0,0.0021019112262174503,139.46300000000048,1
207.6600000000035,122.02999999999884,65.02000000000407,20.610000000000582,148.14071428571438,-242.60000000000582,0,0,0,0,0,0,0.0022395972657771775,148.30800000000016,1
134.7899999999936,88.86000000000058,36.51999999998952,9.410000000003492,146.4535714285708,-188.80999999999767,0,0,0,0,0,0,0.0022110948725827567,148.712999999999,1
107.72999999999593,2.0099999999947613,33.80999999999767,71.91000000000349,142.22642857142844,-121.83000000000175,0,0,0,0,0,0,0.0021472389263962792,140.91499999999942,1
191.25,78.06000000001222,81.93999999998778,31.25,145.432857142857,-173.7100000000064,0,0,0,0,0,0,0.002198280908613848,141.75500000000028,1
166.88999999999942,142.5899999999965,10.380000000004657,13.919999999998254,148.83857142857076,29.15999999998894,0,0,0,0,0,0,0.0022450015117942263,143.71999999999971,1
71.47999999999593,21.210000000006403,37.56999999999243,12.69999999999709,144.60571428571296,172.22000000000116,0,0,0,1,0,0,0.0021804778388023007,135.39799999999815,0
116.64999999999418,51.04999999998836,14.130000000004657,51.470000000001164,139.67285714285597,133.26999999998952,0,0,0,1,0,0,0.0021044881339681272,134.3639999999985,0
87.79000000000815,40.310000000012224,5.809999999997672,41.669999999998254,132.88285714285718,92.86999999999534,0,0,0,0,0,0,0.0020033670729828843,129.5229999999996,0
138.80999999999767,103.79000000000815,3.5199999999895226,31.5,132.2807142857138,69.91000000000349,0,0,0,0,0,1,0.0019973698864400456,132.13699999999955,0
238.49000000000524,201.4100000000035,6.400000000008731,30.679999999993015,138.26571428571333,-271.72000000000116,0,0,0,0,0,1,0.002094108843809402,146.15399999999937,0
163.60000000000582,88.75,59.9600000000064,14.889999999999418,140.88071428571442,-381.08000000000175,0,0,0,0,0,1,0.0021365866818545505,141.7479999999996,1
101.32000000000698,3.1600000000034925,54.94999999999709,43.2100000000064,138.38928571428656,-436.8799999999901,0,0,0,0,0,0,0.0020989648407436757,138.40100000000092,1
148.20999999999185,10.529999999998836,35.85000000000582,101.8299999999872,140.9278571428575,-387.08000000000175,0,0,0,0,0,0,0.002137126624863556,142.44900000000052,1
158.19000000000233,128.86000000000058,0.0,29.330000000001746,145.20428571428576,-413.59999999999127,0,0,0,0,0,0,0.0022062876691499697,139.14300000000077,1
174.47000000000116,96.30999999999767,42.720000000001164,35.44000000000233,142.8335714285713,-116.26999999998952,0,0,0,0,0,0,0.0021671077205787743,139.90100000000092,1
72.27999999999884,23.030000000013388,11.879999999990105,37.36999999999534,138.36857142857167,-50.60000000000582,0,0,0,0,0,0,0.0021000993133752023,139.98100000000122,1
86.39999999999418,24.64999999999418,38.25,23.5,136.8450000000001,-66.63000000000466,0,0,0,0,0,0,0.002077642129350513,136.9560000000012,1
120.20000000001164,4.080000000001746,34.4600000000064,81.66000000000349,131.77000000000095,-81.22999999999593,0,0,0,0,0,0,0.0020007151376108625,140.19700000000157,1
229.66999999999825,120.86999999999534,11.320000000006985,97.47999999999593,136.2542857142866,-72.18000000000757,0,0,0,0,0,0,0.0020725711061840473,149.28300000000164,1
85.19999999999709,51.44000000000233,20.610000000000582,13.14999999999418,137.23428571428667,-116.57000000000698,0,0,0,0,0,0,0.0020858430007095973,133.9540000000008,1
240.99000000000524,186.94000000000233,54.05000000000291,0.0,146.11571428571602,92.90000000000873,0,0,0,0,1,0,0.002214559630202496,141.69300000000075,1
172.67999999999302,20.770000000004075,139.9899999999907,11.919999999998254,152.17928571428638,93.41000000000349,0,0,0,0,0,0,0.002307182100171506,148.82899999999935,1
146.93999999998778,82.90999999998894,60.13999999999942,3.889999999999418,152.75999999999996,20.40000000000873,0,0,0,0,0,0,0.0023186962721902914,148.70199999999895,1
63.19999999999709,49.51999999998952,13.680000000007567,0.0,140.66785714285652,195.6999999999971,0,0,0,0,0,0,0.0021333555939955827,139.20299999999844,1
116.3299999999872,28.539999999993597,62.13999999999942,25.64999999999418,137.29142857142662,172.6999999999971,0,0,0,0,0,0,0.002081248471883604,133.38899999999703,1
100.33000000000175,9.94999999999709,60.41000000000349,29.970000000001164,137.22071428571195,-5.610000000000582,0,0,0,0,0,0,0.0020799220402487823,136.19399999999732,1
174.75,141.50999999999476,0.0,33.24000000000524,139.11642857142684,-124.86999999999534,0,0,0,0,0,1,0.00211313729458663,145.0289999999979,1
113.3799999999901,40.470000000001164,28.639999999999418,44.26999999998952,135.91571428571166,-5.230000000010477,0,0,0,0,0,0,0.0020631859115678927,144.34699999999575,1
66.14999999999418,5.569999999992433,28.770000000004075,31.80999999999767,128.17857142856832,-63.75999999999476,0,0,0,0,0,0,0.0019458258235516214,127.99499999999534,1
74.30999999999767,43.429999999993015,15.55000000000291,15.330000000001746,128.32357142856821,-50.00999999999476,0,0,0,0,0,0,0.0019467774982415958,126.9059999999954,1
64.23000000001048,31.14999999999418,12.740000000005239,20.34000000001106,126.73999999999796,-26.830000000001746,0,0,0,0,1,0,0.0019218422512333054,109.22999999999593,1
131.1999999999971,59.2100000000064,66.76999999998952,5.220000000001164,127.5257142857112,172.27999999999884,0,0,0,0,1,0,0.0019320219082817212,105.08199999999633,0
72.69000000000233,36.63000000000466,35.029999999998836,1.0299999999988358,116.31285714285436,92.35000000000582,0,0,0,0,0,0,0.0017631449625915693,97.6569999999978,1
113.9600000000064,34.55999999999767,39.9600000000064,39.44000000000233,118.36714285714073,129.13999999999942,0,0,0,0,0,0,0.0017933668348234085,102.73299999999873,0
170.40000000000873,139.34000000001106,22.169999999998254,8.889999999999418,113.32499999999813,-52.63000000000466,0,0,0,0,0,0,0.001720610246137196,108.14000000000087,1
152.7899999999936,110.43000000000757,36.35999999998603,6.0,111.90428571428389,25.930000000007567,0,0,0,0,0,0,0.0016962115862469926,113.38600000000005,1
152.4899999999907,105.06999999999243,2.3699999999953434,45.05000000000291,112.30285714285648,-140.75,0,0,0,0,0,0,0.001705030503675006,111.15999999999913,1
98.80000000000291,23.019999999989523,24.120000000009895,51.66000000000349,114.41714285714261,-126.39999999999418,0,0,0,0,0,0,0.0017377381055621401,109.70200000000041,1
144.83000000000175,113.13999999999942,23.179999999993015,8.510000000009313,116.45285714285794,-273.3099999999977,0,0,0,0,0,1,0.0017717001261969968,117.57000000000116,1
289.1800000000003,148.8399999999965,48.330000000001746,92.01000000000204,129.94214285714355,-281.9899999999907,0,0,0,0,0,1,0.0019813910718280317,139.05700000000144,1
111.88000000000466,16.49000000000524,37.529999999998836,57.86000000000058,125.45142857142959,-371.5200000000041,0,0,0,0,0,0,0.0019123241534907266,143.82200000000086,1
91.60000000000582,29.430000000007567,6.30000000000291,55.86999999999534,123.89571428571642,-294.6200000000099,0,0,0,0,0,0,0.0018894900501062579,139.86200000000173,1
328.70000000001164,271.3399999999965,33.330000000001746,24.030000000013388,142.6492857142891,-0.27000000000407454,0,0,0,0,1,0,0.002166529506324796,165.46300000000264,1
176.80999999999767,68.80999999999767,21.839999999996508,86.16000000000349,149.97071428571766,182.6999999999971,0,0,0,0,0,0,0.00227531247332764,171.74800000000178,1
318.61999999999534,45.15000000000873,256.9899999999907,16.479999999995925,168.14142857143088,284.2399999999907,0,0,0,0,0,0,0.002552799311376028,186.57000000000045,1
317.6600000000035,284.49000000000524,0.0,33.169999999998254,181.66571428571635,-23.410000000003492,0,1,0,0,0,1,0.002770217549410769,203.05700000000144,1
290.58000000000175,47.65000000000873,205.52999999999884,37.39999999999418,197.22928571428773,55.35000000000582,0,0,0,0,0,0,0.0030053377312777925,216.86600000000254,1
162.19000000000233,135.10000000000582,7.059999999997672,20.029999999998836,200.67428571428744,-85.5,0,0,0,0,0,0,0.003051764771313194,223.20500000000249,1
185.4499999999971,138.42999999999302,47.020000000004075,0.0,201.7492857142866,-17.85000000000582,0,0,0,0,1,0,0.0030617112000795002,227.267000000002,1
250.64999999999418,145.42999999999302,57.05000000000291,48.169999999998254,208.73928571428664,175.22000000000116,0,0,0,0,0,0,0.0031607658745487315,223.4140000000014,1
168.63999999999942,61.55999999999767,42.310000000012224,64.76999999998952,209.8907142857149,402.2299999999959,0,0,0,0,0,0,0.003181108476441022,229.09000000000088,1
142.27999999999884,31.610000000000582,30.65999999998894,80.01000000000931,212.99642857142888,385.63000000000466,0,0,0,0,0,0,0.0032266339095434957,234.1580000000002,1
164.59999999999127,83.07000000000698,39.11999999999534,42.40999999998894,214.40857142857098,330.25,0,0,0,0,0,0,0.0032443356365365224,217.74799999999814,1
207.27000000000407,100.24000000000524,0.33000000000174623,106.69999999999709,208.5921428571424,91.7100000000064,0,0,0,0,0,0,0.0031611575615606703,220.7939999999988,1
392.25999999999476,278.84999999999127,103.44000000000233,9.970000000001164,228.61928571428456,223.38999999999942,0,0,0,0,1,0,0.003450121811234867,228.1579999999987,0
148.45999999999185,64.86999999999534,3.5599999999976717,80.02999999999884,232.68071428571213,218.07000000000698,0,0,0,0,0,0,0.0035148972435862856,211.23799999999756,0
121.55000000000291,66.39999999999418,54.13999999999942,1.0100000000093132,217.88428571428292,121.41999999999825,0,0,0,0,0,0,0.0032946189309284194,194.33499999999768,1
240.5899999999965,178.13999999999942,9.680000000007567,52.76999999998952,222.43999999999713,-131.2600000000093,0,0,0,0,0,0,0.0033725621359398036,202.17499999999708,1
208.1999999999971,187.2100000000064,9.669999999998254,11.319999999992433,214.5528571428544,157.63000000000466,0,0,0,0,0,0,0.0032437417955871847,204.4499999999971,1
236.2899999999936,150.64999999999418,67.80999999999767,17.830000000001746,208.53499999999727,-271.3799999999901,0,0,0,0,0,0,0.0031599688086901266,203.01399999999703,0
112.61999999999534,40.7899999999936,57.919999999998254,13.910000000003492,195.82357142856821,-247.11000000000058,0,0,0,0,0,0,0.002969213379450698,197.41199999999662,1
218.5899999999965,92.44999999999709,69.33000000000175,56.80999999999767,199.85214285713923,-274.22000000000116,0,0,0,0,0,1,0.003034538291365077,205.0429999999964,1
165.0,115.01000000000931,0.0,49.98999999999069,198.39142857142517,-211.36000000000058,0,0,0,0,0,0,0.0030176157671672746,205.08299999999727,1
164.63000000000466,106.49000000000524,42.90000000000873,15.239999999990687,192.2471428571402,-292.7100000000064,0,0,0,0,0,0,0.002919429870640231,200.81899999999732,1
241.8399999999965,120.38000000000466,38.479999999995925,82.97999999999593,197.4757142857114,-262.5100000000093,0,0,0,0,0,0,0.003004336273974873,185.77699999999749,1
191.10000000000582,126.63999999999942,38.770000000004075,25.69000000000233,200.96285714285477,-95.10000000000582,0,0,0,0,0,0,0.003051539044109491,190.0409999999989,1
91.77999999999884,30.610000000000582,60.429999999993015,0.7400000000052387,195.76142857142673,-34.91000000000349,0,0,0,0,0,0,0.002974001657009791,187.0639999999985,1
119.30000000000291,65.88000000000466,36.029999999998836,17.389999999999418,189.4435714285698,144.5100000000093,0,0,0,0,0,0,0.0028751953124237515,174.93499999999912,1
177.61999999999534,13.860000000000582,30.779999999998836,132.97999999999593,174.11214285714127,42.05000000000291,0,0,0,0,0,0,0.0026423477778758685,171.87699999999896,1
101.59999999999127,3.209999999991851,60.270000000004075,38.11999999999534,170.76499999999837,162.9499999999971,0,0,0,0,0,0,0.0025915428576978434,158.4079999999987,1
55.36000000000058,19.39999999999418,3.3500000000058208,32.61000000000058,166.03714285714108,56.270000000004075,0,0,0,0,0,0,0.0025190539405596977,152.68199999999925,1
55.69999999999709,23.330000000001746,0.13999999999941792,32.229999999995925,152.83071428571253,65.17999999999302,0,0,0,0,0,0,0.0023195027531079347,136.3929999999993,1
39.69999999999709,5.360000000000582,12.270000000004075,22.069999999992433,140.79499999999825,6.429999999993015,0,0,0,0,0,0,0.0021366448052419808,123.862999999999,1
63.669999999998254,22.35000000000582,17.529999999998836,23.789999999993597,128.46499999999858,-20.10000000000582,0,0,0,0,0,0,0.0019501958848915889,113.76699999999838,1
234.9499999999971,206.85000000000582,24.94999999999709,3.1499999999941792,137.20285714285586,186.54000000000815,0,0,0,0,1,0,0.0020763232220544496,113.07799999999843,1
105.22000000000116,41.06999999999243,20.69000000000233,43.4600000000064,129.10499999999905,126.16000000000349,0,0,0,0,0,0,0.0019549912127229574,104.48999999999796,1
120.74000000000524,66.55000000000291,7.830000000001746,46.36000000000058,125.94357142857085,84.72000000000116,0,0,0,0,0,0,0.0019089836159855164,107.3859999999986,1
106.56999999999243,20.329999999987194,5.240000000005239,81.0,121.79642857142711,99.66999999999825,0,0,0,0,0,0,0.0018455391279621487,106.11299999999756,1
100.73999999999069,69.3799999999901,0.0,31.360000000000582,111.71785714285527,52.90000000000873,0,0,0,0,0,0,0.00169460071748658,98.42499999999708,1
110.91000000000349,89.7100000000064,5.740000000005239,15.459999999991851,105.98999999999796,-64.25,0,0,0,0,0,0,0.0016055327637597362,99.35599999999832,1
230.08000000000175,151.55999999999767,38.169999999998254,40.35000000000582,115.8685714285696,-176.27999999999884,0,0,0,0,0,0,0.0017592527240675115,116.82799999999843,1
161.67999999999302,69.88999999999942,33.229999999995925,58.55999999999767,118.89571428571175,-41.86999999999534,0,0,0,0,0,0,0.0018033005120664984,127.42599999999803,1
52.11000000000058,22.529999999998836,7.9100000000034925,21.669999999998254,109.93071428571213,-39.84999999999127,0,0,0,0,0,0,0.0016667485043362338,128.66699999999838,1
177.69000000000233,120.7100000000064,41.14999999999418,15.830000000001746,115.36571428571291,150.55999999999767,0,0,0,0,1,0,0.0017459461547836101,140.06899999999877,1
196.9100000000035,80.47000000000116,70.91000000000349,45.529999999998836,125.4764285714274,141.5399999999936,0,0,0,0,1,0,0.0018966460027656543,136.26499999999942,1
159.45999999999185,60.45999999999185,63.580000000001746,35.419999999998254,132.8878571428556,354.79999999998836,0,0,0,1,0,0,0.0020068486326789456,141.6889999999985,0
130.88000000000466,105.93000000000757,21.279999999998836,3.6699999999982538,139.4007142857133,178.97999999999593,0,1,0,0,0,0,0.0021085774841640183,142.70299999999844,1
154.99000000000524,89.83000000000175,58.419999999998254,6.740000000005239,145.92357142857094,65.22000000000116,0,0,0,0,0,0,0.0022102796912132315,147.5449999999997,1
195.48000000001048,3.7299999999959255,159.1600000000035,32.59000000001106,143.10428571428616,-61.05999999999767,0,0,0,0,0,0,0.002167745215830915,157.01900000000168,0
159.00999999999476,122.2100000000064,1.069999999992433,35.729999999995925,146.9692857142862,-265.3399999999965,0,0,0,0,0,1,0.00223046836898027,161.8290000000008,0
196.6999999999971,139.0899999999965,22.25,35.36000000000058,152.39499999999992,-464.20999999999185,0,0,0,0,0,1,0.0023176899841938687,158.49100000000035,1
94.41999999999825,41.070000000006985,47.179999999993015,6.169999999998254,151.5271428571432,-321.9399999999878,0,0,0,0,0,0,0.0023032179517457115,151.76500000000087,0
110.47999999999593,75.48999999999069,22.630000000004657,12.360000000000582,152.22285714285786,-306.5599999999977,0,0,0,0,0,1,0.002316450141680298,157.6020000000004,1
131.69000000000233,2.460000000006403,33.25,95.97999999999593,153.70714285714348,-307.3899999999994,0,0,0,0,0,0,0.0023392497651292883,153.0020000000004,1
107.5799999999872,41.83999999999651,47.44999999999709,18.289999999993597,144.95714285714243,-143.08000000000175,0,0,0,0,0,0,0.0022047186541512514,144.06899999999877,0
90.2899999999936,30.25,24.05999999999767,35.979999999995925,139.85785714285677,26.919999999998254,0,0,0,0,0,0,0.002126149148970252,137.15199999999896,0
234.6600000000035,174.63999999999942,9.290000000008149,50.729999999995925,152.89714285714268,-183.98000000001048,0,0,0,0,0,1,0.002330559415699129,147.52999999999884,1
115.16000000000349,3.150000000008731,51.270000000004075,60.73999999999069,148.4307142857142,-111.6700000000128,0,0,0,0,0,0,0.002262588137859355,143.54699999999866,1
87.42999999999302,50.69999999999709,15.739999999990687,20.99000000000524,140.61071428571344,-54.11000000000058,0,0,0,0,0,0,0.0021417005342680767,132.74199999999692,1
56.529999999998836,28.59999999999127,5.540000000008149,22.389999999999418,133.2585714285711,-123.67999999999302,0,0,0,0,0,0,0.002030609587557089,122.49399999999733,1
87.38000000000466,6.690000000002328,7.2700000000040745,73.41999999999825,130.15142857142823,-148.02000000000407,0,0,0,0,0,0,0.0019830522667025675,111.56199999999808,1
105.67999999999302,19.919999999998254,42.58999999999651,43.169999999998254,126.6292857142845,51.69000000000233,0,0,0,0,0,0,0.0019286477885808193,112.68799999999756,1
91.47999999999593,64.22000000000116,6.039999999993597,21.220000000001164,119.20071428571204,-8.789999999993597,0,0,0,0,0,0,0.0018172671710626946,110.78799999999755,1
88.63999999999942,19.569999999992433,44.419999999998254,24.65000000000873,114.15142857142617,-80.19999999999709,0,0,0,0,0,0,0.0017408146082549135,106.48299999999726,1
80.12999999999738,29.980000000010477,1.7699999999895226,48.37999999999738,105.82499999999762,-20.69999999999709,0,0,0,0,0,0,0.0016130824530925319,103.73799999999828,1
128.36000000000058,84.15000000000873,0.0,44.20999999999185,108.24928571428349,56.04000000000815,1,0,0,0,1,0,0.0016479331693500902,107.54499999999898,1
89.99000000000524,11.900000000008731,53.169999999998254,24.919999999998254,106.78571428571273,43.74000000000524,0,0,0,0,0,0,0.0016253342888631703,93.07799999999915,1
125.69999999999709,48.75,29.929999999993015,47.020000000004075,106.35785714285521,60.30000000000291,0,0,0,0,0,0,0.0016199829307820353,94.13199999999851,1
95.05000000000291,20.80999999999767,31.99000000000524,42.25,105.46285714285634,59.229999999995925,0,0,0,0,0,0,0.0016068620741893737,94.89399999999951,1
130.00999999999476,80.11999999999534,1.4400000000023283,48.44999999999709,108.29999999999927,109.15999999998894,0,0,0,0,0,0,0.0016480664437084763,102.2419999999991,1
77.09999999999127,16.95999999999185,16.779999999998836,43.36000000000058,97.04571428571269,43.14999999999418,0,0,0,0,1,0,0.0014764057400825834,101.21399999999775,0
65.65000000000873,25.04000000000815,35.770000000004075,4.8399999999965075,93.50928571428449,55.69999999999709,0,0,0,1,0,0,0.0014220545250419386,97.21099999999933,0
452.48999999999796,333.7100000000064,3.2999999999883585,115.4800000000032,119.58499999999913,-232.69000000000233,0,0,0,0,0,1,0.0018279298696137192,133.31199999999953,1
92.29000000000087,12.660000000003492,32.5,47.12999999999738,122.13928571428498,-228.0500000000029,0,0,0,0,0,0,0.0018674375441276815,133.67699999999968,1
87.83000000000175,45.25,22.130000000004657,20.44999999999709,122.17142857142764,-355.02999999999884,0,0,0,0,0,0,0.0018692553784479173,134.44700000000012,1
97.0,40.45999999999913,21.510000000002037,35.029999999998836,121.55142857142813,-332.48999999999796,0,0,0,0,0,0,0.001858625174394916,131.31100000000006,1
149.0699999999997,96.66999999999825,23.24000000000524,29.159999999996217,125.66499999999984,-260.3400000000038,0,0,0,0,1,0,0.0019186629805455658,137.2189999999995,1
96.59999999999854,54.00999999999476,10.440000000002328,32.150000000001455,126.2335714285712,127.91999999999825,0,0,0,0,1,0,0.0019257917815971826,134.30899999999966,1
80.30999999999767,41.74000000000524,34.15999999998894,4.4100000000034925,126.24642857142837,184.35000000000582,0,0,0,0,0,0,0.0019248080637091888,132.83499999999913,1
77.06999999999243,5.80000000000291,34.00999999999476,37.25999999999476,122.58285714285635,236.5500000000029,0,0,0,0,0,0,0.0018687866866284302,127.54099999999889,1
138.19000000000233,31.889999999999418,70.77000000000407,35.529999999998836,126.02571428571329,229.0199999999968,0,0,0,0,0,0,0.0019203160482613075,133.65,1
91.30999999999767,47.40000000000873,43.90999999998894,0.0,123.57142857142753,178.8900000000067,0,0,0,0,0,0,0.0018815590550475283,136.2159999999989,1
63.43000000000757,9.080000000001746,17.729999999995925,36.620000000009895,121.31285714285643,135.15000000000873,0,0,0,0,0,0,0.0018469144366793412,97.30999999999986,1
111.08999999999651,78.6299999999901,10.680000000007567,21.779999999998836,119.96142857142799,16.30999999999767,0,0,0,0,0,0,0.001828529515651651,99.18999999999942,1
138.68999999998778,80.02999999999884,3.6699999999982538,54.98999999999069,124.36071428571346,86.22999999999593,0,0,0,0,0,0,0.0018934012435493405,104.27599999999802,1
97.08999999999651,47.51000000000931,1.5399999999935972,48.0399999999936,126.60642857142686,103.43000000000757,0,0,0,0,1,0,0.0019261290722618766,104.28499999999767,0
49.31999999999243,13.869999999995343,7.580000000001746,27.869999999995343,97.80857142856932,69.34999999999127,0,0,0,1,0,0,0.001487710224138878,94.30999999999695,0
73.22999999999593,34.770000000004075,10.819999999992433,27.639999999999418,96.4471428571404,25.519999999989523,0,0,0,0,0,0,0.0014677787954108436,91.97299999999669,0
89.18000000000757,30.369999999995343,1.4700000000011642,57.34000000001106,96.5435714285694,72.86000000000058,0,0,0,0,0,0,0.0014699469311321596,92.85999999999767,0
104.13000000000466,85.95999999999185,8.880000000004657,9.290000000008149,97.05285714285544,-89.20999999999185,0,0,0,0,0,1,0.0014796467604443206,95.5659999999989,0
101.79000000000815,66.97000000000116,22.60000000000582,12.220000000001164,93.67571428571318,-206.4600000000064,0,0,0,0,0,0,0.0014296275211266307,91.92599999999948,1
96.91000000000349,0.09999999999854481,71.47000000000116,25.340000000003783,93.69785714285639,-218.25999999999476,0,0,0,1,0,0,0.001429931627909186,92.48600000000006,0
124.7699999999968,53.80999999999767,31.889999999999418,39.06999999999971,96.87357142857061,-238.8399999999965,0,0,0,0,0,1,0.0014796465815432177,98.61999999999898,0
136.8199999999997,81.79000000000087,17.25999999999476,37.770000000004075,101.14142857142828,-289.51000000000204,0,0,0,0,0,1,0.00154677086048777,101.1929999999993,0
340.23999999999796,305.7900000000009,7.569999999999709,26.87999999999738,115.57357142857083,-513.4900000000052,0,0,0,0,0,1,0.0017759123750787256,121.34800000000033,1
288.3000000000029,49.0,96.90999999999622,142.3900000000067,129.64214285714272,-397.1499999999942,0,0,0,0,0,0,0.00199059263767963,140.46900000000096,0
227.13999999999942,128.34999999999854,62.75,36.04000000000087,141.33571428571355,-527.0800000000017,0,0,0,0,0,0,0.0021744280535527,158.25100000000165,1
161.02999999999884,16.779999999998836,66.25999999999476,77.99000000000524,144.9028571428566,-488.7699999999968,0,0,0,0,0,0,0.002229892920204287,167.03100000000194,1
241.98999999999796,62.37000000000262,111.54000000000087,68.07999999999447,152.28142857142873,-343.0500000000029,0,0,0,0,0,0,0.0023411448437018942,182.31200000000098,1
292.75,209.88999999999942,57.93000000000029,24.93000000000029,166.25714285714326,-240.8199999999997,0,0,0,0,0,0,0.002564208774802634,201.17400000000052,1
264.8500000000058,171.01000000000204,25.970000000001164,67.87000000000262,181.65214285714424,-119.58000000000175,0,0,0,0,0,0,0.002794311744556682,217.4800000000003,1
208.29999999999563,97.61000000000058,65.77999999999884,44.90999999999622,191.30000000000135,106.43000000000029,0,0,0,0,0,0,0.0029383096287162605,228.61899999999952,0
185.05999999999767,120.50999999999476,64.55000000000291,0.0,198.14857142857207,-5.220000000001164,0,0,0,0,0,0,0.003049529884662948,234.6479999999996,0
186.13000000000466,116.65000000000146,3.5100000000020373,65.97000000000116,204.00571428571493,-185.25,0,0,0,0,0,1,0.0031453016874335295,239.5790000000001,1
211.99000000000524,136.0300000000061,22.889999999999418,53.06999999999971,211.8771428571433,-117.76000000000204,0,0,0,0,0,0,0.0032737587555399287,226.75400000000081,1
205.13999999999942,99.96999999999389,96.93000000000029,8.240000000005239,219.60785714285728,-191.99000000000524,0,0,0,0,0,0,0.0033881819188466477,218.43800000000047,1
173.79000000000087,36.43000000000029,83.80999999999767,53.55000000000291,223.10928571428616,-253.72999999999593,0,0,0,0,0,0,0.003440298134132831,213.1030000000006,1
170.2300000000032,61.70999999999913,64.30999999999767,44.2100000000064,225.49571428571497,-63.75,0,0,0,0,0,0,0.0034738138669846764,214.02300000000105,0
175.13999999999942,103.15000000000146,0.0,71.98999999999796,213.70285714285794,-49.669999999998254,0,0,0,0,0,0,0.003297334550973039,207.3380000000012,0
141.45999999999913,50.93000000000029,19.00999999999476,71.52000000000407,203.21428571428623,42.10000000000582,0,0,0,0,0,0,0.0031378659396905997,192.2090000000011,1
118.75999999999476,77.37999999999738,0.0,41.37999999999738,195.47285714285732,-131.1999999999971,0,0,0,0,0,0,0.003021936230036332,177.6,1
106.05000000000291,5.959999999999127,78.80000000000291,21.290000000000873,191.54571428571475,-160.99000000000524,0,0,0,0,0,0,0.002960944862985255,167.37500000000074,1
98.47999999999593,20.460000000006403,45.50999999999476,32.50999999999476,181.29500000000033,-202.52999999999884,0,0,0,0,0,0,0.002801632749440281,158.71700000000055,1
129.81000000000495,74.43999999999505,26.630000000004657,28.74000000000524,169.65642857142925,-27.410000000003492,0,0,0,0,0,0,0.0026188264423904596,153.08500000000058,1
105.19000000000233,14.209999999999127,52.24000000000524,38.73999999999796,158.2521428571433,7.2299999999959255,0,0,0,0,0,0,0.0024433251631469617,142.40500000000029,1
223.3199999999997,152.93999999999505,46.70999999999913,23.67000000000553,159.32500000000073,-68.83999999999651,0,0,0,0,0,1,0.002465728196509224,144.22300000000033,1
102.27000000000407,56.05000000000291,41.54000000000087,4.680000000000291,153.41142857142975,-18.909999999996217,0,0,0,0,0,0,0.0023721522735854197,137.07100000000065,1
123.9800000000032,79.61000000000058,8.25,36.12000000000262,148.97214285714395,40.83999999999651,0,0,0,0,0,0,0.002300681173096455,132.44600000000065,1
99.73999999999796,0.5500000000029104,58.68000000000029,40.50999999999476,140.95428571428627,-32.0,0,0,0,0,0,0,0.002176853770750311,124.90600000000049,1
137.89999999999418,55.729999999995925,82.16999999999825,0.0,136.24785714285775,39.29000000000087,0,0,0,0,0,0,0.002102315918984308,124.55,1
181.09000000000378,57.33999999999651,66.4800000000032,57.270000000004075,136.76928571428653,135.45999999999913,0,0,0,0,0,0,0.0021122258580649478,130.7830000000009,1
119.97000000000116,84.84000000000378,5.0,30.12999999999738,133.17928571428638,163.0,0,0,0,0,0,0,0.0020541317948128556,132.17500000000072,1
200.58000000000175,142.75,33.150000000001455,24.68000000000029,134.9964285714294,-60.37000000000262,0,0,0,0,0,0,0.002086790015781642,142.3850000000013,1
183.76000000000204,88.83000000000175,32.56999999999971,62.36000000000058,138.0178571428582,28.4800000000032,0,0,0,0,0,0,0.002130567388426869,147.78000000000102,1
236.36999999999534,206.1800000000003,20.369999999995343,9.819999999999709,146.4185714285725,174.87000000000262,0,0,0,0,1,0,0.0022531712583607594,160.8980000000003,1
158.6099999999933,128.59000000000378,27.189999999995052,2.8299999999944703,150.17285714285754,360.6399999999994,0,0,0,0,1,0,0.0023063811245387944,154.42699999999968,0
74.5199999999968,32.390000000006694,13.44999999999709,28.679999999993015,148.46142857142902,244.00999999999476,0,0,0,0,0,0,0.002281254991198814,151.65199999999896,1
70.58000000000175,12.12999999999738,28.60000000000582,29.849999999998545,144.23071428571453,399.6800000000003,0,0,0,0,0,0,0.0022158444969070743,146.31199999999882,1
207.11000000000058,89.34999999999854,70.13999999999942,47.62000000000262,151.51071428571439,221.40000000000146,0,0,0,0,0,0,0.002330888882549575,157.04899999999907,1
138.15000000000146,60.599999999998545,28.090000000003783,49.45999999999913,145.42714285714308,78.5199999999968,0,0,0,0,0,0,0.0022352137674711537,157.07399999999978,1
65.0399999999936,16.040000000000873,8.979999999995925,40.0199999999968,142.76785714285663,-66.08000000000175,0,0,0,0,0,0,0.0021948813489146056,145.46899999999877,1
69.60000000000582,66.68999999999505,2.1000000000058208,0.8100000000049477,138.8835714285711,33.18000000000029,0,0,0,0,0,0,0.0021329943600055887,140.43199999999925,0
146.48999999999796,71.02999999999884,56.80999999999767,18.650000000001455,142.2228571428568,-48.94999999999709,0,0,0,0,0,0,0.002186641814031507,135.02299999999886,1
186.90999999999622,48.13999999999942,56.98999999999796,81.77999999999884,145.62714285714225,88.55999999999767,0,0,0,0,0,0,0.0022373259421694857,135.3379999999983,1
89.0,64.34999999999854,21.30999999999767,3.3400000000037835,139.04928571428485,91.65000000000146,0,0,0,0,0,0,0.0021341798324615692,120.60099999999875,0
73.70999999999913,18.19000000000233,1.9700000000011642,53.549999999995634,135.74499999999898,90.02999999999884,0,0,0,0,0,0,0.0020840289947854983,112.11099999999934,0
68.50999999999476,6.360000000000582,28.159999999996217,33.98999999999796,126.31142857142706,17.4800000000032,0,0,0,0,0,0,0.0019393888878530782,111.50999999999912,0
79.00999999999476,5.790000000000873,38.68999999999505,34.529999999998836,118.82928571428367,81.93000000000029,0,0,0,0,0,0,0.001824672890742446,112.35299999999843,0
66.45999999999913,6.669999999998254,34.23999999999796,25.55000000000291,106.69285714285537,27.090000000003783,0,0,0,0,0,0,0.0016384815732634636,98.28799999999828,0
140.67000000000553,74.33000000000175,17.560000000004948,48.779999999998836,105.41142857142768,-111.41000000000349,0,0,0,0,0,1,0.0016206648428952343,98.53999999999868,1
228.9100000000035,165.97999999999593,15.470000000001164,47.4600000000064,116.4392857142853,-253.18999999999505,0,0,0,0,0,1,0.0017946133175533385,114.92699999999968,1
118.74000000000524,48.74000000000524,55.919999999998254,14.080000000001746,119.87928571428554,-295.58000000000175,0,0,0,0,0,0,0.0018490210944253494,119.84099999999962,1
166.75,39.9800000000032,34.779999999998836,91.98999999999796,116.99642857142837,-329.22000000000116,0,0,0,0,0,0,0.0018056567639795416,121.86699999999982,1
132.83000000000175,130.7800000000061,1.5499999999956344,0.5,116.61642857142839,-192.29000000000087,0,0,0,0,1,0,0.001796181919454105,116.45900000000037,1
196.11000000000058,62.94000000000233,91.16999999999825,42.0,125.97857142857174,-54.799999999995634,0,0,0,0,1,0,0.0019385109215751533,127.17000000000044,1
135.3199999999997,10.819999999999709,86.13999999999942,38.36000000000058,130.67285714285703,92.2699999999968,0,0,0,0,0,0,0.0020111273246905697,133.3310000000005,1
152.34000000000378,73.10000000000582,72.81999999999971,6.419999999998254,131.09071428571457,215.81000000000495,0,0,0,0,0,0,0.0020152384073802393,141.7140000000014,1
78.54000000000087,26.99000000000524,31.31999999999971,20.229999999995925,123.35000000000062,227.98999999999796,0,0,0,0,0,0,0.0018970391425229378,141.66700000000202,1
133.05999999999767,85.89999999999418,25.580000000001746,21.580000000001746,126.49714285714332,183.9699999999939,0,0,0,0,0,0,0.0019428641114351167,148.32700000000187,1
95.06999999999971,6.900000000001455,11.610000000000582,76.55999999999767,128.02285714285765,114.41999999999825,0,0,0,0,0,0,0.0019665052906115317,143.76700000000127,1
237.41999999999825,102.07999999999447,3.5200000000040745,131.8199999999997,140.0878571428579,22.44000000000233,0,0,1,0,0,0,0.0021552850083450745,144.61800000000076,1
190.77000000000407,64.63999999999942,5.080000000001746,121.05000000000291,148.0707142857157,12.269999999996799,0,0,0,0,0,0,0.0022758401876012985,151.82100000000065,1
251.20999999999913,199.76000000000204,3.540000000000873,47.90999999999622,161.26714285714428,239.76000000000204,0,0,0,0,1,0,0.002471067342522698,160.26700000000056,1
103.88999999999942,7.830000000001746,75.86999999999534,20.19000000000233,158.64000000000098,161.7800000000061,0,0,0,0,0,0,0.00243050560307841,157.37300000000033,1
146.79000000000087,81.20000000000437,18.790000000000873,46.799999999995634,152.7742857142865,248.51000000000204,0,0,0,0,0,0,0.0023377776802325453,152.44100000000034,1
83.36000000000058,49.979999999995925,10.730000000003201,22.650000000001455,150.2471428571433,401.4099999999962,0,0,0,0,0,0,0.002297399781114316,147.24500000000043,0
84.91000000000349,58.24000000000524,20.75,5.919999999998254,144.40142857142928,278.5599999999977,0,0,0,0,0,0,0.0022099814965073654,140.5020000000004,1
118.0,17.770000000004075,36.75,63.479999999995925,143.34214285714344,95.91000000000349,0,0,0,0,0,0,0.002193182673857978,144.44800000000032,1
118.54000000000087,74.08999999999651,4.950000000004366,39.5,137.80142857142917,13.75,0,0,0,0,0,0,0.0021107955283984708,142.99600000000063,1
98.44999999999709,26.62999999999738,22.62000000000262,49.19999999999709,135.16785714285757,-93.22000000000116,0,0,0,0,0,0,0.002071315830376168,143.33400000000037,1
155.59999999999854,35.470000000001164,49.36999999999534,70.76000000000204,135.40071428571432,-106.55999999999767,0,0,0,0,0,0,0.002073764903164792,135.1520000000004,1
50.25999999999476,10.430000000000291,30.599999999998545,9.229999999995925,133.38071428571388,-58.599999999998545,0,0,0,0,0,0,0.0020431481267675464,121.10099999999947,1
76.79000000000087,37.890000000006694,0.5999999999985448,38.299999999995634,129.3614285714284,-114.28000000000611,0,0,1,0,0,0,0.0019827399393295086,103.65899999999965,1
58.56000000000495,7.470000000001164,29.2300000000032,21.860000000000582,126.75357142857163,-30.9800000000032,0,0,0,0,0,0,0.001942489992490348,99.1260000000002,1
113.75,72.91999999999825,6.260000000002037,34.56999999999971,117.92000000000033,71.05999999999767,0,0,0,0,1,0,0.0018050436519927323,95.82200000000012,1
154.62999999999738,66.29000000000087,57.43999999999505,30.900000000001455,115.33857142857129,106.51000000000204,0,0,0,0,0,0,0.0017636209667767444,102.9489999999998,1
133.20999999999913,9.430000000000291,59.23999999999796,64.54000000000087,106.90999999999985,126.33000000000175,0,0,0,0,0,0,0.0016345022932108431,107.77899999999936,1
58.80000000000291,13.540000000000873,7.230000000003201,38.029999999998836,103.68928571428582,177.04000000000087,0,0,0,0,0,0,0.001584958757225504,101.85899999999965,1
308.2800000000061,297.5399999999936,2.290000000008149,8.450000000004366,115.2242857142862,465.3399999999965,0,0,0,0,1,0,0.001753301137127429,120.83300000000017,0
190.91999999999825,130.34999999999127,39.05000000000291,21.520000000004075,122.90714285714317,263.320000000007,0,0,0,0,0,0,0.0018738307207005428,130.0800000000003,0
336.8199999999997,263.25,59.88999999999942,13.680000000000291,140.90071428571432,-70.59000000000378,0,1,0,0,0,1,0.0021568150307924626,148.2020000000004,1
148.81000000000495,126.18999999999505,6.450000000004366,16.17000000000553,143.10142857142895,46.0199999999968,0,0,0,1,0,0,0.002186279689930716,158.05700000000144,0
91.23999999999796,63.01000000000204,8.279999999998836,19.94999999999709,141.15142857142877,-31.279999999998836,0,0,0,0,0,0,0.0021586243022610617,159.50200000000115,0
177.27999999999884,41.85000000000582,45.779999999998836,89.64999999999418,146.78214285714316,-371.77999999999884,0,0,0,0,0,0,0.002246205896504998,171.37400000000054,0
71.95999999999913,52.479999999995925,7.849999999998545,11.630000000004657,140.8078571428575,-192.2100000000064,0,0,0,1,0,0,0.0021530526632502754,167.19500000000045,0
154.04999999999563,148.61000000000058,4.430000000000291,1.0099999999947613,148.221428571429,-76.94000000000233,0,0,0,0,0,1,0.0022715509993904938,167.13700000000026,0
282.5,255.75,24.369999999995343,2.3800000000046566,162.91500000000036,-459.9099999999962,0,0,0,0,0,1,0.002506600568664383,182.06600000000034,1
135.83000000000175,74.18000000000029,35.63000000000466,26.0199999999968,168.43428571428583,-469.2900000000009,0,0,0,0,0,0,0.0025944803302373164,189.76900000000023,1
142.30999999999767,107.31999999999971,27.37999999999738,7.610000000000582,170.47428571428568,-322.32999999999447,0,0,0,0,0,0,0.0026216983834566284,173.1719999999994,1
69.0,41.80999999999767,20.0199999999968,7.17000000000553,164.35785714285728,-331.91999999999825,0,0,0,0,0,0,0.0025259690111823887,160.97999999999956,0
166.65999999999622,122.02999999999884,38.5199999999968,6.110000000000582,166.7471428571428,-305.3999999999942,0,0,0,0,0,1,0.0025674815439511527,143.9639999999992,1
76.37000000000262,23.520000000004075,18.31999999999971,34.529999999998836,168.0021428571428,-26.919999999998254,0,0,0,0,0,0,0.0025859421183820393,136.71999999999898,1
71.5,2.650000000001455,43.61000000000058,25.239999999997963,151.08928571428518,45.5,0,0,0,0,0,0,0.0023256763597903326,134.74599999999919,1
140.45000000000437,63.44999999999709,25.660000000003492,51.34000000000378,147.48428571428562,-121.79000000000087,0,0,0,0,0,0,0.0022723948064050092,131.06299999999973,1
117.33999999999651,41.63999999999942,33.720000000001164,41.979999999995925,131.80714285714254,-123.37000000000262,0,0,0,0,0,0,0.002029554483919694,135.6009999999995,1
75.75999999999476,38.12000000000262,37.0399999999936,0.5999999999985448,126.58928571428467,35.36000000000058,0,0,0,0,0,0,0.0019480921195356418,127.7719999999994,1
122.90000000000146,86.72999999999593,24.24000000000524,11.930000000000291,128.8507142857135,-71.62000000000262,0,0,0,0,0,0,0.001985499757391512,111.81199999999953,1
258.7900000000009,129.76000000000204,31.650000000001455,97.37999999999738,134.6728571428565,60.650000000001455,0,0,0,1,0,0,0.0020710492638889608,124.10799999999945,0
120.5199999999968,4.819999999999709,26.05999999999767,89.63999999999942,138.14142857142775,118.98999999999796,0,0,0,0,0,0,0.0021245477242617756,121.92899999999936,1
126.61000000000058,52.55000000000291,66.40000000000146,7.6599999999962165,136.1814285714281,24.330000000001746,0,0,0,0,0,0,0.002096124067007974,127.68999999999942,0
139.51000000000204,98.77999999999884,38.900000000001455,1.8300000000017462,125.96785714285683,-111.7300000000032,0,0,0,0,0,1,0.0019418677972483623,124.975,0
221.88999999999942,154.45999999999913,39.34000000000378,28.089999999996508,132.11499999999953,-181.40000000000146,0,0,0,0,0,1,0.0020415066431829845,139.52699999999967,0
451.6200000000026,398.0599999999977,37.99000000000524,15.569999999999709,154.2085714285713,-713.3899999999994,0,0,0,0,0,1,0.002397782274634542,177.53899999999993,1
190.69000000000233,12.339999999996508,157.2100000000064,21.139999999999418,162.90071428571432,-696.2300000000032,0,0,0,1,0,0,0.002532450108864008,182.56299999999973,0
209.61000000000058,22.080000000001746,13.069999999999709,174.45999999999913,165.96857142857178,-620.7999999999956,0,0,0,1,0,0,0.002579257990781164,191.79000000000013,0
533.1699999999983,247.61000000000058,40.470000000001164,245.0899999999965,198.5971428571429,-774.6800000000003,0,0,0,0,0,1,0.0030984931348845717,237.5310000000005,1
231.81000000000495,183.37000000000262,38.529999999998836,9.910000000003492,210.04785714285754,-800.9199999999983,0,0,0,0,0,0,0.0032864375395707628,248.42200000000085,1
295.6399999999994,125.16999999999825,26.580000000001746,143.88999999999942,221.13285714285718,-524.3799999999974,0,0,0,0,0,1,0.0034666505897581286,252.1070000000007,1
103.75,28.090000000003783,27.439999999995052,48.220000000001164,220.16214285714315,-564.2699999999968,0,0,0,0,0,0,0.0034529242193887767,250.43000000000103,1
334.26000000000204,227.20000000000437,11.440000000002328,95.61999999999534,238.6264285714294,-359.4400000000023,0,0,0,0,0,0,0.0037292389268081074,271.1950000000012,1
296.16999999999825,79.18000000000029,14.12999999999738,202.86000000000058,251.00285714285772,-31.69999999999709,0,0,0,0,0,0,0.0039180597418146295,286.8610000000008,1
232.87999999999738,1.7999999999956344,66.34999999999854,164.7300000000032,249.1521428571432,146.69000000000233,0,0,0,0,0,0,0.003889341996698157,287.9600000000006,1
277.2099999999991,34.400000000001455,165.1999999999971,77.61000000000058,260.34428571428623,306.77999999999884,0,0,0,0,0,0,0.00406182480668326,270.51900000000023,0
184.4100000000035,67.36000000000058,54.37000000000262,62.68000000000029,264.47285714285783,262.1800000000003,0,0,0,0,0,0,0.004130887718803058,269.89100000000036,1
198.6800000000003,62.049999999995634,55.970000000001164,80.66000000000349,268.6992857142863,92.86999999999534,0,0,0,0,0,0,0.0041931298920907766,268.79800000000034,1
97.7899999999936,52.770000000004075,29.479999999995925,15.539999999993597,259.83500000000015,-36.53000000000611,0,0,0,0,0,0,0.004058240241699848,225.25999999999985,1
160.75999999999476,155.38999999999942,0.0,5.369999999995343,239.05928571428532,-189.10000000000582,0,0,0,0,0,1,0.0037428378942768875,218.15499999999884,1
132.63000000000466,18.12000000000262,55.06999999999971,59.44000000000233,234.91214285714264,-207.5699999999997,0,0,0,0,0,0,0.0036769466556798476,201.85399999999936,1
112.38999999999942,4.519999999996799,57.470000000001164,50.400000000001455,227.96785714285684,-130.87000000000262,0,0,0,0,0,0,0.0035679975787857154,202.7179999999993,1
206.95999999999913,144.55999999999767,50.11000000000058,12.290000000000873,204.6671428571426,-47.75,0,0,0,0,1,0,0.0031962715348758373,189.987999999999,1
109.72000000000116,75.65999999999622,26.10000000000582,7.959999999999127,195.94642857142804,76.31999999999971,0,0,0,0,0,0,0.0030567511294574165,171.3429999999993,1
78.21999999999389,13.970000000001164,22.369999999995343,41.87999999999738,180.41642857142764,244.70000000000437,0,0,0,0,0,0,0.002813913951849764,155.87699999999896,1
57.33999999999651,27.639999999999418,0.12000000000261934,29.57999999999447,177.10142857142742,256.79999999999563,0,0,0,0,0,0,0.002760970459591511,133.88999999999868,1
97.70000000000437,63.86999999999534,12.520000000004075,21.310000000004948,160.2042857142847,188.20000000000437,0,0,0,0,0,0,0.0025000442523192626,125.21899999999877,1
57.950000000004366,29.7300000000032,12.680000000000291,15.540000000000873,143.18857142857087,77.31000000000495,0,0,0,0,0,0,0.00223346869507242,111.14599999999919,1
135.38999999999942,103.38999999999942,20.0,12.0,136.2249999999996,109.58000000000175,0,0,0,0,0,0,0.0021214743191426146,114.90599999999976,0
165.3199999999997,128.25,27.830000000001746,9.239999999997963,128.23285714285677,-34.29000000000087,0,0,0,0,0,0,0.0020010888805552544,115.36200000000026,1
80.76000000000204,54.67000000000553,23.62999999999738,2.459999999999127,120.82928571428523,-10.469999999993888,0,0,0,0,0,0,0.0018840082370188559,110.175,1
83.66000000000349,59.79000000000087,17.4800000000032,6.389999999999418,112.61357142857118,112.72999999999593,0,0,0,0,0,0,0.0017542882806412567,107.3020000000004,0
98.11999999999534,30.029999999998836,12.0,56.08999999999651,112.63714285714273,52.849999999998545,0,0,0,0,0,0,0.0017554775180051313,96.41800000000003,1
102.02000000000407,21.37000000000262,64.68000000000029,15.970000000001164,108.44142857142911,-70.66999999999825,0,0,0,0,0,0,0.0016906527896639726,95.64800000000032,0
76.59999999999854,30.55999999999767,28.669999999998254,17.37000000000262,104.43928571428582,90.48999999999796,0,0,0,0,0,0,0.0016274891991773647,95.48600000000079,0
108.26000000000204,59.63999999999942,1.1300000000046566,47.48999999999796,104.144285714286,-20.950000000004366,0,0,0,0,0,0,0.0016243810864295517,100.57800000000134,0
65.45999999999913,7.130000000004657,23.159999999996217,35.169999999998254,94.03714285714315,-87.79000000000087,0,0,0,0,0,0,0.0014669117863351417,97.35400000000081,0
85.29000000000087,16.150000000001455,50.31999999999971,18.81999999999971,92.29214285714313,-72.12000000000262,0,0,0,0,0,0,0.001440014286799798,100.08800000000046,0
42.0199999999968,19.229999999995925,12.720000000001164,10.069999999999709,89.70642857142904,-32.720000000001164,0,0,0,0,0,0,0.0013992791432256742,90.7510000000002,0
73.16999999999825,5.75,33.05999999999767,34.36000000000058,90.83714285714346,-68.70999999999913,0,0,0,0,0,0,0.0014170427188036979,81.53600000000006,0
58.33999999999651,12.919999999998254,28.169999999998254,17.25,88.02571428571433,-30.239999999997963,0,0,0,0,0,0,0.0013736210148455094,79.2939999999995,1
44.11999999999534,10.569999999999709,16.099999999998545,17.44999999999709,87.03785714285654,-14.419999999998254,0,0,0,0,0,0,0.0013580334421293525,75.3399999999987,0
35.80000000000291,10.25,11.230000000003201,14.319999999999709,79.92428571428536,10.900000000001455,0,0,0,0,0,0,0.001246829245724127,69.10799999999945,0
51.779999999998836,16.25,34.68000000000029,0.8499999999985448,71.8142857142853,9.25,0,0,0,0,0,0,0.0011200282620538995,64.08399999999892,0
38.95999999999913,18.340000000003783,12.729999999995925,7.889999999999418,68.82857142857081,-3.360000000000582,0,0,0,0,0,0,0.0010737693350911734,60.319999999998984,0
37.75,6.620000000002619,18.25,12.87999999999738,65.54928571428484,10.069999999999709,0,0,0,0,0,0,0.001022720808909748,53.268999999998776,0
38.450000000004366,17.30999999999767,2.0500000000029104,19.090000000003783,61.287142857142626,17.610000000000582,0,0,0,0,0,0,0.0009559877722877692,50.5679999999993,0
51.330000000001746,0.12000000000261934,8.980000000003201,42.229999999995925,57.66642857142818,5.790000000000873,0,0,0,0,0,0,0.0008995225320628307,47.171999999999386,0
37.849999999998545,23.529999999998836,2.0900000000037835,12.229999999995925,54.89857142857103,-34.0,0,0,0,0,0,0,0.0008566620617188963,46.75499999999956,0
47.62999999999738,7.92000000000553,35.12999999999738,4.57999999999447,50.56785714285642,-23.62000000000262,0,0,0,0,0,0,0.0007891814223917349,44.200999999999475,0
29.900000000001455,18.849999999998545,7.790000000000873,3.2600000000020373,48.02785714285658,2.430000000000291,0,0,0,0,0,0,0.0007493174968973093,41.35699999999997,0
81.20999999999913,53.09000000000378,12.62999999999738,15.489999999997963,47.736428571427886,-67.61000000000058,0,0,0,0,0,1,0.0007454030079344029,45.06600000000035,0
82.98999999999796,31.760000000002037,4.5899999999965075,46.63999999999942,50.66285714285654,-101.79000000000087,0,0,0,0,0,0,0.0007915325656482138,49.784999999999854,1
155.69000000000233,48.7699999999968,90.72000000000116,16.200000000004366,56.557142857142544,-126.12999999999738,0,0,0,0,0,0,0.0008842835957128613,60.1760000000002,1
74.54999999999563,22.760000000002037,32.029999999998836,19.75999999999476,57.71499999999963,-95.44999999999709,0,0,0,0,0,0,0.0009020662263372646,63.73499999999986,1
98.84999999999854,75.18000000000029,5.919999999998254,17.75,61.62428571428557,-39.95999999999913,1,0,0,0,0,0,0.0009620450405325875,69.84499999999971,0
82.28000000000611,45.650000000001455,24.470000000001164,12.160000000003492,64.9442857142858,-31.239999999997963,0,0,0,0,0,0,0.0010145981527578064,74.22799999999988,0
41.98999999999796,7.2299999999959255,23.05000000000291,11.709999999999127,64.24500000000002,10.209999999999127,0,0,0,0,0,0,0.0010035734682324363,73.2939999999995,1
52.37999999999738,18.239999999997963,0.0,34.13999999999942,65.29285714285705,38.599999999998545,0,0,0,0,0,0,0.0010202527025646934,74.74699999999939,1
47.30999999999767,10.439999999995052,7.970000000001164,28.900000000001455,65.97571428571402,3.3000000000029104,0,0,0,0,0,0,0.001031125255875147,74.71499999999942,1
53.63999999999942,5.5899999999965075,15.880000000004657,32.169999999998254,67.06071428571366,-76.86000000000058,0,0,0,0,0,0,0.0010481733247843406,77.08899999999922,1
65.47999999999593,0.7900000000008731,39.979999999995925,24.709999999999127,68.07142857142753,-31.239999999997963,0,0,0,0,0,0,0.001063971504409247,75.5159999999989,1
63.01000000000204,36.330000000001746,22.80999999999767,3.8700000000026193,69.86857142857063,-0.6999999999970896,0,0,0,0,0,0,0.001091431415380869,73.5179999999993,1
41.580000000001746,13.55000000000291,6.470000000001164,21.55999999999767,69.4364285714281,34.43000000000029,0,0,0,0,0,0,0.0010844158825657766,62.106999999999246,1
52.12000000000262,15.489999999997963,2.930000000000291,33.700000000004366,71.02357142857103,31.389999999999418,0,0,0,0,0,0,0.0011094732161853573,59.86399999999994,1
50.49000000000524,42.45999999999913,3.4100000000034925,4.620000000002619,68.82928571428576,80.37999999999738,0,0,0,0,0,0,0.0010744665617678844,55.02800000000061,1
38.63999999999942,18.69000000000233,13.139999999999418,6.809999999997672,65.66142857142871,61.96999999999389,0,0,0,0,0,0,0.0010253095508868473,50.663999999999945,1
106.87999999999738,72.68000000000029,13.160000000003492,21.039999999993597,62.17499999999979,97.90999999999622,0,0,0,0,1,0,0.0009697653144542962,57.152999999999885,0
61.520000000004075,3.679999999993015,26.950000000004366,30.890000000006694,61.24428571428611,85.90999999999622,0,0,0,0,0,0,0.000955194406269625,58.067000000000554,0
52.93999999999505,21.400000000001455,24.709999999999127,6.82999999999447,57.965000000000146,74.54999999999563,0,0,0,0,0,0,0.0009044294339861714,58.630000000000294,0
21.19999999999709,6.030000000006112,5.439999999995052,9.729999999995925,53.60214285714236,26.55999999999767,0,0,0,0,0,0,0.0008364149078933714,55.38600000000006,0
140.38999999999942,107.97999999999593,5.389999999999418,27.020000000004075,60.63071428571389,-64.68999999999505,0,0,0,0,0,1,0.0009477117834327285,62.87700000000041,0
68.77999999999884,17.970000000001164,3.0,47.80999999999767,61.712857142856855,-155.52999999999884,0,0,0,0,0,0,0.0009648978131692972,63.454000000000086,0
45.580000000001746,35.44000000000233,3.959999999999127,6.180000000000291,61.589285714285715,-125.86999999999534,0,0,0,0,0,0,0.000962464627401786,63.854000000000084,0
78.05000000000291,43.63000000000466,10.62999999999738,23.790000000000873,63.33285714285739,-141.95999999999913,0,0,0,0,0,0,0.0009903779442454318,66.44700000000012,0
70.67000000000553,22.37000000000262,18.69000000000233,29.610000000000582,63.70357142857237,-159.63999999999942,0,0,0,0,0,0,0.0009965213098682517,68.46500000000015,0
56.30000000000291,17.389999999999418,6.709999999999127,32.200000000004366,63.224285714286715,-32.18000000000029,0,0,0,0,0,0,0.000988748945389582,70.23100000000049,0
34.63999999999942,8.930000000000291,14.540000000000873,11.169999999998254,62.72857142857226,-5.269999999996799,0,0,0,0,0,0,0.0009808596114245815,63.0070000000007,0
49.55999999999767,3.2399999999979627,22.75,23.56999999999971,62.545714285714766,-39.98999999999796,0,0,0,0,0,0,0.0009780220690941326,61.81100000000006,0
41.96999999999389,18.31999999999971,4.989999999997963,18.659999999996217,61.937142857142526,21.360000000000582,0,0,0,0,0,0,0.0009682288248349257,60.71399999999994,0
35.45999999999913,29.510000000002037,4.459999999999127,1.4899999999979627,61.709999999999646,14.720000000001164,0,0,0,0,0,0,0.0009651134403189652,62.14000000000014,0
82.58999999999651,42.05999999999767,3.6999999999970896,36.830000000001746,59.97499999999958,-45.099999999998545,0,0,0,0,0,1,0.000938596169995527,56.35999999999986,1
40.37999999999738,34.23999999999796,6.139999999999418,0.0,58.46499999999911,-19.840000000003783,0,0,0,0,0,0,0.0009144756815788187,53.51999999999971,1
62.31000000000495,36.63999999999942,12.790000000000873,12.880000000004657,59.134285714285525,-56.0,0,0,0,0,0,1,0.0009254882675011189,55.193000000000026,1
172.0899999999965,79.86000000000058,8.610000000000582,83.61999999999534,69.91214285714263,-160.36000000000058,0,0,0,0,0,1,0.001095644134802923,64.59699999999938,1
89.43000000000029,7.900000000001455,37.61000000000058,43.919999999998254,66.2721428571427,-135.15000000000146,0,0,0,0,0,0,0.00103865845552458,66.47299999999886,1
73.8900000000067,62.11000000000058,8.35000000000582,3.430000000000291,66.63714285714325,-30.24000000000524,0,0,0,0,0,0,0.0010433510738356484,68.23199999999925,1
44.94000000000233,6.1600000000034925,20.19000000000233,18.589999999996508,66.591428571429,-58.2699999999968,0,0,0,0,0,0,0.0010425347653607996,69.26199999999953,1
92.58000000000175,70.09000000000378,17.5199999999968,4.970000000001164,67.62928571428607,51.18000000000029,0,0,0,0,1,0,0.0010575931583068708,73.56399999999994,1
42.479999999995925,29.610000000000582,6.6599999999962165,6.209999999999127,65.61571428571395,161.94000000000233,0,0,0,0,0,0,0.001025708546963058,73.61500000000015,1
26.239999999997963,6.569999999999709,7.360000000000582,12.309999999997672,63.46857142857074,159.1600000000035,0,0,0,0,0,0,0.0009922440232417444,72.69300000000003,1
49.62999999999738,15.029999999998836,3.9400000000023283,30.659999999996217,64.53928571428489,81.68000000000029,0,0,0,0,0,0,0.0010092138414613666,69.39700000000012,1
64.0,43.36999999999534,9.020000000004075,11.610000000000582,65.57071428571362,118.87999999999738,0,0,0,0,1,0,0.001024647757311824,71.75900000000038,1
57.11000000000058,9.769999999996799,23.62000000000262,23.720000000001164,66.65214285714266,56.7699999999968,0,0,0,0,0,0,0.0010413879881771915,71.23899999999995,1
29.409999999996217,7.379999999997381,6.25,15.779999999998836,66.2199999999996,39.33999999999651,0,0,0,0,0,0,0.001034518582512693,56.97099999999991,1
74.02999999999884,22.910000000003492,34.26000000000204,16.859999999993306,65.6085714285712,27.159999999996217,0,0,0,0,0,0,0.0010252646498142763,55.43099999999977,1
25.93000000000029,0.3600000000005821,17.32999999999447,8.240000000005239,64.57642857142855,43.24000000000524,0,0,0,0,0,0,0.0010091123378764425,50.634999999999124,1
48.62999999999738,2.4800000000032014,22.299999999995634,23.849999999998545,63.59928571428515,2.6200000000026193,0,0,0,0,0,0,0.0009938003306811665,51.00399999999863,1
39.24000000000524,13.959999999999127,11.220000000001164,14.060000000004948,54.11000000000006,-21.12999999999738,0,0,0,0,0,0,0.0008457059440890071,45.66999999999898,1
66.53000000000611,50.330000000001746,5.760000000002037,10.440000000002328,52.47428571428619,20.340000000003783,0,0,0,0,1,0,0.0008195164500435835,48.075,1
34.28000000000611,16.779999999998836,8.230000000003201,9.270000000004075,49.64500000000044,55.7300000000032,0,0,0,0,1,0,0.0007751269876437222,48.879000000000815,1
39.599999999998545,7.5,19.50999999999476,12.590000000003783,49.263571428571595,64.13999999999942,0,0,0,0,0,0,0.000769053078433537,47.87600000000093,1
41.49000000000524,9.809999999997672,7.8400000000037835,23.840000000003783,45.61428571428613,71.27999999999884,0,0,0,0,0,0,0.0007119743063122686,45.62500000000146,1
90.99000000000524,63.650000000001455,11.150000000001455,16.19000000000233,49.0792857142868,143.80999999999767,0,0,0,0,0,0,0.000765358713540634,49.013000000001924,1
134.20999999999913,19.220000000001164,80.75,34.23999999999796,56.79142857142973,75.84999999999854,0,0,0,0,0,0,0.0008858899572872597,59.49300000000221,1
63.12999999999738,2.9399999999950523,8.25,51.94000000000233,57.75571428571545,59.779999999998836,0,0,0,0,0,0,0.000900921880029598,58.403000000002066,1
57.98999999999796,11.860000000000582,13.5,32.62999999999738,57.32642857142959,38.5199999999968,0,0,0,0,0,0,0.0008943844287756917,61.609000000001835,1
44.0199999999968,38.44999999999709,0.06999999999970896,5.5,56.39142857142932,68.16999999999825,0,0,0,0,0,0,0.000879254661832775,61.14800000000177,1
55.51000000000204,8.190000000002328,16.580000000001746,30.739999999997963,58.25571428571545,14.790000000000873,0,0,0,0,0,0,0.0009082495154900277,62.775000000001455,1
83.23999999999796,50.48999999999796,10.260000000002037,22.489999999997963,58.91357142857253,81.91999999999825,0,0,0,0,0,0,0.0009178204251438657,64.44600000000064,1
85.5,41.11000000000058,31.459999999999127,12.930000000000291,63.16857142857251,35.06999999999971,0,0,0,0,0,0,0.000984817402096343,69.56800000000003,1
61.94999999999709,11.909999999996217,20.139999999999418,29.900000000001455,64.12000000000106,58.45999999999913,0,0,0,0,0,0,0.0009994634820173116,71.80299999999988,1
61.98999999999796,32.599999999998545,10.080000000001746,19.30999999999767,65.74500000000054,-16.849999999998545,0,0,0,0,0,0,0.0010253648549002372,73.85299999999916,1
67.72000000000116,27.540000000000873,4.110000000000582,36.06999999999971,65.83000000000018,5.019999999996799,0,0,0,0,0,0,0.0010262578908287992,71.52599999999875,1
102.11999999999534,72.98999999999796,3.2299999999959255,25.900000000001455,70.67571428571371,-112.75999999999476,0,0,0,0,0,0,0.0011030016681136045,68.31699999999837,1
72.51000000000204,60.66000000000349,4.690000000002328,7.1599999999962165,73.02642857142824,-5.94999999999709,0,0,0,0,0,0,0.001138610038429434,69.25499999999883,1
62.25,2.599999999998545,40.69000000000233,18.959999999999127,74.50928571428501,-14.559999999997672,0,0,0,0,0,0,0.0011616689795438439,69.68099999999905,1
54.56000000000495,10.639999999999418,25.959999999999127,17.960000000006403,71.90714285714213,32.2300000000032,0,0,0,0,0,0,0.0011209067446340498,70.73499999999986,1
83.4800000000032,51.88999999999942,20.720000000001164,10.87000000000262,68.283571428571,56.770000000004075,0,0,0,0,1,0,0.001063566609439937,73.53199999999997,1
76.97000000000116,13.89999999999418,40.74000000000524,22.330000000001746,69.2721428571427,140.5399999999936,0,0,0,0,0,0,0.001078730784986231,72.90500000000029,1
118.48999999999796,12.12000000000262,81.71999999999389,24.650000000001455,73.59357142857127,68.31999999999971,0,0,0,0,0,0,0.0011462317909391381,76.2040000000001,1
155.95999999999913,83.93000000000029,69.61000000000058,2.4199999999982538,81.59428571428569,151.34999999999854,0,0,0,0,0,0,0.00126913594742245,85.60500000000029,1
83.02000000000407,59.79000000000087,3.9499999999970896,19.280000000006112,83.55928571428583,200.54000000000087,0,0,0,0,0,0,0.0012984841468786127,87.70800000000091,0
74.28000000000611,22.19999999999709,34.81000000000495,17.270000000004075,82.91928571428642,126.77999999999884,0,0,0,0,0,0,0.0012889832289943266,88.3640000000014,0
62.75,36.099999999998545,23.450000000004366,3.1999999999970896,81.29428571428642,148.37000000000262,0,0,0,0,0,0,0.0012630257436767201,84.42700000000187,0
43.87999999999738,6.040000000000873,11.290000000000873,26.549999999995634,80.00357142857216,163.7699999999968,0,0,0,0,0,0,0.0012428982631982471,81.5640000000014,0
41.56999999999971,23.220000000001164,2.3299999999944703,16.020000000004075,78.54500000000085,55.37000000000262,0,0,0,0,0,0,0.0012206553945835327,79.49600000000137,0
26.790000000000873,7.360000000000582,9.700000000004366,9.729999999995925,75.6214285714294,-13.070000000006985,0,0,0,0,0,0,0.001175371148391914,76.71900000000096,0
52.919999999998254,10.220000000001164,34.89999999999418,7.80000000000291,72.1071428571439,-2.209999999999127,0,0,0,0,0,0,0.0011209465954836685,73.66300000000047,0
63.279999999998836,17.910000000003492,9.959999999999127,35.40999999999622,71.44785714285796,-56.970000000001164,0,0,0,0,0,0,0.0011110304473902824,72.29400000000024,0
54.799999999995634,3.0500000000029104,23.55999999999767,28.189999999995052,70.91571428571478,-65.5,0,0,0,0,0,0,0.0011028357637368235,65.925,1
60.86000000000058,46.2899999999936,4.120000000002619,10.450000000004366,71.36571428571447,-89.91999999999825,0,0,0,0,0,0,0.0011106352911233555,56.41500000000015,1
50.08999999999651,15.470000000001164,17.290000000000873,17.32999999999447,68.980714285714,-66.48999999999796,0,0,0,0,0,0,0.001073264800775363,53.12199999999939,1
80.03000000000611,55.05999999999767,4.880000000004657,20.090000000003783,69.19928571428578,-111.15000000000146,0,0,0,0,0,1,0.0010776042820930185,53.69699999999939,1
44.29000000000087,17.830000000001746,0.8099999999976717,25.650000000001455,63.89928571428599,-74.87999999999738,0,0,0,0,0,0,0.0009948067969305116,51.85099999999947,1
83.37000000000262,44.2300000000032,34.01000000000204,5.129999999997381,58.70928571428625,-26.2699999999968,0,0,0,0,1,0,0.0009133823533235909,55.8,1
102.98999999999796,7.989999999997963,82.87999999999738,12.12000000000262,60.13571428571439,28.339999999996508,0,0,0,0,0,0,0.0009354548383870948,61.94199999999982,1
60.31999999999971,57.69000000000233,0.0,2.6299999999973807,59.138571428571076,69.90000000000146,0,0,0,0,0,0,0.0009191321564702712,65.2949999999997,1
51.2100000000064,10.709999999999127,21.280000000006112,19.220000000001164,58.314285714285816,113.05999999999767,0,0,0,0,0,0,0.0009065018612823877,65.12400000000052,1
53.419999999998254,10.459999999999127,4.889999999999418,38.06999999999971,58.99571428571445,107.27999999999884,0,0,0,0,0,0,0.0009169348137214879,64.13800000000046,1
52.93999999999505,4.669999999998254,18.739999999997963,29.529999999998836,59.807857142856975,66.34999999999854,0,0,0,0,0,0,0.000929514119809151,63.95200000000041,1
31.119999999995343,2.9399999999950523,14.860000000000582,13.319999999999709,60.1171428571423,61.08999999999651,0,0,0,0,0,0,0.0009342781023235802,60.97799999999988,1
37.38999999999942,12.780000000006112,13.539999999993597,11.069999999999709,59.007857142856665,-8.87000000000262,0,0,0,0,0,0,0.000917227040711634,59.708000000000176,1
48.04000000000087,13.049999999995634,33.10000000000582,1.889999999999418,57.91928571428538,-9.089999999996508,0,0,0,0,0,0,0.0009004887872726868,56.50899999999965,1
40.830000000001746,15.299999999995634,18.10000000000582,7.430000000000291,56.92142857142868,-35.349999999998545,0,0,0,0,0,0,0.0008851817815038145,56.16299999999974,1
96.47999999999593,65.36000000000058,10.989999999997963,20.12999999999738,59.46571428571406,25.93000000000029,0,0,0,0,1,0,0.0009238243505104868,57.473999999999066,1
78.34000000000378,41.11999999999534,17.950000000004366,19.270000000004075,61.48357142857172,64.40000000000146,0,0,0,0,0,0,0.000954558355767387,55.00899999999965,1
79.87000000000262,54.42000000000553,15.860000000000582,9.589999999996508,61.4721428571429,22.889999999999418,0,0,0,0,0,0,0.0009551924071010712,56.96399999999994,1
112.66999999999825,88.24000000000524,1.0799999999944703,23.349999999998545,66.35642857142842,124.18000000000029,0,0,0,0,0,0,0.0010296756606460154,63.109999999999125,1
82.2300000000032,3.9800000000032014,37.87999999999738,40.37000000000262,66.27499999999989,135.20999999999913,0,0,0,0,0,0,0.0010284761018001225,65.99099999999962,1
46.50999999999476,28.0199999999968,6.19999999999709,12.290000000000873,62.240714285713956,42.91000000000349,0,0,0,0,0,0,0.0009662909645956226,65.34799999999959,1
46.68999999999505,6.809999999997672,23.239999999997963,16.639999999999418,61.26714285714219,8.720000000001164,0,0,0,0,0,0,0.0009510694536170529,66.90499999999956,1
45.270000000004075,14.44999999999709,13.12000000000262,17.700000000004366,60.84285714285631,46.520000000004075,0,0,0,0,0,0,0.0009447312687616591,67.69300000000003,1
56.979999999995925,4.239999999997963,7.369999999995343,45.37000000000262,61.09714285714186,-33.86000000000058,0,0,0,0,0,0,0.0009485638964843563,68.58699999999953,1
42.54000000000087,0.7699999999967986,8.720000000001164,33.05000000000291,60.35428571428513,-29.389999999999418,0,0,0,0,0,0,0.0009370239734460695,68.75799999999944,1
61.36000000000058,30.2300000000032,12.809999999997672,18.31999999999971,62.514285714285506,-31.660000000003492,0,0,0,0,0,0,0.0009710154549447021,65.24599999999991,1
96.13000000000466,73.94000000000233,14.389999999999418,7.80000000000291,66.71000000000016,35.4800000000032,0,0,0,0,0,0,0.0010349906267488086,67.025,1
109.48999999999796,53.75,16.19999999999709,39.54000000000087,71.09928571428567,106.15000000000146,0,0,0,0,0,0,0.0011021702852260212,69.98699999999954,0
50.31000000000495,13.80000000000291,5.220000000001164,31.290000000000873,71.77642857142875,84.48999999999796,0,0,0,0,0,0,0.0011129053293642503,63.751000000000204,0
48.5,12.05000000000291,31.459999999999127,4.989999999997963,68.3492857142862,67.37999999999738,0,0,0,0,0,0,0.001060040576858649,60.377999999999886,0
29.919999999998254,12.190000000002328,5.889999999999418,11.839999999996508,64.89071428571437,109.37000000000262,0,0,0,0,0,0,0.0010062184247701356,58.719000000000236,0
56.67000000000553,51.80000000000291,4.0,0.8700000000026193,63.23357142857172,-16.62000000000262,0,0,0,0,0,0,0.0009813076559954655,59.71700000000128,1
63.53000000000611,47.06000000000495,3.639999999999418,12.830000000001746,59.72357142857228,-23.529999999998836,0,0,0,0,0,0,0.0009261635230408521,61.543000000001484,0
45.919999999998254,24.410000000003492,0.03999999999359716,21.470000000001164,57.1300000000005,14.090000000003783,0,0,0,0,0,0,0.0008856165669359867,60.43700000000172,0
79.63999999999942,42.450000000004366,24.43000000000029,12.759999999994761,59.496428571429405,-11.720000000001164,0,0,0,0,0,0,0.0009229078799103688,64.14700000000157,0
40.69999999999709,16.799999999995634,0.0,23.900000000001455,59.07071428571518,-40.25,0,1,0,0,0,1,0.0009165434840972268,62.081000000001225,0
34.779999999998836,16.889999999999418,5.139999999999418,12.75,58.32142857142909,-7.279999999998836,0,0,0,0,0,0,0.0009051794735316622,55.94600000000064,0
108.06000000000495,20.31999999999971,0.5600000000049477,87.18000000000029,61.970000000001164,-74.42000000000553,0,0,0,0,0,1,0.0009621103643211093,55.80300000000134,0
59.529999999998836,55.12000000000262,2.1599999999962165,2.25,63.18357142857245,-155.4100000000035,0,0,0,0,0,0,0.0009818230268239844,56.725000000000726,0
100.8599999999933,64.44999999999709,23.30999999999767,13.099999999998545,66.00500000000049,-175.93999999999505,0,0,0,0,0,1,0.001026670729486075,61.961000000000055,1
81.15000000000146,53.32999999999447,12.740000000005239,15.080000000001746,64.93500000000027,-212.4300000000003,0,0,0,0,0,0,0.0010108658544350098,67.08400000000037,1
100.49000000000524,73.19999999999709,19.640000000006694,7.650000000001455,64.29214285714365,-121.27000000000407,1,0,0,0,1,0,0.0009997297889510549,71.46600000000035,1
82.66999999999825,63.69000000000233,14.659999999996217,4.319999999999709,66.60357142857174,-36.68999999999505,0,0,0,0,0,0,0.0010346378717517334,73.37999999999957,1
79.12000000000262,11.819999999999709,32.38000000000466,34.919999999998254,68.79071428571478,7.419999999998254,0,0,0,0,0,0,0.0010688303814672545,76.7,1
79.29000000000087,55.12000000000262,18.650000000001455,5.519999999996799,72.31714285714354,13.119999999995343,0,0,0,0,0,1,0.00112462306232626,76.66500000000015,1
43.81000000000495,20.80000000000291,12.260000000002037,10.75,71.39857142857207,48.479999999995925,0,0,0,0,0,0,0.0011106483193730353,76.97600000000094,1
36.06999999999971,16.00999999999476,13.849999999998545,6.210000000006403,69.43714285714304,-8.029999999998836,0,0,0,0,0,0,0.00107986833364426,77.10500000000101,1
48.91000000000349,24.090000000003783,4.569999999999709,20.25,69.65071428571484,-49.38999999999942,0,0,0,0,0,0,0.0010828037798670028,71.19000000000088,1
38.88000000000466,4.680000000000291,20.580000000001746,13.62000000000262,66.73928571428665,-31.659999999996217,0,0,0,0,0,0,0.0010374668146083646,69.12500000000145,1
49.56999999999971,45.349999999998545,0.0,4.220000000001164,67.3707142857155,71.22000000000116,0,0,0,0,1,0,0.001046540732336422,63.9960000000021,1
59.12999999999738,39.45999999999913,17.360000000000582,2.3099999999976717,69.11000000000111,126.13999999999942,0,0,0,0,1,0,0.0010729428831408414,61.79400000000169,1
47.91000000000349,18.31999999999971,26.020000000004075,3.569999999999709,64.81357142857243,129.40000000000146,0,0,0,0,0,0,0.0010059394093201634,56.536000000001515,1
64.72000000000116,40.61000000000058,19.159999999996217,4.950000000004366,65.18428571428687,147.0699999999997,0,0,0,0,0,0,0.0010110561400837527,54.741000000001804,0
49.26000000000204,1.2999999999956344,14.700000000004366,33.26000000000204,61.498571428573214,143.6999999999971,0,0,0,0,0,0,0.0009538687711088806,51.75500000000174,1
26.299999999995634,1.0299999999988358,19.05999999999767,6.209999999999127,57.58071428571566,97.08000000000175,0,0,0,0,0,0,0.0008931154232003267,46.456000000001225,1
42.279999999998836,27.81999999999971,3.719999999993888,10.740000000005239,53.42285714285806,32.28000000000611,0,0,0,0,0,0,0.0008289822442936509,46.30300000000061,1
50.299999999995634,14.94999999999709,19.7699999999968,15.580000000001746,51.11071428571501,27.68000000000029,0,0,0,0,0,0,0.0007929234900140511,47.726000000000205,1
43.12999999999738,21.270000000004075,16.119999999995343,5.739999999997963,48.540000000000354,9.680000000000291,0,0,0,0,0,0,0.0007527780207428085,47.14799999999959,1
80.33000000000175,34.61000000000058,37.08999999999651,8.630000000004657,48.61428571428613,-25.55999999999767,0,0,0,0,0,0,0.0007543271178227103,51.2929999999993,1
39.18999999999505,8.049999999995634,23.360000000000582,7.779999999998836,48.284285714285424,-32.419999999998254,0,0,0,0,0,0,0.0007492983821260311,50.25499999999884,1
28.919999999998254,5.510000000002037,20.799999999995634,2.610000000000582,47.77357142857103,0.31999999999970896,0,0,0,0,0,0,0.0007413165062034418,47.23399999999892,1
21.110000000000582,8.310000000004948,2.3799999999973807,10.419999999998254,45.78785714285654,-24.010000000002037,0,0,0,0,0,0,0.0007106102244332317,44.55399999999863,1
24.900000000001455,8.760000000002037,11.209999999999127,4.930000000000291,44.78928571428488,-37.79000000000087,0,0,0,0,0,0,0.0006950177452588975,40.57199999999866,1
161.27999999999884,94.18000000000029,65.33999999999651,1.7600000000020373,52.76857142857053,89.45999999999913,0,0,0,0,0,0,0.0008176524021466634,51.77399999999834,1
111.20999999999913,21.55999999999767,22.739999999997963,66.91000000000349,56.48857142857066,75.58000000000175,0,0,0,0,0,0,0.0008755894014045847,60.26499999999869,1
78.45000000000437,74.81000000000495,0.0,3.639999999999418,58.8007142857137,-5.960000000006403,0,0,0,0,0,1,0.0009125123049658798,63.881999999999245,1
72.61000000000058,34.63000000000466,7.709999999999127,30.2699999999968,59.36428571428509,-34.36000000000058,0,0,0,0,0,1,0.000921802816051582,66.11299999999974,1
75.87999999999738,38.150000000001455,16.339999999996508,21.389999999999418,61.26571428571333,-81.12000000000262,0,0,0,0,0,0,0.0009518889455498111,69.38799999999974,1
95.56000000000495,48.330000000001746,45.11000000000058,2.1200000000026193,66.21285714285685,-127.02999999999884,0,0,0,0,0,0,0.001027995915873737,70.91100000000006,1
109.86000000000058,87.65000000000146,5.730000000003201,16.479999999995925,71.03999999999984,-18.840000000003783,0,0,0,0,0,0,0.0011014624612011219,77.9780000000006,1
65.0,32.830000000001746,20.18000000000029,11.989999999997963,72.09000000000015,22.660000000003492,0,0,0,0,0,0,0.0011183518450633607,81.58600000000078,1
260.1900000000023,178.63999999999942,80.40000000000146,1.1500000000014552,87.59428571428622,239.36000000000058,0,0,0,0,1,0,0.0013551188423047158,105.49400000000097,1
76.2699999999968,57.86000000000058,0.0,18.409999999996217,87.47285714285734,217.0899999999965,0,0,0,0,0,0,0.001354502185108385,110.6310000000005,1
110.47000000000116,42.36000000000058,44.60000000000582,23.50999999999476,92.56428571428634,211.29999999999563,0,0,0,0,0,0,0.0014324191413819566,105.55000000000072,1
82.0,29.290000000000873,47.479999999995925,5.230000000003201,96.35571428571504,153.97000000000116,0,0,0,0,0,0,0.0014904200258146019,102.62900000000081,1
109.80000000000291,38.640000000006694,66.43000000000029,4.7299999999959255,102.6907142857152,151.15999999999622,0,0,0,0,0,0,0.0015893420919477332,105.76400000000066,1
115.80000000000291,82.77000000000407,32.029999999998836,1.0,109.29642857142971,57.88000000000466,0,0,0,0,0,0,0.0016893470370918805,110.08300000000091,1
105.86999999999534,41.0,36.38999999999942,28.479999999995925,105.33857142857232,158.33000000000175,0,0,0,0,0,0,0.0016271603755367212,113.0820000000007,1
70.66000000000349,31.37999999999738,7.780000000006112,31.5,102.44214285714406,84.69000000000233,0,0,0,0,0,0,0.0015832026830604575,110.59200000000055,1
105.84999999999854,52.150000000001455,36.729999999995925,16.970000000001164,104.26857142857209,4.279999999998836,0,0,0,0,0,0,0.001612708500044113,110.19100000000034,1
108.62000000000262,77.91999999999825,26.94000000000233,3.7600000000020373,106.8407142857151,120.83000000000175,0,0,0,0,0,0,0.0016504850126599433,114.55300000000061,1
148.23999999999796,28.80999999999767,119.0,0.43000000000029104,112.00928571428656,64.29999999999563,0,0,0,0,0,0,0.0017295595472618026,103.35800000000017,0
120.13999999999942,87.07999999999447,26.60000000000582,6.459999999999127,113.76500000000046,-65.29999999999563,0,1,0,0,0,1,0.0017590974321800863,107.74500000000043,1
110.72000000000116,43.020000000004075,3.3799999999973807,64.31999999999971,113.82642857142908,9.730000000003201,0,0,0,0,0,0,0.0017588778148286731,107.77000000000044,0
93.91999999999825,58.93000000000029,27.07999999999447,7.9100000000034925,115.89214285714323,3.0100000000020373,0,0,0,0,0,0,0.0017924053290963797,108.96200000000026,0
92.15000000000146,30.530000000006112,45.95999999999913,15.659999999996217,103.88928571428603,-105.79000000000087,0,0,0,0,0,0,0.0016075181694481255,107.19700000000012,1
48.849999999998545,3.470000000001164,23.889999999999418,21.489999999997963,101.76214285714325,-132.1800000000003,0,0,0,0,0,0,0.001574544880966902,100.50199999999968,1
41.529999999998836,10.69999999999709,20.200000000004366,10.62999999999738,96.83785714285737,-51.05000000000291,0,0,0,0,0,0,0.0014985434705273332,94.06800000000003,1
50.76000000000204,4.680000000000291,23.189999999995052,22.890000000006694,94.60642857142895,-88.70999999999913,0,0,0,0,0,0,0.001463891659748917,92.07799999999989,1
59.58999999999651,21.160000000003492,21.489999999997963,16.939999999995052,91.01999999999991,-8.930000000000291,0,0,0,0,0,0,0.0014079234752909571,87.45199999999969,1
67.65000000000146,28.959999999999127,38.13999999999942,0.5500000000029104,87.46785714285683,49.580000000001746,0,0,0,0,0,0,0.0013523856909675343,83.35499999999956,1
84.40999999999622,51.720000000001164,17.720000000001164,14.969999999993888,85.93499999999975,-4.930000000000291,0,0,0,0,0,0,0.0013297561626271555,76.97199999999938,1
63.330000000001746,36.79000000000087,19.279999999998836,7.260000000002037,85.4114285714282,39.36000000000058,0,0,0,0,0,0,0.0013209175741954492,71.29099999999963,1
48.279999999998836,2.650000000001455,37.330000000001746,8.299999999995634,81.29928571428536,33.21999999999389,0,0,0,0,0,0,0.001257337404806278,65.04699999999939,1
35.20999999999913,20.18000000000029,9.57999999999447,5.450000000004366,76.05571428571368,-8.709999999999127,0,0,0,0,0,0,0.001176610133583773,59.175999999999476,1
29.239999999997963,8.87999999999738,6.720000000001164,13.639999999999418,67.55571428571368,-38.48999999999796,0,0,0,0,0,0,0.0010451357460913014,52.884999999999124,1
67.58000000000175,44.91000000000349,0.0,22.669999999998254,63.80357142857091,-31.349999999998545,0,0,0,0,0,1,0.0009877741373184783,54.75799999999945,1
35.979999999995925,13.799999999995634,12.819999999999709,9.360000000000582,58.46499999999911,-53.91000000000349,0,0,0,0,0,0,0.0009049361235672223,54.20299999999916,1
26.31999999999971,18.44000000000233,2.860000000000582,5.019999999996799,53.63642857142778,-69.73999999999796,0,0,1,0,0,0,0.0008304120191011783,51.75899999999892,1
76.24000000000524,38.57999999999447,30.380000000004657,7.280000000006112,52.49999999999948,-9.630000000004657,0,0,0,0,1,0,0.0008123155076755226,53.42399999999979,1
176.76000000000204,125.34000000000378,47.979999999995925,3.4400000000023283,61.636428571428304,117.19000000000233,0,0,0,0,1,0,0.000951834426983449,64.33499999999985,1
61.46999999999389,27.219999999993888,31.459999999999127,2.790000000000873,63.060714285713665,136.38000000000466,0,0,1,0,0,0,0.0009742166772653164,62.04099999999962,1
135.36000000000058,66.41999999999825,68.94000000000233,0.0,69.10571428571347,189.34000000000378,0,0,0,0,1,0,0.0010665102316437434,69.2439999999995,1
387.9300000000003,350.76000000000204,37.169999999998254,0.0,92.78714285714211,559.9300000000003,0,0,0,0,1,0,0.0014242063417144774,103.20899999999965,1
103.61000000000058,1.7399999999979627,52.31000000000495,49.55999999999767,95.35571428571347,519.760000000002,0,0,0,0,0,0,0.001463637417351475,110.0489999999998,1
319.91999999999825,264.1600000000035,41.419999999998254,14.339999999996508,112.17785714285648,652.8099999999977,0,0,0,0,1,0,0.0017150421941287575,139.11699999999982,1
129.15999999999622,64.56000000000495,30.369999999995343,34.229999999995925,116.87999999999894,613.9699999999939,0,0,0,0,0,0,0.001788697689430461,145.27499999999927,1
211.70000000000437,1.0199999999967986,180.87000000000262,29.810000000004948,128.55285714285648,545.3700000000026,0,0,0,0,0,0,0.0019674004498039604,162.84700000000012,1
182.59999999999854,69.43000000000029,83.01000000000204,30.159999999996217,139.08071428571358,126.70999999999913,0,1,0,0,0,0,0.0021306307432093553,178.475,1
146.1999999999971,65.70999999999913,11.529999999998836,68.95999999999913,147.43499999999923,192.40000000000146,0,0,0,0,0,0,0.002256351253446841,185.47099999999918,1
125.40000000000146,2.4499999999970896,68.41000000000349,54.54000000000087,151.56285714285644,-66.97000000000116,0,0,0,0,0,0,0.0023195585811850317,180.33499999999913,0
243.0500000000029,175.04999999999563,22.060000000004948,45.94000000000233,166.35357142857123,-177.50999999999476,0,0,0,0,0,1,0.0025527616409964445,198.49300000000002,0
162.33000000000175,36.31999999999971,32.390000000006694,93.61999999999534,176.06857142857137,-211.0300000000061,0,0,0,0,0,0,0.0027033218936545252,201.19000000000014,1
119.75,32.37000000000262,36.37000000000262,51.00999999999476,179.17642857142815,-179.83000000000175,0,0,0,0,0,0,0.0027524550469941855,174.37200000000013,1
138.69000000000233,26.369999999995343,38.56000000000495,73.76000000000204,176.45714285714243,-275.84999999999854,0,0,0,0,0,0,0.0027119561588750444,177.88000000000028,1
174.27000000000407,73.24000000000524,84.16999999999825,16.860000000000582,184.51428571428602,-348.1200000000026,0,0,0,0,0,0,0.0028389813771745724,163.31500000000088,1
100.40999999999622,35.12000000000262,31.19999999999709,34.08999999999651,182.01571428571438,-208.12000000000262,0,0,0,0,0,0,0.0028020523151223004,160.44000000000088,1
228.34999999999854,74.27000000000407,29.889999999999418,124.18999999999505,170.3885714285716,-98.22999999999593,0,0,0,0,0,0,0.0026200638918457897,162.1050000000003,1
151.1600000000035,105.91999999999825,21.7300000000032,23.510000000002037,173.78500000000037,41.18000000000029,0,0,0,0,1,0,0.0026679457945753184,158.96100000000078,1
71.59000000000378,5.42000000000553,20.919999999998254,45.25,156.04714285714363,66.96999999999389,0,0,0,0,0,0,0.0023958105458301944,151.50000000000145,1
98.94999999999709,20.470000000001164,51.2699999999968,27.209999999999127,153.88928571428656,119.81000000000495,0,0,0,0,0,0,0.002363420937747344,148.855000000001,1
169.0699999999997,61.31000000000495,43.19999999999709,64.55999999999767,150.8442857142862,216.26000000000204,0,0,0,0,0,0,0.0023144763855283694,141.4570000000007,1
140.77999999999884,66.87999999999738,25.56999999999971,48.330000000001746,147.85714285714337,76.66999999999825,0,0,0,0,0,0,0.0022709209580618465,139.30200000000042,1
132.04999999999563,102.29000000000087,16.82999999999447,12.930000000000291,146.846428571429,78.42000000000553,0,0,0,0,0,0,0.002251674284693517,140.53199999999998,1
89.5,36.669999999998254,29.970000000001164,22.860000000000582,144.28214285714316,119.79000000000087,0,0,0,0,0,0,0.0022111145144630326,135.61299999999974,1
115.59000000000378,26.2300000000032,20.19000000000233,69.16999999999825,135.1778571428575,166.41999999999825,0,0,0,0,0,0,0.0020707595347573492,129.74499999999972,1
104.87999999999738,53.07999999999447,28.4800000000032,23.31999999999971,131.07428571428576,52.04000000000087,0,0,0,0,0,0,0.002009531212322112,130.19199999999984,1
134.27000000000407,31.439999999995052,59.44000000000233,43.390000000006694,132.11142857142892,148.27999999999884,0,0,0,0,0,0,0.002024473763901023,120.78400000000038,1
227.4499999999971,1.5800000000017462,191.9699999999939,33.900000000001455,138.45142857142855,43.25,0,0,0,0,0,0,0.002121542336498557,128.41299999999973,1
195.58000000000175,72.40000000000146,46.91000000000349,76.2699999999968,139.97357142857123,77.11000000000058,0,0,0,0,0,0,0.0021425540672829497,140.81199999999953,1
120.17000000000553,100.43000000000029,4.960000000006403,14.779999999998836,141.38500000000047,-49.09000000000378,0,0,0,0,0,0,0.0021674753147580177,142.93400000000037,1
120.62999999999738,71.44999999999709,34.05999999999767,15.12000000000262,133.69071428571468,74.40999999999622,0,0,0,0,0,0,0.002047308739609641,138.09000000000015,1
104.62000000000262,49.25,26.62000000000262,28.75,130.3664285714289,93.51000000000204,0,0,0,0,0,0,0.0019948748593194275,134.47400000000053,1
68.38999999999942,24.290000000000873,17.94999999999709,26.150000000001455,130.13785714285717,65.80999999999767,0,0,0,0,0,0,0.0019921414762580428,128.1080000000009,1
150.10000000000582,67.18000000000029,42.10000000000582,40.81999999999971,133.7914285714292,63.13999999999942,0,0,0,0,1,0,0.0020459475954818242,134.16800000000148,1
309.31000000000495,144.4100000000035,155.27999999999884,9.62000000000262,143.80857142857244,307.5300000000061,0,0,0,0,0,0,0.0021942843889873084,153.5400000000016,0
189.8000000000029,101.40999999999622,48.2100000000064,40.18000000000029,147.3100000000013,136.02999999999884,0,0,0,0,0,0,0.0022511818284346274,162.03200000000214,1
117.65999999999622,35.950000000004366,50.11999999999534,31.589999999996508,146.2821428571442,121.9800000000032,0,0,0,0,0,0,0.0022342477433656156,160.37100000000137,0
131.70000000000437,125.80999999999767,4.330000000001746,1.5600000000049477,149.29642857143023,22.05000000000291,0,0,0,0,0,1,0.0022846484261476265,150.7960000000021,0
109.02999999999884,19.69999999999709,18.760000000002037,70.56999999999971,148.82785714285845,-24.669999999998254,0,0,0,0,0,0,0.0022767445945140793,142.1410000000018,0
59.69000000000233,26.979999999995925,20.140000000006694,12.569999999999709,145.60000000000167,-195.19000000000233,0,0,0,0,0,0,0.0022282550390931993,136.0930000000015,0
195.12000000000262,117.05000000000291,2.849999999998545,75.22000000000116,149.94642857143012,-210.98999999999796,0,0,0,0,0,1,0.0022988839311380875,143.54200000000202,0
111.83999999999651,61.09000000000378,39.50999999999476,11.239999999997963,141.68857142857294,-308.5200000000041,0,0,0,0,0,0,0.0021743334820128516,144.2640000000014,1
99.91999999999825,41.61999999999534,30.18000000000029,28.12000000000262,134.85571428571555,-220.6800000000003,0,0,0,0,0,0,0.002070658186295688,147.41700000000128,1
138.1800000000003,49.07999999999447,27.700000000004366,61.400000000001455,136.14214285714374,-192.08000000000175,0,0,0,0,0,0,0.002088818382557425,146.22500000000073,1
88.38000000000466,76.64999999999418,1.5600000000049477,10.17000000000553,133.83857142857283,-241.4499999999971,0,0,0,0,0,0,0.002055855401479372,124.1320000000007,1
97.5,3.0900000000037835,47.65999999999622,46.75,133.33000000000123,-121.48999999999796,0,0,0,0,0,0,0.002047945864064828,114.90200000000041,1
74.12000000000262,42.92000000000553,0.0,31.19999999999709,133.90500000000142,-105.12000000000262,0,0,0,0,0,0,0.0020582080701492494,110.54800000000105,1
125.02999999999884,106.01000000000204,10.239999999997963,8.779999999998836,132.11428571428664,38.87999999999738,1,0,0,0,1,0,0.002027354288185357,109.8810000000005,1
148.26000000000204,81.51000000000204,37.0,29.75,120.61071428571502,70.65000000000146,0,0,0,0,1,0,0.0018485171226404384,113.80400000000081,1
55.669999999998254,49.73999999999796,3.319999999999709,2.610000000000582,111.0300000000004,96.37999999999738,0,0,0,0,0,0,0.0017029783639076015,113.40200000000041,1
60.549999999995634,11.459999999999127,27.55999999999767,21.529999999998836,106.95071428571464,81.73999999999796,0,0,0,0,0,0,0.0016407006763064867,99.94499999999971,1
160.27000000000407,99.93000000000029,51.36000000000058,8.980000000003201,108.9914285714289,227.27000000000407,0,0,0,0,1,0,0.001669438232306184,104.78800000000047,1
82.70999999999913,59.42000000000553,12.799999999995634,10.489999999997963,107.11142857142893,179.58000000000175,0,0,0,0,0,0,0.0016391568955910149,103.06700000000055,0
116.09999999999854,65.58999999999651,32.43000000000029,18.080000000001746,111.14071428571437,33.470000000001164,0,0,0,0,0,0,0.0017025036367645035,100.85900000000038,0
92.4800000000032,81.29999999999563,0.6300000000046566,10.55000000000291,103.80928571428583,1.9400000000023283,0,0,0,0,0,1,0.0015921796571734287,101.26900000000023,1
147.3199999999997,130.6800000000003,14.769999999996799,1.8700000000026193,106.34357142857178,-118.93000000000029,0,0,0,0,0,1,0.0016343685281751856,106.2510000000002,1
104.06999999999971,31.020000000004075,61.0,12.049999999995634,106.64000000000046,-192.75,0,0,0,0,0,0,0.0016382578056132828,109.24599999999991,1
68.98999999999796,54.150000000001455,1.2199999999938882,13.62000000000262,101.69785714285743,-306.8600000000006,0,0,0,0,0,0,0.001563654328597848,103.64199999999983,1
194.38999999999942,11.139999999999418,162.15000000000146,21.099999999998545,109.26999999999991,-253.29000000000087,0,0,0,0,0,0,0.0016803670326351347,108.25499999999957,1
151.61000000000058,79.18999999999505,64.35000000000582,8.069999999999709,113.13499999999996,-253.54000000000087,0,0,1,0,0,0,0.0017419872589418209,117.84899999999979,1
225.55999999999767,45.779999999998836,20.419999999998254,159.36000000000058,123.7864285714282,-72.37999999999738,0,0,0,0,0,0,0.0019045621814863369,134.35,1
120.29999999999563,30.400000000001455,49.979999999995925,39.919999999998254,123.44857142857083,-67.59999999999854,1,0,0,1,0,0,0.0018984511631599762,130.35299999999916,1
170.4300000000003,127.33999999999651,37.45999999999913,5.630000000004657,125.03214285714213,-139.02999999999884,0,0,1,0,0,0,0.0019265486872735193,139.12499999999926,1
153.33000000000175,22.310000000004948,93.29000000000087,37.729999999995925,132.00785714285666,-149.69000000000233,0,0,1,0,0,0,0.002034716315663388,142.8479999999996,1
758.439999999995,715.7100000000064,38.35999999998603,4.370000000002619,181.85714285714235,647.6300000000047,0,0,0,1,1,0,0.002772484297731353,209.44399999999877,0
549.7299999999959,425.90000000000146,67.97999999999593,55.849999999998545,209.67571428571318,169.40999999999622,0,0,0,0,0,0,0.0032176568737343598,249.6849999999984,1
313.6200000000026,122.30000000000291,89.11000000000058,102.20999999999913,226.16928571428485,261.1299999999974,0,0,0,1,0,0,0.0034642278434961907,270.6399999999987,0
526.4599999999991,480.27999999999884,43.87000000000262,2.3099999999976717,255.48071428571347,-92.76000000000204,0,0,0,0,0,1,0.003942190537221693,316.3869999999988,1
444.0900000000038,399.4300000000003,14.410000000003492,30.25,280.59571428571354,-469.84999999999854,0,0,0,0,0,1,0.004356540535476282,341.35699999999923,1
240.08000000000175,209.0699999999997,17.590000000003783,13.419999999998254,287.22142857142796,-973.9400000000096,0,0,0,0,0,0,0.004444801503373325,350.2039999999994,1
209.11000000000058,33.80000000000291,53.599999999998545,121.70999999999913,294.72428571428514,-511.91999999999825,0,0,0,0,0,0,0.004558613270492737,348.5589999999996,1
234.18999999999505,77.15000000000146,56.479999999995925,100.55999999999767,306.52428571428493,-712.9599999999991,0,0,0,0,0,0,0.004746860401394382,359.9479999999996,1
291.36999999999534,71.09999999999854,51.58999999999651,168.6800000000003,313.4514285714275,-304.23999999999796,0,0,0,0,0,0,0.00485951995031867,372.0419999999991,1
117.06999999999971,30.459999999999127,66.45999999999913,20.150000000001455,310.98428571428457,66.81000000000495,0,0,0,0,0,0,0.004823351500879252,368.4159999999989,1
157.1800000000003,71.95999999999913,69.40000000000146,15.819999999999709,306.09999999999906,-74.11000000000058,0,0,0,0,0,0,0.0047423895570133925,308.2899999999994,1
291.7300000000032,103.13999999999942,77.26000000000204,111.33000000000175,318.34499999999963,-3.430000000000291,0,0,0,0,1,0,0.004924225139697204,282.4900000000001,1
246.62000000000262,195.6800000000003,50.94000000000233,0.0,324.12142857142834,275.0,0,0,0,0,1,0,0.004998085996421976,275.79000000000013,1
140.75999999999476,23.029999999998836,22.360000000000582,95.36999999999534,323.2235714285707,323.68999999999505,0,0,0,0,0,0,0.0049859990557615365,237.21999999999971,1
169.4800000000032,11.719999999993888,55.200000000004366,102.56000000000495,281.15499999999986,339.8199999999997,0,0,0,0,0,0,0.004337837723165552,209.75899999999965,1
193.12999999999738,112.63999999999942,64.54000000000087,15.94999999999709,255.6835714285714,382.9400000000023,0,0,0,0,1,0,0.0039379275502387,205.06399999999923,1
106.94999999999709,1.610000000000582,92.47999999999593,12.860000000000582,240.92142857142815,281.33000000000175,0,0,0,0,0,0,0.0037104748457329507,194.84799999999888,1
84.41999999999825,21.150000000001455,12.889999999999418,50.37999999999738,209.3471428571424,100.77999999999884,0,0,0,0,0,0,0.0032232101217899273,179.87099999999919,0
106.72999999999593,61.19999999999709,45.529999999998836,0.0,185.24999999999895,62.12000000000262,0,0,0,0,0,0,0.0028549034064044606,161.40699999999924,1
128.5,41.080000000001746,0.7399999999979627,86.68000000000029,177.27999999999884,32.21999999999389,0,0,0,0,0,1,0.002733829302523454,162.54999999999927,1
194.54000000000087,72.93000000000029,17.85000000000582,103.75999999999476,176.23928571428456,-152.83000000000175,0,0,0,0,0,0,0.0027207652895739425,166.28599999999932,1
118.69999999999709,36.9800000000032,2.360000000000582,79.3599999999933,167.98999999999901,-123.26000000000204,0,0,0,0,0,0,0.0025921654541913803,148.98299999999873,1
224.04999999999563,95.41999999999825,51.919999999998254,76.70999999999913,163.1814285714276,-47.20999999999913,0,0,0,0,1,0,0.0025142479258395433,146.725999999998,1
117.33999999999651,23.630000000004657,37.96999999999389,55.73999999999796,163.20071428571308,38.12000000000262,0,0,0,0,0,0,0.002513623321112019,144.3839999999982,1
122.09999999999854,18.5,85.82999999999447,17.770000000004075,160.69499999999866,62.99000000000524,0,0,0,0,0,0,0.0024756677578225317,139.64599999999774,1
78.11000000000058,7.919999999998254,4.450000000004366,65.73999999999796,145.43642857142706,137.0699999999997,0,0,0,0,0,0,0.0022404926704855453,128.14399999999804,1
120.25,15.730000000003201,80.7699999999968,23.75,136.07571428571256,83.36000000000058,0,0,0,0,0,0,0.002097015515840957,129.47399999999834,1
115.70999999999913,52.96999999999389,1.1600000000034925,61.580000000001746,134.28642857142717,41.44999999999709,0,0,0,0,0,0,0.002067722341825615,132.60299999999842,0
87.88000000000466,63.68999999999505,15.890000000006694,8.30000000000291,128.45785714285583,-46.080000000001746,0,0,0,0,0,0,0.0019799177739788262,130.7179999999993,0
64.80999999999767,13.049999999995634,2.790000000000873,48.970000000001164,119.29214285714157,-15.840000000003783,0,0,0,1,0,0,0.0018382637827571763,124.34899999999907,0
68.95000000000437,47.56000000000495,1.319999999999709,20.06999999999971,116.57785714285637,-66.77999999999884,0,0,0,0,0,0,0.001797767032110214,111.78999999999942,0
99.63000000000466,78.27000000000407,0.0,21.360000000000582,117.6785714285709,-122.7300000000032,0,0,0,0,0,1,0.0018169400127466947,109.88300000000018,0
98.88000000000466,6.580000000001746,48.56999999999971,43.7300000000032,117.11785714285725,-182.55999999999767,0,0,0,0,0,0,0.0018084468480745177,97.36600000000108,0
77.87999999999738,6.019999999996799,45.279999999998836,26.580000000001746,113.50214285714277,-124.86000000000058,0,0,0,0,0,0,0.0017527788797243103,93.42000000000117,0
158.0699999999997,89.0,0.0,69.06999999999971,110.89857142857156,-227.40000000000146,0,0,0,0,0,1,0.0017149302518300283,97.01700000000127,0
196.36000000000058,123.27999999999884,30.790000000000873,42.29000000000087,116.44571428571466,-304.6800000000003,0,0,0,0,0,1,0.0018042063382376083,108.84200000000128,0
467.72000000000116,381.8899999999994,2.8000000000029104,83.02999999999884,133.85071428571504,-607.2099999999991,0,0,0,0,0,1,0.002086194102230837,143.5890000000014,0
442.51000000000204,427.6200000000026,8.440000000002328,6.44999999999709,157.07714285714403,-1028.9700000000012,0,0,0,0,0,1,0.002464627880506115,176.26900000000168,1
257.59999999999854,7.830000000001746,53.43000000000029,196.3399999999965,166.75571428571544,-1013.4300000000003,0,0,0,0,0,0,0.0026160996911730005,193.24100000000107,1
221.84000000000378,90.15000000000146,50.44999999999709,81.24000000000524,177.02214285714425,-835.6099999999933,0,0,0,0,0,0,0.0027732981224479524,208.9440000000017,0
305.8700000000026,196.34999999999854,42.74000000000524,66.77999999999884,190.28071428571587,-906.6699999999983,0,0,0,0,0,0,0.0029902097914029416,232.6360000000015,1
135.9499999999971,62.70999999999913,37.669999999998254,35.56999999999971,191.72642857143,-465.1599999999962,0,0,0,1,0,0,0.0030100665321627666,236.26800000000077,1
308.5199999999968,70.36000000000058,40.95999999999913,197.1999999999971,207.48642857142946,-107.88999999999942,0,0,0,0,0,0,0.003261098220666616,257.23199999999997,1
249.90000000000146,19.479999999995925,122.94000000000233,107.4800000000032,220.707142857144,-100.15000000000146,0,0,0,1,0,0,0.0034679501205987996,274.43400000000037,0
161.15000000000146,89.41999999999825,12.529999999998836,59.200000000004366,227.29285714285808,-277.9400000000023,0,0,0,0,0,0,0.0035764317095307754,274.74200000000053,0
164.54000000000087,124.32999999999447,23.17000000000553,17.040000000000873,231.91500000000087,-215.62999999999738,0,0,0,0,0,1,0.0036568728521795043,271.56000000000057,0
481.4600000000064,273.61999999999534,51.10000000000582,156.74000000000524,259.24214285714385,-549.5699999999997,0,0,0,0,0,1,0.004105472310812658,272.9340000000011,1
211.90999999999622,108.29000000000087,33.599999999998545,70.0199999999968,268.8157142857152,-369.8899999999994,0,0,0,0,0,0,0.004249726966035398,249.87400000000054,1
223.79000000000087,110.62000000000262,85.36000000000058,27.80999999999767,273.5085714285721,-504.47000000000116,0,0,0,0,0,0,0.004331951926320988,246.49300000000076,1
143.80999999999767,34.14999999999418,76.86000000000058,32.80000000000291,269.7550000000005,-383.1600000000035,0,0,0,0,0,0,0.004270315202784376,238.69000000000014,1
144.81000000000495,34.13000000000466,24.06999999999971,86.61000000000058,246.69000000000077,-215.0,0,0,0,0,0,0,0.0039030794599197575,222.58400000000037,1
101.95999999999913,40.19000000000233,34.08999999999651,27.68000000000029,222.36500000000055,19.169999999998254,0,0,0,0,0,0,0.00352040095825706,219.18500000000057,1
130.61000000000058,91.79000000000087,20.770000000004075,18.049999999995634,213.29428571428642,-184.4800000000032,0,0,0,0,0,0,0.0033818477229437234,201.39400000000097,1
106.25,47.75,21.080000000001746,37.419999999998254,205.03785714285758,-18.69999999999709,0,0,0,0,0,0,0.0032484440392925398,187.02900000000082,1
135.51000000000204,75.90999999999622,35.36000000000058,24.24000000000524,192.86928571428612,24.900000000001455,0,0,0,0,1,0,0.0030519846631828222,184.46500000000088,1
108.29000000000087,34.9800000000032,50.029999999998836,23.279999999998836,190.8935714285721,25.779999999998836,0,0,0,0,0,0,0.003019048185387696,178.84000000000088,1
145.76000000000204,52.09000000000378,24.849999999998545,68.81999999999971,179.2678571428582,117.83000000000175,0,0,0,0,0,0,0.002832818374980041,145.27000000000044,1
94.65999999999622,11.209999999999127,19.889999999999418,63.55999999999767,168.17928571428638,201.65000000000146,0,0,0,0,0,0,0.0026580369246215645,133.54500000000044,1
84.20999999999913,5.139999999999418,16.790000000000873,62.279999999998836,162.68357142857192,148.91999999999825,0,0,0,0,0,0,0.0025713522969074104,119.58700000000026,1
83.12999999999738,44.419999999998254,28.959999999999127,9.75,156.86857142857167,28.55000000000291,0,0,0,0,0,0,0.002481184479075765,113.51900000000023,1
77.7699999999968,10.059999999997672,0.26000000000203727,67.44999999999709,128.04999999999978,-17.010000000002037,0,0,0,0,0,0,0.0020257002112391603,106.81499999999942,1
83.31999999999971,65.87999999999738,11.490000000005239,5.94999999999709,118.86500000000004,-3.3800000000046566,0,0,0,0,1,0,0.001878423423330884,104.95099999999948,1
170.54000000000087,96.06999999999971,43.54000000000087,30.93000000000029,115.0614285714286,106.01000000000204,0,0,0,0,1,0,0.0018154790080379408,108.9439999999995,1
173.7199999999939,93.43000000000029,76.75999999999476,3.529999999998836,117.19785714285692,203.7300000000032,0,0,0,0,0,0,0.001846466019092318,115.6909999999989,1
132.38000000000466,10.099999999998545,2.970000000001164,119.31000000000495,116.30999999999975,256.9599999999991,0,0,0,0,0,0,0.001832224273954938,115.37799999999916,1
116.44000000000233,100.95000000000437,14.87999999999738,0.6100000000005821,117.34428571428569,166.59999999999854,0,0,0,0,0,0,0.001851460448437916,116.1929999999993,1
77.87000000000262,30.709999999999127,21.31999999999971,25.840000000003783,113.57714285714299,69.49000000000524,0,0,0,0,0,0,0.001792890561106824,109.40399999999936,1
110.93000000000029,92.12000000000262,17.610000000000582,1.1999999999970896,113.92357142857145,64.11000000000058,0,0,0,0,1,0,0.0017957090555243427,111.03099999999976,1
88.09999999999854,56.30000000000291,14.849999999998545,16.94999999999709,110.53714285714263,28.18000000000029,0,0,0,0,1,0,0.001740752824302612,111.4199999999997,1
134.2899999999936,62.7699999999968,43.48999999999796,28.029999999998836,112.39428571428496,79.80999999999767,0,0,0,0,0,0,0.0017683170652103997,116.53599999999933,0
121.36000000000058,48.419999999998254,27.580000000001746,45.36000000000058,110.65142857142772,131.40000000000146,0,0,0,0,0,0,0.0017422483321541786,120.89499999999971,0
86.75,16.520000000004075,17.369999999995343,52.86000000000058,110.08642857142799,143.79999999999563,0,0,0,0,0,0,0.0017338515144237373,121.23799999999974,0
91.44999999999709,76.69000000000233,12.339999999996508,2.4199999999982538,110.6035714285707,-27.37000000000262,0,0,0,0,0,0,0.0017441303304022173,113.32899999999935,1
82.17000000000553,22.310000000004948,25.779999999998836,34.080000000001746,110.53499999999985,-63.63999999999942,0,0,0,0,0,0,0.0017424653958211073,104.17400000000052,1
118.09999999999854,71.56999999999971,40.68000000000029,5.849999999998545,113.39928571428547,-199.91999999999825,0,0,0,0,0,0,0.0017897583466045981,102.74599999999991,1
71.30000000000291,40.25,23.959999999999127,7.0900000000037835,112.54071428571426,-111.94999999999709,0,0,0,0,0,0,0.0017751248492196732,98.23199999999997,1
118.84999999999854,23.7300000000032,20.389999999999418,74.72999999999593,108.84857142857125,-68.47999999999593,0,0,0,0,0,0,0.001716206395070556,102.32999999999956,1
119.98999999999796,72.20999999999913,17.25999999999476,30.520000000004075,105.01071428571439,-63.43999999999505,0,0,0,0,0,0,0.001657593676620912,103.23599999999934,1
86.54000000000087,3.4199999999982538,40.04000000000087,43.080000000001746,101.7364285714284,-81.44000000000233,0,0,0,0,0,0,0.0016058269631730954,103.07999999999956,1
90.26000000000204,66.48999999999796,5.389999999999418,18.380000000004657,99.86642857142839,60.63999999999942,0,0,0,0,1,0,0.001574664893925543,98.6770000000004,1
113.55999999999767,18.5,68.52999999999884,26.529999999998836,102.41571428571375,41.80999999999767,0,0,0,0,0,0,0.0016143567796713324,97.89700000000012,1
195.7899999999936,126.08999999999651,43.48999999999796,26.209999999999127,108.46499999999911,-110.0,0,0,0,0,0,1,0.0017131298415483083,108.80099999999948,1
97.31999999999971,40.44999999999709,25.459999999999127,31.410000000003492,109.12357142857061,-77.56999999999971,0,0,0,0,0,0,0.0017246268147708473,109.38799999999974,1
147.2300000000032,34.19000000000233,57.04000000000087,56.0,110.04785714285701,-46.63999999999942,0,0,0,0,0,0,0.0017382958073614352,115.89399999999951,1
165.09000000000378,144.5699999999997,5.459999999999127,15.060000000004948,113.17142857142868,29.9800000000032,0,0,0,0,1,0,0.001783611135308115,120.59300000000003,1
90.56999999999971,57.25999999999476,33.18000000000029,0.1300000000046566,113.4442857142858,-47.12999999999738,0,0,0,0,0,0,0.0017895272084033583,122.51999999999971,1
154.14999999999418,103.4800000000032,49.2699999999968,1.3999999999941792,117.92285714285701,-24.17000000000553,0,0,0,0,0,0,0.001863221451790029,126.04999999999927,1
257.59999999999854,90.0,149.6600000000035,17.939999999995052,130.4535714285708,106.11999999999534,0,0,0,0,0,0,0.0020582814795013053,139.81099999999932,1
228.83000000000175,35.37000000000262,139.20999999999913,54.25,138.36285714285674,36.05999999999767,0,0,0,0,0,0,0.002184310187472598,154.03999999999942,1
127.68000000000029,39.830000000001746,63.63999999999942,24.209999999999127,142.38999999999942,-65.12000000000262,0,0,0,1,0,0,0.0022464089246754812,157.78199999999924,1
116.82999999999447,5.110000000000582,86.83999999999651,24.87999999999738,142.2457142857134,-13.12000000000262,0,0,0,0,0,0,0.0022443199132745526,158.10899999999893,1
98.37000000000262,21.470000000001164,63.700000000004366,13.19999999999709,140.70142857142804,69.06999999999971,0,0,0,0,0,0,0.0022207071431773065,148.36699999999982,1
107.59000000000378,42.720000000001164,6.690000000002328,58.18000000000029,142.20499999999967,23.720000000001164,0,0,0,1,0,0,0.002242854779312895,149.39400000000023,1
149.45999999999913,63.56999999999971,38.43000000000029,47.45999999999913,146.4335714285709,122.75,0,0,0,1,0,0,0.002307250075331948,149.61699999999982,1
119.66999999999825,29.860000000000582,54.68000000000029,35.12999999999738,146.8699999999995,50.62999999999738,0,0,0,0,0,0,0.002315238103645479,145.07499999999928,1
213.02999999999884,207.4499999999971,0.6500000000014552,4.930000000000291,148.10142857142844,-150.34999999999854,0,0,0,0,0,1,0.0023422663109191485,157.32099999999917,1
513.7299999999959,308.3899999999994,85.63999999999942,119.69999999999709,177.8449999999996,-437.98999999999796,0,0,1,0,0,1,0.0028264875633434642,193.27899999999937,1
420.7099999999991,106.16000000000349,22.349999999998545,292.1999999999971,197.37928571428503,-377.5699999999997,0,0,0,0,0,0,0.003131712082541888,209.5899999999994,1
201.25,51.87999999999738,149.37000000000262,0.0,200.0235714285705,-387.97000000000116,1,0,0,0,0,0,0.0031710140600235597,206.83199999999925,1
282.43999999999505,29.590000000003783,55.58999999999651,197.25999999999476,213.72857142857018,-327.0199999999968,0,0,0,0,0,0,0.003386645745717823,222.3079999999987,1
280.6100000000006,164.02999999999884,72.6400000000067,43.93999999999505,222.76142857142779,43.11999999999534,0,0,0,0,1,0,0.0035206345789565168,238.68599999999932,1
237.43999999999505,61.45999999999913,138.13999999999942,37.83999999999651,221.32142857142753,413.6399999999994,0,0,0,0,0,0,0.0034944850518481723,252.59299999999857,1
238.7899999999936,46.51000000000204,41.109999999993306,151.16999999999825,222.03285714285553,353.9100000000035,0,0,0,0,0,0,0.0035032056237198116,265.7129999999976,1
612.7700000000041,294.20000000000437,226.6800000000003,91.88999999999942,256.6821428571415,594.7000000000044,0,0,0,0,1,0,0.004031227822105127,312.04399999999805,1
252.87000000000262,116.75,80.06999999999971,56.05000000000291,266.39928571428493,683.2799999999988,0,0,0,0,0,0,0.0041760283060592535,325.3639999999985,1
252.90000000000146,67.23999999999796,113.94999999999709,71.7100000000064,277.437142857142,583.310000000005,0,0,0,0,0,0,0.0043447037862632725,329.35099999999875,1
136.81000000000495,107.5199999999968,10.090000000003783,19.200000000004366,279.52428571428493,415.31000000000495,0,0,0,0,0,0,0.004384708433819164,291.65899999999965,1
169.75,13.549999999995634,126.44000000000233,29.760000000002037,280.9735714285707,383.79999999999563,0,0,0,0,0,0,0.004406480918826253,266.56299999999976,1
171.04000000000087,83.09999999999854,24.970000000001164,62.970000000001164,284.6428571428566,171.84999999999854,0,0,0,0,0,0,0.004458321939533153,263.5419999999998,1
248.45999999999913,130.48999999999796,68.69000000000233,49.279999999998836,287.17357142857094,178.75,0,0,0,0,0,0,0.004489103643098594,260.14400000000023,0
251.66999999999825,232.77999999999884,0.0,18.889999999999418,268.5085714285711,-118.68000000000029,0,1,0,0,0,1,0.004212710643376812,257.25,1
146.51000000000204,73.40000000000146,34.580000000001746,38.529999999998836,248.92285714285703,-86.2300000000032,0,0,0,0,0,1,0.0039099732726715925,248.1570000000007,1
235.91999999999825,174.22000000000116,0.0,61.69999999999709,251.33785714285685,-273.77999999999884,0,0,0,0,0,1,0.0039587042723603074,247.87000000000117,1
135.70000000000437,126.26000000000204,5.0200000000040745,4.419999999998254,240.85642857142895,-229.08000000000175,0,0,0,0,0,0,0.003786085788062963,200.1630000000012,1
173.48999999999796,5.900000000001455,153.50999999999476,14.080000000001746,233.20500000000018,-346.5599999999977,0,0,0,0,0,0,0.0036653223772092278,192.22500000000073,1
74.77000000000407,12.369999999995343,39.700000000004366,22.700000000004366,221.5857142857151,-107.62000000000262,0,0,0,0,0,0,0.003482403992539932,174.412000000001,1
110.20000000000437,40.520000000004075,30.580000000001746,39.099999999998545,212.40071428571588,9.400000000001455,0,0,0,0,0,0,0.003335806611278159,171.75100000000094,1
119.41999999999825,17.25999999999476,56.84000000000378,45.31999999999971,177.16142857142975,165.76000000000204,0,0,0,0,0,0,0.0027831200725564323,166.71800000000076,1
131.93999999999505,25.669999999998254,103.22000000000116,3.0499999999956344,168.52357142857207,65.12999999999738,0,0,0,0,0,0,0.0026463571813748277,162.80800000000016,1
80.55000000000291,5.319999999999709,39.020000000004075,36.20999999999913,156.2128571428579,52.69999999999709,0,0,0,0,0,0,0.002453191896572047,146.01700000000056,1
203.38999999999942,56.049999999995634,126.56000000000495,20.779999999998836,160.96857142857178,-8.809999999997672,0,0,0,0,0,0,0.0025301054321371316,141.18900000000068,1
239.4300000000003,201.79000000000087,2.0500000000029104,35.58999999999651,165.94571428571467,150.91999999999825,0,0,0,0,0,0,0.0026000564096878877,150.4810000000005,1
127.02999999999884,77.59999999999854,19.279999999998836,30.150000000001455,162.80214285714308,247.38999999999942,0,0,0,0,0,0,0.002547641566840645,139.59200000000055,1
131.33000000000175,74.97000000000116,41.20999999999913,15.150000000001455,154.4357142857147,145.76000000000204,0,0,0,0,0,0,0.0024195947220806632,139.15500000000029,1
71.97999999999593,28.260000000002037,4.759999999994761,38.95999999999913,141.54714285714311,177.94000000000233,0,0,0,0,0,0,0.00221668485398389,129.00400000000008,1
54.83999999999651,22.130000000004657,12.939999999995052,19.7699999999968,134.99928571428558,211.98999999999796,0,0,0,0,0,0,0.002114873083668669,127.01099999999933,1
86.45999999999913,7.990000000005239,73.29000000000087,5.179999999993015,124.32357142857134,17.19000000000233,0,0,0,0,0,0,0.0019473914198909438,124.6369999999988,1
51.599999999998545,6.809999999997672,13.400000000001455,31.389999999999418,118.31642857142808,-68.77999999999884,0,0,0,0,0,0,0.0018534930056635394,117.85499999999884,1
167.11000000000058,114.80000000000291,30.339999999996508,21.970000000001164,117.86071428571397,121.70000000000437,0,0,0,1,1,0,0.0018430480991936356,121.37199999999939,1
112.7300000000032,57.64999999999418,45.520000000004075,9.560000000004948,120.57214285714248,35.830000000001746,0,0,0,0,0,0,0.0018871490650215535,124.58999999999942,1
116.31999999999971,19.060000000004948,28.56999999999971,68.68999999999505,121.00928571428501,77.7300000000032,0,0,0,0,0,0,0.0018934028067196093,115.88299999999944,1
112.72000000000116,78.12000000000262,32.0199999999968,2.5800000000017462,120.53071428571378,-8.190000000002328,0,0,0,0,0,0,0.0018882227373022557,103.21199999999953,1
69.15999999999622,37.11000000000058,8.360000000000582,23.689999999995052,116.04642857142815,-40.28000000000611,0,0,0,0,0,1,0.001819080041850759,97.42499999999927,1
115.04000000000087,94.56999999999971,0.0,20.470000000001164,118.51571428571333,-249.4300000000003,0,0,0,0,0,1,0.0018605476676725897,95.79599999999918,1
202.13999999999942,147.16999999999825,17.68000000000029,37.29000000000087,118.42642857142762,-339.3000000000029,0,0,1,0,0,1,0.0018634612515106186,108.81199999999953,1
114.62000000000262,5.010000000002037,26.290000000000873,83.31999999999971,109.51142857142779,-354.1399999999994,0,0,0,0,0,0,0.0017230462823519751,114.79000000000015,1
220.34999999999854,194.63999999999942,19.25999999999476,6.450000000004366,116.17714285714204,-81.33999999999651,1,0,0,0,1,0,0.0018223422466927006,128.1790000000001,1
149.39999999999418,85.44000000000233,38.479999999995925,25.479999999995925,117.46785714285579,49.270000000004075,0,0,0,0,1,0,0.0018399405347508844,137.95899999999966,1
277.8099999999977,88.23999999999796,183.63999999999942,5.930000000000291,132.16999999999877,233.50999999999476,0,0,0,0,0,0,0.002067324356418775,149.02899999999937,1
147.11999999999534,0.7099999999991269,78.16999999999825,68.23999999999796,138.76142857142727,383.09999999999854,0,0,0,0,0,0,0.002170352942606475,152.46799999999857,1
235.15000000000146,70.80999999999767,19.06999999999971,145.27000000000407,149.3821428571417,446.8099999999977,0,0,0,0,0,0,0.002333961779340527,164.35099999999875,1
269.77999999999884,137.37999999999738,110.05999999999767,22.340000000003783,164.96642857142746,117.5,0,0,0,0,0,0,0.002582885271840233,180.0569999999985,1
206.11000000000058,128.88000000000466,56.729999999995925,20.5,167.75214285714173,-105.34000000000378,0,0,0,0,0,0,0.0026319036438596116,193.75199999999896,1
179.13999999999942,97.0,32.849999999998545,49.29000000000087,172.4957142857129,-96.41999999999825,0,0,0,0,0,0,0.0027021503743427018,200.1619999999988,1
155.52000000000407,105.94000000000233,25.389999999999418,24.19000000000233,175.29571428571322,-206.70999999999913,0,0,0,0,0,0,0.002750675160320787,195.49999999999926,1
150.90999999999622,102.26000000000204,26.0199999999968,22.62999999999738,178.02357142857,-378.3899999999994,0,0,0,0,0,0,0.002798000157304902,199.12899999999863,1
225.24000000000524,139.16999999999825,32.19000000000233,53.88000000000466,189.17214285714206,-112.30000000000291,0,0,0,0,0,0,0.0029670919997826437,199.6179999999993,1
342.6900000000023,180.47000000000116,5.330000000001746,156.88999999999942,205.42714285714257,199.27000000000407,0,0,0,0,1,0,0.0032129508110790954,218.94700000000012,1
189.59999999999854,5.919999999998254,104.61000000000058,79.06999999999971,204.53142857142822,105.5,0,0,0,0,0,0,0.003198704396478122,210.1260000000002,0
136.58000000000175,54.48999999999796,19.760000000002037,62.330000000001746,206.0999999999996,159.19000000000233,0,0,0,0,0,0,0.003225986203234933,209.07200000000086,0
159.86000000000058,32.25,32.00999999999476,95.60000000000582,201.77928571428544,230.87000000000262,0,0,0,0,0,0,0.003159903221776653,201.54300000000075,1
196.5,146.45999999999913,29.7300000000032,20.30999999999767,205.14357142857156,-46.81999999999971,0,0,0,0,0,0,0.0032199622794840863,194.21500000000088,1
174.3199999999997,17.9800000000032,83.76000000000204,72.57999999999447,197.75142857142887,-248.1600000000035,0,0,0,0,0,0,0.0031049512831784437,191.0360000000008,1
95.20000000000437,30.080000000001746,23.94000000000233,41.18000000000029,194.04285714285808,-280.0699999999997,0,0,0,0,0,0,0.0030480222491487147,182.64200000000127,1
180.05999999999767,8.330000000001746,18.529999999998836,153.1999999999971,190.1078571428578,-232.95000000000437,0,0,1,0,0,0,0.0029865584838219238,185.09600000000063,1
205.4300000000003,58.08999999999651,30.470000000001164,116.87000000000262,185.51142857142935,-144.1600000000035,1,0,0,0,0,0,0.0029117188060558347,190.54800000000105,1
190.0699999999997,58.080000000001746,98.94000000000233,33.049999999995634,184.365714285715,60.86000000000058,0,0,0,0,1,0,0.002891068376065515,187.0310000000005,1
131.06000000000495,100.30000000000291,9.580000000001746,21.18000000000029,180.93142857142968,182.94000000000233,0,0,0,0,0,0,0.0028327190094474836,165.86800000000076,1
102.80000000000291,41.169999999998254,22.650000000001455,38.9800000000032,177.1657142857153,253.09999999999854,0,0,0,0,0,0,0.002771896143388512,157.18800000000118,1
116.16999999999825,50.48999999999796,0.0,65.68000000000029,174.70000000000124,209.79000000000087,0,0,1,0,0,0,0.002735488445184088,155.14700000000084,1
133.22000000000116,72.22000000000116,33.18000000000029,27.81999999999971,168.1271428571438,221.2300000000032,0,0,0,0,1,0,0.002629730155306463,152.4830000000009,1
92.04000000000087,43.26000000000204,35.69000000000233,13.089999999996508,150.22357142857228,205.6800000000003,0,0,0,0,0,0,0.002348106599638465,142.037000000001,1
125.54000000000087,56.63000000000466,31.44999999999709,37.45999999999913,145.64785714285816,160.51000000000204,0,0,0,0,0,0,0.002274592346026388,137.1590000000011,1
313.81000000000495,273.3899999999994,14.810000000004948,25.610000000000582,158.3071428571441,389.5699999999997,0,0,0,0,1,0,0.0024618338552840438,159.02000000000118,1
90.41000000000349,72.18000000000029,1.6600000000034925,16.56999999999971,153.34642857143004,512.0699999999997,0,0,0,0,0,0,0.0023820304905672663,150.05500000000174,1
74.23999999999796,31.239999999997963,0.0,43.0,144.67642857142968,411.0,0,0,0,0,0,0,0.00224847555983543,136.9360000000015,1
98.18999999999505,33.86000000000058,36.06999999999971,28.25999999999476,139.23857142857221,400.7299999999959,0,0,0,0,0,0,0.0021628553498532436,127.74800000000104,1
89.65000000000146,52.25,1.9400000000023283,35.45999999999913,138.84214285714344,396.41999999999825,0,0,0,0,0,0,0.0021549658337821757,123.6070000000007,1
85.0,18.80999999999767,7.080000000001746,59.11000000000058,132.0521428571436,106.9800000000032,0,0,0,0,0,0,0.0020501317443604606,121.82700000000041,1
121.63999999999942,71.73999999999796,12.410000000003492,37.48999999999796,126.06714285714354,107.5,0,0,0,0,0,0,0.0019550188590964023,122.37400000000052,1
231.5699999999997,196.33000000000175,21.32999999999447,13.910000000003492,129.03142857142925,-56.55000000000291,0,0,0,0,0,1,0.0020070941830756567,132.20900000000037,1
124.9800000000032,61.25,37.44000000000233,26.290000000000873,128.5971428571434,-148.9499999999971,0,1,0,0,0,0,0.0020021897351577135,135.5030000000006,1
155.2899999999936,119.7899999999936,0.0,35.5,132.34642857142848,-80.91000000000349,0,0,0,0,0,0,0.0020567288406298824,138.4779999999999,1
132.13000000000466,12.309999999997672,94.63000000000466,25.19000000000233,133.47071428571456,-75.83000000000175,0,0,0,0,0,0,0.0020745976734493888,120.30999999999986,1
94.91000000000349,43.44000000000233,11.680000000000291,39.79000000000087,130.73428571428616,-104.69999999999709,0,0,0,0,0,0,0.002030692945065074,120.75999999999985,1
69.02999999999884,5.620000000002619,23.05999999999767,40.349999999998545,129.09071428571457,97.2300000000032,0,0,0,0,0,0,0.002004983998357916,120.23899999999995,1
243.80999999999767,133.02999999999884,105.93999999999505,4.8400000000037835,137.5385714285715,291.9400000000023,0,0,0,0,1,0,0.0021317136764254954,134.80100000000022,1
236.38999999999942,93.40999999999622,57.25,85.7300000000032,132.0085714285711,265.4300000000003,0,0,0,0,0,0,0.002043050965837161,149.475,0
102.33000000000175,33.56000000000495,25.119999999995343,43.650000000001455,132.85999999999953,244.20999999999913,0,0,0,0,0,0,0.0020572958281769244,151.20800000000017,0
95.63999999999942,30.650000000001455,44.51000000000204,20.479999999995925,134.32571428571413,170.15999999999622,0,0,0,0,0,0,0.0020809783138768505,148.60800000000017,0
120.28000000000611,34.0199999999968,22.87000000000262,63.390000000006694,135.90357142857206,197.3399999999965,0,0,0,0,0,0,0.0021043486628070725,137.4790000000008,0
252.79000000000087,183.75,0.7799999999988358,68.26000000000204,147.55642857142917,-120.18000000000029,0,0,0,0,0,1,0.0022912485350767673,150.2600000000006,1
112.50999999999476,44.69000000000233,28.549999999995634,39.2699999999968,149.52142857142877,-170.29999999999563,0,0,0,0,0,0,0.002320206702674043,145.9820000000007,1
122.06999999999971,24.62999999999738,77.55000000000291,19.889999999999418,149.55214285714308,-162.16999999999825,0,0,0,0,0,0,0.002321598361587343,144.9760000000002,1
93.91999999999825,65.22000000000116,16.80999999999767,11.889999999999418,139.7200000000001,-197.04999999999563,0,0,0,0,0,0,0.0021711747186501313,144.87699999999967,1
96.95999999999913,83.27000000000407,3.6999999999970896,9.989999999997963,137.71857142857127,-148.16999999999825,0,0,0,0,0,0,0.002137356061087103,147.6699999999997,1
84.58000000000175,66.15999999999622,0.6500000000014552,17.770000000004075,132.66785714285757,-31.110000000000582,0,0,0,0,0,0,0.002061055216771726,131.74700000000013,1
188.66999999999825,117.0199999999968,8.540000000000873,63.11000000000058,136.70642857142852,-188.72000000000116,0,0,0,0,0,1,0.0021275798193436395,126.975,1
108.47000000000116,5.07999999999447,53.270000000004075,50.12000000000262,137.67499999999978,-158.19000000000233,0,0,0,0,0,0,0.0021424827683227178,127.58899999999994,1
139.88000000000466,60.830000000001746,12.860000000000582,66.19000000000233,142.7357142857145,-152.58000000000175,0,0,1,0,0,0,0.002223308812220162,132.01300000000046,1
118.31999999999971,44.23999999999796,10.819999999999709,63.26000000000204,133.77214285714322,-189.34000000000378,0,0,0,0,0,0,0.0020822271653234683,131.81699999999984,1
201.95999999999913,124.26000000000204,10.059999999997672,67.63999999999942,131.31285714285747,-246.6800000000003,0,0,1,0,0,0,0.002047852634279622,126.73399999999965,1
366.0,272.5900000000038,30.779999999998836,62.62999999999738,150.14642857142877,140.3000000000029,0,0,0,0,0,0,0.0023316570870229405,152.08300000000017,1
367.7900000000009,195.23999999999796,7.940000000002328,164.61000000000058,169.5857142857146,330.4300000000003,0,0,0,0,0,0,0.0026255726976535314,176.65500000000029,0
489.1200000000026,393.8600000000006,55.93000000000029,39.330000000001746,195.93142857142863,-1.819999999999709,0,0,0,0,0,0,0.0030519931438747123,216.17500000000072,1
293.97000000000116,68.12999999999738,133.83000000000175,92.01000000000204,198.8728571428572,-115.5199999999968,0,0,0,0,0,0,0.0031011270235761046,235.87600000000094,1
274.01000000000204,106.34999999999854,104.87000000000262,62.79000000000087,210.40857142857203,-100.2300000000032,0,0,0,0,0,0,0.0032865047060950782,254.81900000000095,1
208.62000000000262,7.040000000000873,152.9800000000032,48.599999999998545,216.5907142857151,-378.6400000000067,0,0,0,0,0,0,0.0033833793080101445,256.8140000000014,1
137.88999999999942,18.62000000000262,62.80999999999767,56.45999999999913,219.73142857142946,-547.439999999995,0,0,0,0,0,0,0.003431022477578258,259.7560000000012,0
202.26000000000204,41.08999999999651,28.820000000006985,132.34999999999854,227.25285714285823,-194.61000000000058,0,0,0,0,0,0,0.0035506455866359636,265.99400000000094,1
224.54000000000087,111.56999999999971,97.12000000000262,15.849999999998545,237.25000000000105,-235.29000000000087,0,0,0,0,0,0,0.003713185274407147,276.61600000000107,1
169.87999999999738,30.05000000000291,62.98999999999796,76.83999999999651,235.90785714285812,-158.25,0,0,0,0,0,0,0.003693924864764546,273.4080000000009,1
118.44999999999709,1.6300000000046566,58.43999999999505,58.37999999999738,236.62071428571497,-154.91999999999825,0,0,0,0,0,0,0.0037052361283971933,248.65300000000062,1
233.24000000000524,78.74000000000524,119.25,35.25,243.28928571428645,-102.63999999999942,0,0,0,0,0,0,0.0038049675971437314,235.19800000000106,1
450.2900000000009,331.5599999999977,48.88000000000466,69.84999999999854,267.00142857142936,-396.2900000000009,0,0,1,0,0,1,0.004197676301012174,231.31500000000088,1
182.47000000000116,119.04000000000087,29.0,34.43000000000029,265.60928571428667,-175.9499999999971,0,0,0,0,0,0,0.004168513906346163,220.16500000000087,1
177.98999999999796,64.09999999999854,12.660000000003492,101.22999999999593,252.1800000000008,-83.04000000000087,0,0,0,0,0,0,0.003953860650635707,210.56300000000047,1
134.05999999999767,102.81999999999971,5.919999999998254,25.31999999999971,235.48500000000058,-183.3399999999965,0,0,1,0,0,0,0.0036980688569318485,203.10699999999997,1
254.5199999999968,199.63999999999942,17.529999999998836,37.349999999998545,218.72785714285732,-63.06000000000495,0,0,0,0,1,0,0.0034242117002146683,214.7699999999997,1
376.8799999999974,312.5899999999965,25.05000000000291,39.23999999999796,224.6499999999999,583.0599999999977,0,0,0,0,1,0,0.0034997652283018437,232.23199999999923,1
453.3099999999977,76.44000000000233,354.9099999999962,21.959999999999127,237.45714285714243,545.6399999999994,0,0,0,0,0,0,0.0036950477246246384,255.10899999999893,1
416.2699999999968,240.73999999999796,56.7699999999968,118.76000000000204,252.2892857142849,243.35000000000582,0,0,0,0,0,0,0.00394053930849868,279.74799999999885,1
692.7799999999988,292.8600000000006,57.68999999999505,342.2300000000032,291.92428571428485,641.6100000000006,0,0,0,0,0,0,0.004538663360786176,337.180999999999,1
305.66999999999825,111.52999999999884,138.27999999999884,55.86000000000058,299.3107142857131,554.4700000000012,0,0,0,1,0,0,0.004645422665339048,344.42399999999833,1
431.5,220.41999999999825,94.26000000000204,116.81999999999971,314.0935714285702,21.010000000002037,0,0,0,0,0,0,0.004891582823520667,342.54499999999825,1
468.8799999999974,243.24000000000524,134.64999999999418,90.98999999999796,335.4507142857131,-296.67000000000553,0,0,0,0,0,1,0.005244125509903366,371.1859999999979,1
282.1900000000023,163.3199999999997,80.30000000000291,38.56999999999971,347.14642857142775,-216.9800000000032,0,0,0,0,0,1,0.0054405636957068826,381.6059999999983,1
402.36999999999534,298.90000000000146,26.64999999999418,76.81999999999971,359.2271428571413,-810.7900000000009,0,0,0,0,0,1,0.005656349849306217,408.4369999999981,1
289.4800000000032,31.510000000002037,37.0,220.97000000000116,347.7407142857129,-888.9599999999991,0,0,0,0,0,0,0.005472581035481101,411.93299999999874,1
326.3700000000026,92.66999999999825,106.22000000000116,127.4800000000032,358.0192857142844,-761.3099999999977,0,0,0,0,0,0,0.005642566834247407,406.88199999999927,1
240.6600000000035,58.150000000001455,143.94000000000233,38.56999999999971,362.4957142857134,-450.5199999999968,0,0,0,0,0,0,0.005707117265339273,385.61699999999985,1
150.61000000000058,91.4800000000032,20.159999999996217,38.970000000001164,363.67785714285645,-376.83000000000175,0,0,1,0,0,0,0.005733509082463766,359.0510000000002,1
272.3199999999997,20.849999999998545,24.919999999998254,226.5500000000029,364.9492857142853,-98.84999999999854,0,0,1,0,0,0,0.005755408244692228,317.0050000000003,1
212.58000000000175,77.45999999999913,20.5,114.62000000000262,353.2135714285713,-57.48999999999796,1,0,0,0,1,0,0.005563744108298107,307.69600000000065,1
113.02000000000407,0.26000000000203727,88.87999999999738,23.880000000004657,328.9071428571432,34.93000000000029,0,0,1,0,0,0,0.0051808924339528245,275.84800000000104,1
330.61999999999534,299.13000000000466,0.18999999999505235,31.299999999995634,322.78928571428594,267.01000000000204,0,0,0,0,1,0,0.005060706755770556,262.02200000000084,1
249.2300000000032,156.16999999999825,93.06000000000495,0.0,291.2385714285717,511.2099999999991,0,0,0,0,1,0,0.004554769581055352,258.7260000000009,1
167.4800000000032,23.109999999993306,94.88000000000466,49.49000000000524,281.36785714285776,550.5399999999936,0,0,0,0,0,0,0.0043990988344161045,235.23700000000173,1
143.27000000000407,39.64999999999418,16.570000000006985,87.05000000000291,260.78000000000094,435.8199999999997,0,0,0,0,0,0,0.004079743194261528,220.6160000000018,1
131.12999999999738,67.12000000000262,23.459999999999127,40.549999999995634,236.6550000000009,369.6599999999962,0,0,0,0,0,0,0.0037061711261150722,201.0920000000013,1
104.62000000000262,22.760000000002037,51.919999999998254,29.94000000000233,223.9714285714295,48.08999999999651,0,0,0,0,0,0,0.0035087899126251478,187.4880000000012,1
162.9600000000064,92.41000000000349,63.31999999999971,7.230000000003201,206.87071428571602,-17.289999999993597,0,0,0,0,0,0,0.003236189795622125,188.72300000000178,1
115.31999999999971,9.480000000003201,24.580000000001746,81.25999999999476,194.43071428571577,-45.63999999999942,0,0,0,0,0,0,0.0030420343721509415,173.0230000000018,1
116.36000000000058,21.650000000001455,58.93000000000029,35.779999999998836,179.43000000000134,-27.630000000004657,0,0,0,0,0,0,0.0028082862207570174,163.40100000000166,1
129.97999999999593,48.23999999999796,72.94000000000233,8.799999999995634,171.5242857142865,87.27999999999884,0,0,0,0,0,0,0.002682515178529131,165.09700000000083,1
171.97000000000116,25.580000000001746,94.43000000000029,51.95999999999913,173.05000000000084,83.0,0,0,0,0,0,0,0.002707522061102551,149.23200000000142,1
318.4799999999959,308.9300000000003,6.180000000000291,3.3699999999953434,176.3471428571434,-316.31000000000495,0,0,1,0,0,1,0.0027724116261930473,156.1570000000007,1
164.63999999999942,5.980000000003201,58.099999999998545,100.55999999999767,172.92285714285754,-300.86999999999534,0,0,0,0,0,0,0.002718321741402106,155.87300000000033,1
204.6600000000035,2.4899999999979627,185.95000000000437,16.220000000001164,179.46857142857178,-282.34999999999854,0,0,1,0,0,0,0.002821357778093843,162.01200000000026,1
163.62999999999738,128.77000000000407,18.689999999995052,16.169999999998254,167.54071428571478,-201.68999999999505,0,0,0,0,0,0,0.002628506073679356,165.26200000000026,1
247.8000000000029,226.29000000000087,21.510000000002037,0.0,167.30857142857192,51.68000000000029,0,0,0,0,1,0,0.002615577371686894,179.5800000000003,1
339.8099999999977,220.26000000000204,104.63999999999942,14.909999999996217,179.61785714285725,578.6500000000015,0,0,0,0,1,0,0.002798374380015381,197.26499999999942,1
168.86000000000058,56.450000000004366,72.11000000000058,40.299999999995634,181.44571428571413,629.9599999999991,0,0,0,0,0,0,0.0028243307919055545,202.61899999999952,1
124.08000000000175,19.19000000000233,69.16999999999825,35.720000000001164,180.942142857143,651.5500000000029,0,0,0,0,0,0,0.0028156828417977052,203.39099999999962,0
145.9499999999971,31.139999999999418,6.94999999999709,107.86000000000058,183.89428571428547,491.26000000000204,0,0,0,0,0,0,0.002863007389470865,204.98799999999974,0
158.31000000000495,131.25999999999476,3.5600000000049477,23.49000000000524,183.56214285714253,133.70000000000437,0,0,0,0,0,0,0.002863687996709239,203.62200000000013,1
144.02999999999884,13.110000000000582,76.93000000000029,53.98999999999796,185.61285714285674,-76.65000000000146,0,0,0,0,0,0,0.0028952314994163415,186.17700000000042,1
128.01000000000204,67.09000000000378,47.70999999999913,13.209999999999127,186.4449999999997,-66.75,0,0,0,0,0,0,0.0029051667075951104,182.51400000000066,0
137.54999999999563,105.11000000000058,4.669999999998254,27.7699999999968,186.98571428571398,-189.76000000000204,0,0,0,0,0,0,0.002918345847059409,175.80299999999988,1
73.77000000000407,2.2600000000020373,62.450000000004366,9.059999999997672,179.97142857142848,-155.70000000000437,0,0,0,0,0,0,0.002808741889194841,166.81700000000055,0
87.15999999999622,36.580000000001746,24.06999999999971,26.50999999999476,163.44857142857134,-61.7100000000064,0,0,0,0,0,1,0.0025523604884049107,150.75299999999987,0
56.4800000000032,23.450000000004366,17.139999999999418,15.889999999999418,155.72285714285732,-94.29000000000087,0,0,0,0,0,0,0.002432578222276855,122.42000000000044,1
114.06000000000495,5.069999999999709,63.9600000000064,45.029999999998836,149.25142857142887,-168.59000000000378,0,0,0,0,0,0,0.00233174570812805,116.94000000000088,1
153.5500000000029,67.69000000000233,56.7300000000032,29.12999999999738,148.53142857142925,-132.62000000000262,0,0,0,0,0,1,0.0023229857261450795,119.887000000001,1
112.27999999999884,48.85000000000582,14.57999999999447,48.849999999998545,138.85000000000062,-185.15000000000146,0,0,0,0,0,0,0.0021732560070533485,116.52000000000116,1
114.65999999999622,28.93000000000029,11.190000000002328,74.5399999999936,122.76785714285766,-115.25,0,0,0,0,0,0,0.0019205599419747942,112.15500000000029,1
190.5,109.59999999999854,67.34000000000378,13.559999999997672,124.3135714285719,17.06999999999971,0,0,0,0,0,0,0.001941409737950353,116.8020000000004,0
172.13000000000466,77.06999999999971,41.270000000004075,53.79000000000087,127.74571428571497,-52.419999999998254,0,0,0,0,0,0,0.001997399061288122,121.21400000000067,1
100.44000000000233,50.56999999999971,32.88000000000466,16.989999999997963,124.49500000000106,-34.419999999998254,0,0,0,0,0,0,0.0019481121018454614,117.50300000000134,1
124.38999999999942,86.80000000000291,6.149999999994179,31.44000000000233,122.07214285714352,100.17000000000553,0,0,0,0,0,0,0.001907660996716129,122.56500000000088,1
111.83000000000175,74.68000000000029,5.230000000003201,31.919999999998254,119.77214285714373,-6.5,0,0,0,0,0,0,0.0018738860317984453,125.03200000000143,1
76.66999999999825,5.139999999999418,20.75999999999476,50.770000000004075,116.1050000000006,-119.96999999999389,0,0,0,0,0,0,0.0018166197432558837,127.05100000000093,1
166.0899999999965,60.950000000004366,89.15999999999622,15.979999999995925,118.14357142857209,17.700000000004366,0,0,0,0,0,0,0.0018467513372844148,132.25400000000008,1
162.99000000000524,0.7399999999979627,86.35000000000582,75.90000000000146,124.51642857142932,67.41999999999825,0,0,0,0,0,0,0.0019463939808779802,133.19800000000032,1
139.0899999999965,15.090000000003783,13.409999999996217,110.58999999999651,128.22571428571504,-32.56000000000495,0,0,0,0,0,0,0.002004844971282916,135.87900000000008,1
67.72000000000116,30.209999999999127,3.7700000000040745,33.73999999999796,129.27428571428598,4.05000000000291,0,0,1,0,0,0,0.0020224229427849593,131.18500000000057,1
95.75,9.020000000004075,61.68000000000029,25.049999999995634,127.9664285714285,-1.1700000000055297,0,0,1,0,0,0,0.002002244487985314,121.71000000000058,1
365.91999999999825,254.4800000000032,89.80999999999767,21.62999999999738,143.13571428571387,190.0199999999968,0,0,0,0,1,0,0.002230787855848729,141.08899999999994,1
127.1400000000067,94.31999999999971,3.8500000000058208,28.970000000001164,144.197142857143,285.4300000000003,0,0,0,0,0,0,0.002244023268852589,143.75900000000038,1
83.31000000000495,52.57999999999447,10.130000000004657,20.60000000000582,141.9578571428579,246.77000000000407,0,0,0,0,0,0,0.0022110200538754707,139.65100000000092,1
147.1800000000003,102.37000000000262,22.06999999999971,22.739999999997963,138.86357142857221,386.6800000000003,0,0,0,0,1,0,0.0021593789593723784,143.18600000000077,1
154.57999999999447,96.13999999999942,37.970000000001164,20.469999999993888,137.61000000000007,489.52999999999884,0,0,0,0,1,0,0.0021367673990256688,150.9770000000004,1
155.4100000000035,96.62000000000262,56.68000000000029,2.110000000000582,141.53642857142873,334.83000000000175,0,0,0,0,1,0,0.00219441154474143,149.9090000000011,1
73.12999999999738,19.19000000000233,52.229999999995925,1.7099999999991269,137.875,220.0500000000029,0,0,0,0,0,0,0.0021383143119645103,140.92300000000031,1
74.01000000000204,6.040000000000873,62.61000000000058,5.360000000000582,135.17357142857145,279.6599999999962,0,0,0,0,0,0,0.002096222904139864,134.41500000000087,1
76.70999999999913,46.849999999998545,21.220000000001164,8.639999999999418,135.17642857142866,222.15999999999622,0,0,0,0,0,0,0.0020948056894961064,135.31400000000068,1
75.18000000000029,9.92000000000553,15.790000000000873,49.46999999999389,128.6828571428575,119.43000000000029,0,0,0,0,0,0,0.0019944507073781648,133.2570000000007,1
60.650000000001455,42.44999999999709,15.75,2.4500000000043656,121.37285714285723,-19.360000000000582,0,0,1,0,0,0,0.0018823561628514927,102.73000000000101,1
106.0,34.61000000000058,29.0199999999968,42.37000000000262,119.00928571428605,40.900000000001455,0,0,0,0,0,0,0.0018445544123458027,100.61600000000035,1
111.04000000000087,21.160000000003492,70.58000000000175,19.299999999995634,121.85785714285781,12.779999999998836,0,0,0,0,0,0,0.001889353171883118,103.38899999999994,1
172.20999999999913,82.70000000000437,49.93999999999505,39.56999999999971,127.31928571428632,50.49000000000524,0,0,0,0,0,0,0.001971502336167288,105.89199999999983,1
249.79000000000087,131.8199999999997,97.25,20.720000000001164,119.0242857142865,191.22000000000116,0,0,0,0,1,0,0.0018393017165881597,115.41300000000047,1
256.0899999999965,187.87000000000262,53.43999999999505,14.779999999998836,128.23500000000007,419.65000000000146,0,0,0,0,0,0,0.0019759203819727533,125.48099999999977,1
172.9499999999971,95.36000000000058,44.650000000001455,32.93999999999505,134.63785714285663,284.25999999999476,0,0,0,0,0,0,0.0020776318499806283,135.46299999999974,1
123.22000000000116,52.36000000000058,70.86000000000058,0.0,132.92642857142815,253.19000000000233,0,0,0,0,0,0,0.002052907670130868,140.38399999999965,1
117.70999999999913,82.33999999999651,35.37000000000262,0.0,130.29285714285703,251.37999999999738,0,0,0,0,0,0,0.002009724284690306,144.48399999999964,1
148.38999999999942,69.59999999999854,52.349999999998545,26.44000000000233,129.79142857142818,52.020000000004075,0,0,0,0,0,0,0.0020040771081979453,151.80499999999955,1
82.83000000000175,8.539999999993597,42.38000000000466,31.910000000003492,130.48428571428562,-143.88999999999942,0,0,0,0,0,0,0.002015046344146591,154.0229999999996,1
340.90000000000146,176.0699999999997,12.400000000001455,152.4300000000003,149.54785714285703,129.4100000000035,0,0,0,0,1,0,0.0023031127217400635,177.51299999999975,1
204.26000000000204,24.209999999999127,152.3000000000029,27.75,158.65857142857152,207.05999999999767,0,0,0,0,0,0,0.002442502629086511,186.83499999999987,0
334.36999999999534,296.4800000000032,21.339999999996508,16.549999999995634,177.17214285714257,-169.97000000000116,0,1,0,0,0,1,0.002740005339476054,203.05099999999948,1
242.72999999999593,44.96999999999389,83.11000000000058,114.65000000000146,190.17785714285648,-59.42000000000553,0,0,0,0,0,0,0.0029391855768229284,202.34499999999898,1
147.6800000000003,29.06999999999971,67.68000000000029,50.93000000000029,193.15499999999935,-22.540000000000873,0,0,0,0,0,0,0.0029838980270170466,191.50399999999937,1
218.87999999999738,123.10000000000582,43.00999999999476,52.7699999999968,200.85785714285626,-323.5900000000038,0,0,0,0,0,0,0.003108805277114056,196.09699999999938,1
235.95000000000437,41.75,112.61000000000058,81.59000000000378,205.41071428571377,-306.4099999999962,0,0,0,0,0,0,0.0031772255588077606,207.36999999999972,1
214.1600000000035,37.98999999999796,174.4100000000035,1.7600000000020373,202.86571428571395,-49.30999999999767,0,0,0,0,0,0,0.0031397563002020516,217.01500000000016,1
153.85000000000582,75.13999999999942,26.0,52.7100000000064,195.56285714285747,-17.219999999993888,0,0,0,0,0,0,0.0030232149579066826,217.56100000000077,1
116.66000000000349,35.169999999998254,49.66000000000349,31.830000000001746,191.54214285714366,-81.72000000000116,0,0,0,0,0,0,0.002962722501112805,220.94400000000095,1
251.7300000000032,211.5699999999997,38.4800000000032,1.680000000000291,200.7214285714295,252.5,0,0,0,0,1,0,0.0030945996686407525,212.02700000000112,1
117.4800000000032,43.03000000000611,28.94999999999709,45.5,200.70500000000123,166.65999999999622,0,0,0,0,0,0,0.00309645693617618,203.34900000000124,1
140.8199999999997,120.5,15.44999999999709,4.870000000002619,200.16428571428696,86.15000000000146,0,0,0,0,0,0,0.0030938211105227074,183.99400000000168,1
86.9800000000032,46.26000000000204,40.720000000001164,0.0,200.46071428571562,56.669999999998254,0,0,0,0,0,0,0.003096218664693898,168.41900000000243,1
106.63999999999942,18.44000000000233,61.599999999998545,26.599999999998545,183.72785714285834,74.54999999999563,0,0,0,0,0,0,0.0028385800034956723,164.31500000000233,1
184.6999999999971,149.08000000000175,22.970000000001164,12.64999999999418,182.33071428571515,11.690000000002328,0,0,0,0,0,0,0.0028105563900363544,160.8970000000023,0
169.04000000000087,13.779999999998836,42.400000000001455,112.86000000000058,170.52142857142982,67.70999999999913,0,0,0,0,0,0,0.0026280424603065938,154.20600000000195,0
107.11000000000058,73.94999999999709,10.75,22.410000000003492,160.8342857142873,110.66999999999825,0,0,0,0,0,0,0.0024816754792259888,143.50100000000165,0
87.0199999999968,54.70999999999913,27.439999999995052,4.870000000002619,156.5014285714299,10.330000000001746,0,0,0,0,0,1,0.002416859309517009,136.81800000000075,1
73.80999999999767,22.17000000000553,1.8999999999941792,49.73999999999796,146.13928571428707,6.360000000000582,0,0,0,0,0,0,0.002257617886561594,132.5330000000002,1
117.65000000000146,61.25,27.30000000000291,29.099999999998545,137.68928571428685,-203.0,0,0,0,0,0,1,0.0021290885618888053,119.125,1
57.720000000001164,41.270000000004075,1.889999999999418,14.559999999997672,126.51500000000098,-256.02999999999884,0,0,0,0,0,0,0.001957548363118854,113.1489999999998,1
170.5500000000029,136.13999999999942,32.270000000004075,2.139999999999418,127.70785714285792,-44.150000000001455,0,0,0,0,1,0,0.001971877493921956,116.12200000000011,1
109.56000000000495,45.42000000000553,29.360000000000582,34.779999999998836,127.20071428571516,55.95999999999913,0,0,0,0,0,0,0.0019626708017128087,118.3800000000003,0
66.17000000000553,43.81999999999971,7.680000000000291,14.67000000000553,113.9464285714296,34.63000000000466,0,0,0,0,0,0,0.0017593485955716697,114.33300000000091,1
95.33000000000175,32.599999999998545,30.080000000001746,32.650000000001455,112.36428571428665,62.700000000004366,0,0,0,0,0,0,0.0017358053308059345,105.39600000000137,1
159.33000000000175,3.790000000000873,133.79000000000087,21.75,113.68642857142966,102.58000000000175,0,0,0,0,0,0,0.0017562661706838725,104.42500000000146,1
122.76000000000204,5.120000000002619,79.04999999999563,38.59000000000378,116.24214285714386,-32.86999999999534,0,0,0,0,0,0,0.00179575214283851,105.9900000000016,1
138.5500000000029,79.79000000000087,9.80000000000291,48.95999999999913,118.52142857142982,-3.2000000000043656,0,0,0,0,0,0,0.0018288421937668253,111.14300000000222,1
126.43000000000029,92.82000000000698,20.909999999996217,12.69999999999709,114.3592857142872,-52.17000000000553,0,0,0,0,0,0,0.0017671466247039431,116.40500000000247,1
82.43999999999505,26.700000000004366,30.619999999995343,25.119999999995343,108.17357142857249,-47.35000000000582,0,0,0,0,0,1,0.0016722903271714398,112.88400000000183,1
31.709999999999127,2.6599999999962165,13.950000000004366,15.099999999998545,102.7878571428581,-47.80999999999767,0,0,0,0,0,0,0.0015890750420019593,110.28300000000164,1
58.55999999999767,11.290000000000873,33.11999999999534,14.150000000001455,100.75500000000102,-36.06999999999971,0,0,0,0,0,0,0.0015573687632215363,99.08400000000111,1
76.90000000000146,29.049999999995634,13.650000000001455,34.200000000004366,100.97571428571557,-139.15999999999622,0,0,0,0,0,0,0.0015614563740249656,95.81800000000075,1
323.2099999999991,199.22000000000116,46.29000000000087,77.69999999999709,115.65857142857256,152.76000000000204,0,0,0,0,1,0,0.0017830150751666307,121.52200000000012,1
113.41000000000349,74.52999999999884,0.0,38.88000000000466,119.63642857142986,255.52000000000407,1,0,0,0,0,0,0.0018422212728926364,123.3300000000003,1
157.97999999999593,95.56000000000495,18.909999999996217,43.50999999999476,118.73857142857221,161.75999999999476,0,0,0,0,0,0,0.0018310900348977239,123.19499999999971,1
93.59999999999854,56.549999999995634,19.910000000003492,17.139999999999418,117.59857142857176,93.63999999999942,0,0,0,0,0,0,0.0018150924833046777,120.27899999999936,1
120.45999999999913,87.65999999999622,9.630000000004657,23.169999999998254,121.47642857142844,206.97999999999593,0,0,0,0,0,0,0.0018724797131240431,118.46999999999898,1
54.05999999999767,0.20999999999912689,14.419999999998254,39.43000000000029,118.52857142857101,6.930000000000291,0,0,0,0,0,0,0.001827064361419529,111.23299999999873,1
317.45000000000437,108.09000000000378,161.22000000000116,48.13999999999942,129.82285714285692,-178.06000000000495,0,0,0,0,0,0,0.0020045732221787346,134.73399999999964,1
161.69000000000233,47.11999999999534,71.90000000000146,42.67000000000553,132.60357142857123,-129.5399999999936,0,0,0,0,0,0,0.0020489980333945426,147.73199999999997,1
148.08000000000175,36.75,89.59000000000378,21.739999999997963,133.28428571428543,-34.28000000000611,0,0,0,0,0,0,0.002058284990326394,156.68400000000037,1
105.69000000000233,46.38999999999942,12.540000000000873,46.76000000000204,131.802857142857,-166.00999999999476,0,0,1,0,0,0,0.0020368670687592625,159.56300000000047,1
86.90000000000146,23.75,29.87000000000262,33.279999999998836,132.12142857142888,-139.86000000000058,0,0,0,0,0,0,0.0020409922428833117,135.9320000000007,1
127.91000000000349,79.0199999999968,16.67000000000553,32.220000000001164,138.99285714285776,-107.5199999999968,0,0,1,0,0,0,0.002149734658733858,137.3820000000007,1
692.2999999999956,469.3399999999965,222.95999999999913,0.0,184.41428571428645,411.0199999999968,0,0,0,1,1,0,0.002831596413214707,190.81400000000068,0
206.9100000000035,10.680000000000291,42.5,153.7300000000032,193.70071428571515,359.1600000000035,0,0,0,0,0,0,0.0029747854351496886,202.14500000000118,0
362.3399999999965,344.0200000000041,5.5899999999965075,12.729999999995925,196.49571428571497,62.07999999999447,0,0,0,0,0,1,0.003033712995007233,226.3330000000009,1
438.9100000000035,276.0400000000009,72.93000000000029,89.94000000000233,219.74571428571497,-239.2699999999968,0,0,0,0,0,1,0.0034071929111285193,264.81800000000146,0
158.45999999999913,73.81999999999971,55.669999999998254,28.970000000001164,219.7800000000009,-239.25,0,0,0,0,0,0,0.003411855055306436,248.91900000000095,0
149.57999999999447,122.44999999999709,0.0,27.12999999999738,223.92500000000084,-835.25,0,0,0,0,0,1,0.003482933431759171,247.70800000000017,1
221.47000000000116,134.41999999999825,68.09000000000378,18.959999999999127,231.14000000000098,-957.2799999999988,0,0,0,0,0,0,0.003602730181788724,255.0470000000001,1
153.62000000000262,76.65999999999622,60.55000000000291,16.410000000003492,238.2514285714299,-536.1399999999994,0,0,0,0,0,0,0.003709084775725558,259.84000000000015,1
138.7100000000064,38.90999999999622,0.1300000000046566,99.67000000000553,225.5207142857154,-299.6399999999994,0,0,0,0,0,0,0.003513056766962345,265.02100000000064,1
211.11000000000058,115.87999999999738,44.12999999999738,51.10000000000582,229.05071428571526,-105.0,1,0,0,0,0,0,0.003561578644180437,273.34100000000035,0
136.01000000000204,3.3099999999976717,38.38999999999942,94.31000000000495,228.18857142857243,24.150000000001455,0,0,0,0,0,0,0.003547916395406515,217.71200000000098,0
100.11000000000058,18.290000000000873,49.74000000000524,32.07999999999447,227.79000000000087,142.47999999999593,0,0,0,0,0,0,0.003542646911992011,207.0320000000007,1
95.62999999999738,0.26000000000203727,72.2699999999968,23.099999999998545,228.413571428572,63.270000000004075,0,0,0,0,0,0,0.0035524304852678854,180.3610000000008,1
145.31000000000495,37.75,9.87000000000262,97.69000000000233,229.65642857142925,67.23999999999796,0,0,0,0,0,0,0.003573737747611222,151.00100000000094,1
80.2899999999936,27.709999999999127,31.989999999997963,20.589999999996508,185.78714285714315,-74.68000000000029,0,0,0,0,0,0,0.002892218830288066,143.18400000000037,1
49.830000000001746,0.6300000000046566,29.089999999996508,20.110000000000582,174.567142857143,-78.84999999999854,0,0,0,0,0,0,0.0027175325337438785,133.2090000000011,1
113.06999999999971,108.5199999999968,4.55000000000291,0.0,156.81785714285746,47.29000000000087,0,0,0,0,0,0,0.00243707805148048,122.36900000000097,1
102.56999999999971,93.09000000000378,8.39999999999418,1.0800000000017462,132.79357142857148,-44.26000000000204,0,0,0,0,0,0,0.002066711179294341,117.26400000000066,1
76.30999999999767,34.87999999999738,40.349999999998545,1.0800000000017462,126.92571428571422,-42.87999999999738,0,0,0,0,0,0,0.0019764397297219547,111.0239999999998,1
106.58999999999651,73.15999999999622,12.680000000000291,20.75,123.7085714285713,54.12999999999738,0,0,0,0,0,0,0.0019241967451841845,100.57199999999939,1
83.0199999999968,16.709999999999127,15.25,51.05999999999767,113.81928571428527,73.89999999999418,0,0,0,0,0,0,0.0017698186603107866,95.27299999999886,1
113.62000000000262,84.66000000000349,4.900000000001455,24.05999999999767,110.96214285714242,49.330000000001746,0,0,0,1,0,0,0.001723121666829344,96.62399999999907,0
232.0899999999965,183.9300000000003,43.06999999999971,5.0899999999965075,117.59571428571351,-43.400000000001455,0,0,0,0,0,1,0.0018314188279787067,110.26999999999899,0
85.59000000000378,41.0,11.690000000002328,32.900000000001455,108.62999999999946,-51.44000000000233,0,1,0,0,0,1,0.0016929017345580488,104.29799999999886,0
244.3000000000029,162.91999999999825,14.430000000000291,66.95000000000437,116.36499999999953,-285.54999999999563,0,0,0,0,0,1,0.0018180477387323229,120.6989999999998,0
118.2300000000032,74.97999999999593,29.410000000003492,13.840000000003783,117.65928571428542,-380.75999999999476,0,0,0,0,0,0,0.0018404246378495247,127.53899999999994,0
167.27000000000407,72.77999999999884,35.12000000000262,59.37000000000262,122.77642857142875,-539.1699999999983,0,0,0,0,0,0,0.0019226827979313842,132.95900000000037,1
105.72999999999593,16.4800000000032,79.04999999999563,10.19999999999709,119.94928571428525,-336.8399999999965,0,0,0,0,0,0,0.001877924412493998,133.275,0
120.84999999999854,6.549999999995634,25.110000000000582,89.19000000000233,122.84642857142846,-289.47000000000116,0,0,0,0,0,0,0.0019231275859096864,137.7290000000001,0
128.00999999999476,6.319999999999709,29.0199999999968,92.66999999999825,128.4307142857137,-120.68000000000029,0,0,0,0,0,0,0.0020103488527662638,139.87099999999992,0
151.59000000000378,100.75,0.0,50.84000000000378,131.153571428571,-146.84999999999854,0,0,0,0,0,0,0.0020562252374443707,146.7280000000006,1
103.17000000000553,16.81999999999971,58.67000000000553,27.68000000000029,131.19642857142858,-90.06000000000495,0,0,0,0,0,0,0.0020574419650145146,145.6830000000009,1
109.93999999999505,30.479999999995925,16.389999999999418,63.06999999999971,133.59857142857123,-135.88999999999942,0,0,0,0,0,0,0.002096076833782016,133.46800000000076,1
125.93999999999505,106.33999999999651,7.110000000000582,12.489999999997963,134.980714285714,-247.05999999999767,0,0,0,0,0,1,0.0021212909708998072,137.50299999999987,1
104.76000000000204,0.12999999999738066,34.59000000000378,70.04000000000087,136.53357142857152,-254.27999999999884,0,0,0,0,0,0,0.002145724927060486,123.5489999999998,1
79.85000000000582,18.890000000006694,35.31999999999971,25.639999999999418,134.12142857142888,-134.25,0,0,0,0,0,0,0.0021071904448356845,119.71100000000006,1
144.70000000000437,7.200000000004366,18.489999999997963,119.01000000000204,127.87928571428658,-109.1099999999933,0,0,0,0,0,0,0.0020088593535214235,117.4540000000001,1
129.5500000000029,94.70999999999913,1.8000000000029104,33.04000000000087,131.01928571428653,15.479999999995925,1,0,0,0,1,0,0.0020551103496794583,119.83600000000078,1
89.91999999999825,75.09999999999854,7.959999999999127,6.860000000000582,119.99214285714334,194.98999999999796,0,0,0,0,1,0,0.0018799769634024945,116.74300000000076,1
92.06999999999971,22.679999999993015,37.92000000000553,31.470000000001164,118.12357142857165,218.57999999999447,0,0,0,0,0,0,0.0018500431474993873,113.14900000000125,1
117.06999999999971,7.919999999998254,95.88999999999942,13.260000000002037,114.53785714285706,191.1999999999971,0,0,0,0,0,0,0.001794122223187671,109.69700000000084,1
126.80999999999767,2.9399999999950523,74.05000000000291,49.81999999999971,116.04357142857147,176.02999999999884,0,0,0,0,0,0,0.0018179047996218214,112.06100000000006,0
74.48999999999796,57.5199999999968,10.230000000003201,6.739999999997963,112.73214285714286,22.7300000000032,0,0,0,0,0,0,0.0017676361253416133,108.51600000000035,0
84.7699999999968,39.09000000000378,19.389999999999418,26.289999999993597,109.64357142857158,-89.12000000000262,0,0,0,0,0,0,0.0017202426685135961,104.39900000000053,0
141.0,85.63999999999942,30.55999999999767,24.80000000000291,108.86000000000006,-196.2899999999936,0,0,0,0,0,0,0.0017102154186461561,108.02300000000032,1
85.72000000000116,23.409999999996217,35.830000000001746,26.4800000000032,107.61357142857118,-163.84000000000378,0,0,0,1,0,0,0.0016899973322857171,108.60999999999986,1
134.62999999999738,85.80999999999767,3.029999999998836,45.79000000000087,109.37714285714277,-242.54000000000087,0,0,0,0,0,0,0.0017200057375459127,107.60299999999916,1
111.38000000000466,85.41999999999825,14.830000000001746,11.130000000004657,108.33714285714346,-99.08000000000175,0,0,0,1,0,0,0.001701365869065238,105.78599999999933,1
76.84000000000378,14.819999999999709,21.340000000003783,40.68000000000029,106.34285714285787,-48.98999999999796,0,0,0,1,0,0,0.001669739819364848,104.47799999999988,1
90.84999999999854,64.95999999999913,9.0,16.889999999999418,107.12857142857163,100.46999999999389,0,0,0,1,0,0,0.0016803619865862823,104.35599999999977,0
372.25999999999476,370.23999999999796,0.0,2.0199999999967986,123.38285714285666,-293.4499999999971,0,0,0,0,0,1,0.0019466139852386505,129.87499999999926,1
294.8900000000067,188.65000000000146,75.9800000000032,30.260000000002037,135.19285714285692,-398.3000000000029,0,0,0,0,0,1,0.0021393695195398993,146.68300000000016,0
876.0400000000009,581.9599999999991,48.61999999999534,245.4600000000064,191.3442857142857,-1066.5199999999968,0,0,0,0,0,1,0.0030561273424040657,226.83800000000048,1
249.34999999999854,56.09000000000378,66.91999999999825,126.33999999999651,202.57857142857134,-1137.1800000000003,0,0,0,0,0,0,0.0032386092559294937,243.29600000000065,1
229.29000000000087,46.849999999998545,127.90999999999622,54.53000000000611,210.5942857142857,-1152.7599999999948,0,0,0,0,0,0,0.003364098562684005,252.12500000000074,1
213.49000000000524,3.0,118.05000000000291,92.44000000000233,216.78571428571482,-777.2900000000009,0,0,0,0,0,0,0.0034626970323100637,264.9020000000011,1
173.0,80.9800000000032,22.160000000003492,69.8599999999933,223.82214285714352,-667.8300000000017,0,0,0,0,0,0,0.003579721251702815,268.7390000000014,1
238.3199999999997,33.900000000001455,101.94999999999709,102.47000000000116,234.79000000000087,-119.16000000000349,0,0,0,0,0,0,0.0037571876476715387,281.4330000000009,1
218.4499999999971,175.0699999999997,15.389999999999418,27.989999999997963,240.32214285714352,114.25,0,0,0,0,0,0,0.0038350083875242622,295.5940000000002,1
135.1600000000035,35.400000000001455,6.739999999997963,93.02000000000407,243.85357142857225,29.029999999998836,0,0,0,0,0,0,0.0038935871384106007,300.0250000000007,1
213.23999999999796,160.77999999999884,35.799999999995634,16.660000000003492,249.4685714285723,184.62000000000262,0,0,0,0,1,0,0.003973021005970989,284.12300000000107,1
151.62999999999738,48.470000000001164,20.81999999999971,82.33999999999651,252.34357142857178,314.8000000000029,0,0,0,0,0,0,0.004015663498535989,269.79700000000014,1
128.63000000000466,69.06999999999971,15.35000000000582,44.20999999999913,256.04285714285754,279.91999999999825,0,0,1,0,0,0,0.004079011520527735,195.0560000000005,1
81.8599999999933,21.31999999999971,24.80999999999767,35.729999999995925,255.40071428571432,127.18000000000029,0,0,0,0,0,0,0.004067374165138979,178.30699999999996,1
138.72000000000116,33.770000000004075,35.93000000000029,69.0199999999968,238.7192857142862,196.79000000000087,0,0,0,0,0,0,0.003799669433409308,169.25,1
139.58000000000175,70.32999999999447,37.79000000000087,31.460000000006403,227.62571428571442,104.22999999999593,0,0,0,0,1,0,0.0036191453785381963,161.85899999999964,1
157.97000000000116,99.27000000000407,41.099999999998545,17.599999999998545,176.33500000000018,155.22000000000116,0,0,0,0,1,0,0.0027991886345337695,160.35599999999977,1
239.35000000000582,179.25999999999476,53.31000000000495,6.780000000006112,175.62071428571497,403.0699999999997,0,0,0,0,1,0,0.002779957702229386,160.45900000000037,1
177.09999999999854,94.93000000000029,64.29999999999563,17.87000000000262,171.89285714285765,286.6600000000035,0,0,0,0,0,0,0.002725032727003274,156.32400000000052,0
140.9800000000032,98.47999999999593,37.7100000000064,4.790000000000873,166.7135714285718,154.77999999999884,0,0,0,0,0,1,0.002647040857624958,156.9060000000005,1
141.23999999999796,22.169999999998254,47.05999999999767,72.01000000000204,164.44500000000022,66.24000000000524,0,0,0,0,0,0,0.0026118499797970593,149.7060000000005,1
157.15999999999622,60.05999999999767,88.20999999999913,8.889999999999418,158.64785714285713,27.029999999998836,0,0,0,0,0,0,0.0025173380871630706,150.25900000000038,1
145.40000000000146,21.30999999999767,76.12000000000262,47.970000000001164,153.4300000000003,-176.50999999999476,0,0,0,0,0,0,0.0024354984977944362,151.93600000000006,0
69.86999999999534,54.770000000004075,8.979999999995925,6.119999999995343,148.7664285714283,-135.77000000000407,0,0,0,0,0,0,0.002363494525264568,150.73700000000025,1
105.55000000000291,15.529999999998836,20.590000000003783,69.43000000000029,141.07428571428576,-55.75,0,0,0,0,0,0,0.0022419305303026595,147.42000000000044,1
106.95000000000437,14.450000000004366,62.970000000001164,29.529999999998836,137.88285714285772,-48.63000000000466,0,0,0,0,0,0,0.002191661101680409,144.1570000000007,1
70.84000000000378,14.82999999999447,10.030000000006112,45.9800000000032,133.7550000000005,-91.80000000000291,0,0,0,0,0,0,0.002125447737630881,135.44400000000095,1
61.69000000000233,5.5,28.599999999998545,27.590000000003783,132.31428571428685,-60.01000000000204,0,0,0,0,0,0,0.0021023170611904735,117.67800000000061,1
61.29000000000087,9.459999999999127,8.87999999999738,42.950000000004366,126.78357142857256,-15.189999999995052,0,0,0,0,0,0,0.0020147328381645655,106.09700000000085,1
85.97999999999593,34.91000000000349,18.989999999997963,32.07999999999447,122.95500000000071,-32.05000000000291,0,0,0,0,0,0,0.001954977405387007,100.59700000000012,1
178.45999999999913,50.75,7.380000000004657,120.32999999999447,124.418571428572,31.31999999999971,0,0,0,0,0,0,0.0019766609524998883,104.31900000000023,0
52.16000000000349,10.180000000000291,25.37000000000262,16.610000000000582,111.04785714285754,24.2300000000032,1,0,0,0,0,0,0.0017639383545712782,93.81900000000095,0
51.34000000000378,9.720000000001164,8.94999999999709,32.67000000000553,102.06500000000077,29.55000000000291,0,0,0,0,0,0,0.0016209307396535856,84.41300000000119,0
144.9300000000003,75.51000000000204,39.479999999995925,29.94000000000233,102.34714285714342,-36.80000000000291,0,0,0,0,0,0,0.00162736231084495,91.91900000000169,1
168.93999999999505,47.93000000000029,24.939999999995052,96.06999999999971,104.32571428571464,47.35000000000582,0,0,0,0,0,0,0.0016575249494637432,98.2580000000009,0
45.19999999999709,20.0199999999968,25.18000000000029,0.0,96.32857142857185,-22.64999999999418,0,0,0,0,0,0,0.0015309408063769302,92.08300000000017,0
94.90999999999622,41.43000000000029,19.409999999996217,34.06999999999971,92.7221428571429,-72.30999999999767,0,0,0,0,0,1,0.001474537430346222,94.48999999999941,1
57.81999999999971,0.930000000000291,20.989999999997963,35.900000000001455,91.86142857142893,-83.79000000000087,0,0,0,0,0,0,0.0014608280977697818,94.10299999999916,1
64.81999999999971,30.779999999998836,29.87999999999738,4.1600000000034925,88.95214285714299,23.56999999999971,0,0,0,0,0,0,0.0014138463459770006,94.45599999999904,0
59.16000000000349,7.099999999998545,35.38000000000466,16.68000000000029,85.53857142857149,-16.640000000006694,0,0,0,0,0,0,0.0013593945750537155,91.7739999999998,0
54.5,35.80999999999767,18.650000000001455,0.040000000000873115,84.37142857142837,-33.770000000004075,0,0,0,0,0,1,0.0013416271301993669,79.37799999999989,1
105.75999999999476,56.04000000000087,10.089999999996508,39.62999999999738,87.51928571428496,-55.76000000000204,0,0,0,0,0,0,0.0013930329276115954,84.737999999999,1
87.20999999999913,59.89999999999418,24.130000000004657,3.180000000000291,89.37071428571342,0.6899999999950523,0,0,0,0,0,0,0.0014212038724389223,88.32499999999854,1
76.30000000000291,11.839999999996508,37.62000000000262,26.840000000003783,88.67928571428534,-15.790000000000873,0,0,0,0,0,0,0.001409863267190245,81.46199999999881,1
71.51000000000204,26.159999999996217,7.2700000000040745,38.080000000001746,81.03999999999984,5.900000000001455,0,0,0,0,0,0,0.0012877817101944486,71.71899999999951,1
90.30999999999767,49.33999999999651,29.279999999998836,11.690000000002328,83.76499999999942,-5.9799999999959255,0,0,0,0,0,0,0.001332110714438487,76.22999999999956,1
31.30999999999767,22.099999999998545,0.0,9.209999999999127,82.33428571428469,77.06999999999971,0,0,0,0,0,0,0.001308898323849781,69.8699999999997,1
73.90000000000146,21.5,21.900000000001455,30.5,77.26071428571335,-1.6999999999970896,0,0,0,0,0,0,0.0012286596980558278,71.47799999999988,1
58.279999999998836,21.220000000001164,15.369999999995343,21.69000000000233,69.35642857142791,4.120000000002619,0,0,0,0,0,0,0.0011025875509520387,70.8239999999998,1
42.69000000000233,0.6399999999994179,15.17000000000553,26.87999999999738,69.17714285714257,-25.93000000000029,0,0,0,0,0,0,0.001099725833880213,69.17699999999968,1
64.86000000000058,45.08999999999651,15.80000000000291,3.970000000001164,67.03071428571431,66.6099999999933,0,0,0,0,1,0,0.0010648581843513793,70.21299999999974,1
73.80999999999767,53.7699999999968,20.040000000000873,0.0,68.18500000000027,98.45999999999913,0,0,0,0,1,0,0.001082267916744182,67.01800000000003,0
38.19999999999709,1.0599999999976717,28.05000000000291,9.089999999996508,66.2835714285715,119.97999999999593,0,0,0,0,0,0,0.0010520852788942637,62.11699999999983,1
67.18000000000029,6.0200000000040745,39.64999999999418,21.510000000002037,66.85642857142842,104.79000000000087,0,0,0,0,0,0,0.001061076390970377,61.204999999999565,1
96.55000000000291,83.69000000000233,7.290000000000873,5.569999999999709,69.86000000000006,19.43000000000029,0,1,0,0,0,0,0.0011102384453991862,63.70899999999965,1
86.59999999999854,29.010000000002037,32.32999999999447,25.260000000002037,68.4914285714289,6.390000000006694,0,0,0,0,0,0,0.0010879528308092934,63.33799999999974,1
65.52999999999884,21.5,16.330000000001746,27.69999999999709,66.94285714285745,-69.83000000000175,0,0,0,0,0,0,0.00106373099310094,66.75999999999985,1
44.06999999999971,3.5599999999976717,18.94000000000233,21.56999999999971,64.64071428571437,-66.79999999999563,0,0,0,0,0,0,0.001027098060336488,63.77699999999968,1
27.459999999999127,10.440000000002328,4.629999999997381,12.389999999999418,61.49428571428559,-61.06999999999971,0,0,0,0,0,0,0.0009769208519586794,60.69499999999971,1
42.25,22.74000000000524,11.179999999993015,8.330000000001746,58.061428571428614,49.74000000000524,0,0,0,0,1,0,0.0009220027797783788,60.65099999999948,1
33.700000000004366,19.55000000000291,8.25,5.900000000001455,58.23214285714338,38.31999999999971,0,0,0,0,1,0,0.000924426403763472,57.534999999999854,1
52.86000000000058,39.849999999998545,6.569999999999709,6.440000000002328,56.72928571428617,101.05000000000291,0,0,0,0,0,0,0.0008999908574228076,55.44000000000015,0
89.79000000000087,23.150000000001455,27.349999999998545,39.29000000000087,58.9800000000006,119.37000000000262,0,0,0,0,0,0,0.000935378923619612,60.59900000000052,0
55.299999999995634,23.160000000003492,4.8399999999965075,27.299999999995634,59.88071428571441,83.07999999999447,0,0,0,0,0,0,0.0009500331712105689,59.41100000000006,0
98.91999999999825,76.12999999999738,12.150000000001455,10.639999999999418,62.313571428571386,-20.720000000001164,0,0,0,0,0,1,0.0009898515677640356,59.64799999999959,1
51.61999999999534,14.190000000002328,13.259999999994761,24.169999999998254,60.71642857142797,-24.0,0,0,0,0,0,0,0.0009642314299721142,56.149999999999274,1
59.529999999998836,6.569999999999709,14.610000000000582,38.349999999998545,62.23999999999952,-70.22000000000116,0,0,0,0,0,0,0.0009885176935772956,55.54999999999927,1
80.95999999999913,34.76000000000204,16.580000000001746,29.619999999995343,63.22428571428515,-55.30000000000291,0,0,0,0,1,0,0.0010035702857026667,59.238999999999216,1
26.94999999999709,0.13999999999941792,18.56999999999971,8.239999999997963,58.252857142856165,-34.5199999999968,0,0,0,0,0,0,0.0009247129624247811,59.18799999999901,1
33.0,12.380000000004657,10.809999999997672,9.809999999997672,54.42428571428484,55.95999999999913,0,0,0,0,0,0,0.0008637623827027006,58.26299999999901,1
42.5,26.040000000000873,15.159999999996217,1.3000000000029104,52.805714285713165,67.37999999999738,0,0,0,0,0,0,0.0008377057893596728,59.14299999999857,0
50.98999999999796,31.720000000001164,9.229999999995925,10.040000000000873,53.299999999998754,41.43000000000029,0,0,0,0,0,0,0.0008459727964987639,58.95599999999831,1
44.720000000001164,23.400000000001455,4.5899999999965075,16.7300000000032,54.53285714285604,-16.81999999999971,0,0,0,0,0,0,0.0008658408686416273,54.44899999999834,1
22.330000000001746,6.6599999999962165,5.900000000001455,9.770000000004075,53.109999999999026,-6.8400000000037835,0,0,0,0,0,0,0.000843166170731688,51.15199999999895,1
51.720000000001164,38.970000000001164,8.959999999999127,3.790000000000873,54.39714285714165,21.06999999999971,0,0,0,0,1,0,0.0008630429996816037,46.43199999999924,0
20.739999999997963,0.680000000000291,10.799999999995634,9.260000000002037,52.10285714285575,-7.319999999999709,0,0,0,0,0,0,0.000826651711747215,43.343999999999504,0
23.0,14.64999999999418,4.870000000002619,3.4800000000032014,47.3321428571414,38.169999999998254,0,0,0,0,0,0,0.000750796650027242,39.69099999999962,0
67.97999999999593,15.610000000000582,33.55999999999767,18.80999999999767,48.23785714285571,73.41999999999825,0,0,0,0,0,0,0.0007650007571505645,38.392999999999304,0
35.63999999999942,6.459999999999127,21.639999999999418,7.540000000000873,43.71785714285579,60.78000000000611,0,0,0,0,0,0,0.0006933888845020431,39.26199999999953,0
34.11999999999534,5.549999999995634,17.139999999999418,11.430000000000291,42.46785714285579,14.540000000000873,0,0,0,0,0,0,0.0006736223971612179,39.37399999999907,0
26.25,2.680000000000291,13.540000000000873,10.029999999998836,40.09071428571302,11.819999999999709,0,0,0,0,0,0,0.000635950608436578,37.74899999999907,0
61.5199999999968,43.75,3.400000000001455,14.369999999995343,38.702142857141425,-46.06999999999971,0,0,0,0,0,0,0.0006143539561829783,38.801999999998955,1
143.85000000000582,46.79000000000087,62.970000000001164,34.09000000000378,47.052142857142044,-106.23999999999796,0,0,0,0,0,0,0.0007474559514663773,48.71499999999942,1
78.70000000000437,28.150000000001455,30.099999999998545,20.450000000004366,50.31642857142807,-73.88999999999942,0,0,0,0,0,0,0.0007989821555094153,54.35199999999968,1
68.20999999999913,26.039999999993597,15.930000000000291,26.24000000000524,52.12642857142834,-42.31000000000495,0,0,0,0,0,0,0.000827381301955794,56.00099999999948,0
39.36000000000058,5.040000000000873,8.269999999996799,26.05000000000291,51.29571428571425,-44.20999999999913,0,0,0,0,0,0,0.0008142642164586269,57.86299999999974,1
27.779999999998836,4.0900000000037835,2.599999999998545,21.089999999996508,50.085714285714076,1.0200000000040745,0,0,0,0,0,0,0.0007950427609871259,58.340999999999624,0
54.279999999998836,21.389999999999418,6.260000000002037,26.62999999999738,52.36785714285673,67.90999999999622,0,0,0,0,0,0,0.0008310032786516524,56.97099999999991,0
33.4800000000032,11.650000000001455,14.650000000001455,7.180000000000291,51.06499999999973,29.219999999993888,0,0,0,0,0,0,0.000810492774527937,56.755000000000294,0
19.709999999999127,4.470000000001164,9.360000000000582,5.879999999997381,50.991428571428386,8.720000000001164,0,0,0,0,0,0,0.0008092539070748677,55.31400000000067,0
48.150000000001455,22.150000000001455,26.0,0.0,52.87714285714277,37.419999999998254,0,0,0,0,1,0,0.0008388694014918146,57.504000000000815,0
20.5,2.1599999999962165,11.990000000005239,6.349999999998545,49.485714285714494,33.099999999998545,0,0,0,0,0,0,0.0007851060664923676,53.40200000000114,0
22.55999999999767,0.9099999999962165,6.760000000002037,14.889999999999418,48.55142857142865,14.75,0,0,0,0,0,0,0.0007702617063075938,41.27300000000032,0
21.080000000001746,1.8400000000037835,11.989999999997963,7.25,47.62000000000054,27.9800000000032,0,0,0,0,0,0,0.0007554789676368887,35.51100000000006,0
21.580000000001746,1.6700000000055297,10.180000000000291,9.729999999995925,47.286428571429234,24.590000000003783,0,0,0,0,0,0,0.0007501613559104573,30.84800000000032,0
20.209999999999127,9.489999999997963,0.2900000000008731,10.430000000000291,44.33571428571512,-7.540000000000873,0,0,0,0,0,0,0.0007034480582657762,28.933000000000174,0
28.270000000004075,15.75,7.30000000000291,5.220000000001164,36.08000000000071,-21.37000000000262,0,0,0,0,0,1,0.0005726144292488008,28.9820000000007,0
32.45999999999913,5.440000000002328,4.580000000001746,22.439999999995052,32.77714285714319,-28.029999999998836,0,0,0,0,0,0,0.0005202361877734346,26.80000000000073,0
70.72000000000116,17.450000000004366,44.90999999999622,8.360000000000582,32.95642857142905,-10.959999999999127,0,0,0,0,0,0,0.0005229361312722887,30.524000000000523,0
42.919999999998254,26.30999999999767,10.12000000000262,6.489999999997963,33.210714285714594,11.799999999995634,0,0,0,0,0,0,0.0005267628018882255,32.84500000000044,0
34.20999999999913,1.9800000000032014,7.110000000000582,25.119999999995343,33.670000000000336,21.55000000000291,0,0,0,0,0,0,0.0005340389986459539,31.451000000000203,0
49.830000000001746,8.599999999998545,4.569999999999709,36.66000000000349,33.3521428571434,47.16000000000349,0,0,0,0,0,0,0.0005289255786429831,34.38400000000038,0
24.64999999999418,17.279999999998836,4.5,2.8699999999953434,32.72142857142847,36.70999999999913,0,0,0,0,0,0,0.0005190494666718559,34.59300000000003,0
57.13999999999942,45.08999999999651,5.930000000000291,6.120000000002619,35.39499999999992,-25.529999999998836,0,0,0,0,0,1,0.0005618577705350311,38.1989999999998,0
23.540000000000873,12.980000000003201,6.799999999995634,3.7600000000020373,33.54785714285702,-63.169999999998254,0,0,0,0,0,1,0.0005326439872776013,38.39499999999971,0
61.140000000006694,42.38000000000466,10.75,8.010000000002037,36.45071428571464,-110.9800000000032,0,0,0,0,0,1,0.0005791633087088826,42.48800000000047,0
93.97999999999593,58.45999999999913,10.80000000000291,24.719999999993888,41.55214285714309,-178.02000000000407,0,0,0,0,0,1,0.0006608335465567511,49.05899999999965,1
48.38999999999942,7.0,18.330000000001746,23.05999999999767,43.5028571428572,-155.6800000000003,0,0,0,0,0,0,0.0006917801425841301,50.65199999999968,1
91.20999999999913,15.819999999999709,57.770000000004075,17.619999999995343,48.47642857142845,-94.06000000000495,0,0,0,1,0,0,0.0007706621358011884,52.700999999999475,0
108.59000000000378,35.73999999999796,4.580000000001746,68.27000000000407,54.789285714285924,-118.09999999999854,0,0,0,0,0,0,0.0008715312986142475,59.26800000000003,1
137.91999999999825,26.75,71.34999999999854,39.81999999999971,62.62142857142836,-105.0,0,0,0,0,0,0,0.0009966510387873087,69.63899999999994,0
102.45999999999913,54.18000000000029,1.3099999999976717,46.970000000001164,67.62571428571391,-102.07999999999447,0,0,0,0,0,1,0.0010772491256368073,74.90199999999967,0
118.70000000000437,25.5199999999968,12.260000000002037,80.92000000000553,71.052857142857,-135.18999999999505,0,0,0,0,0,0,0.001132313019974234,84.3070000000007,0
168.19000000000233,103.91000000000349,8.25,56.029999999998836,80.00071428571444,-256.0,0,0,0,0,0,0,0.0012770219712176893,95.41200000000099,0
126.93000000000029,5.75,23.81999999999971,97.36000000000058,86.62357142857165,-213.11000000000058,0,0,0,0,0,0,0.0013826051348458735,105.75100000000093,0
212.79000000000087,141.72999999999593,0.0,71.06000000000495,98.26428571428603,-321.1599999999962,0,0,0,0,0,1,0.0015719597034408999,120.91600000000035,1
314.2800000000061,187.83000000000175,0.0,126.45000000000437,119.24785714285827,-457.58000000000175,0,0,0,0,0,0,0.0019135158286764918,142.94600000000136,1
313.9100000000035,198.4100000000035,7.8399999999965075,107.66000000000349,137.58857142857283,-229.52999999999884,1,0,0,0,0,0,0.0022006896828755938,169.49800000000178,1
115.72000000000116,31.94999999999709,49.78000000000611,33.98999999999796,144.1728571428586,-158.66999999999825,0,0,0,0,0,0,0.00230722199050658,171.94900000000197,1
136.5899999999965,1.2299999999959255,74.20999999999913,61.150000000001455,149.56214285714356,-164.90000000000146,0,0,0,0,0,0,0.0023934718312140606,174.74900000000125,1
139.77999999999884,75.34999999999854,46.63999999999942,17.790000000000873,152.83357142857236,-98.59000000000378,0,0,0,0,0,0,0.0024487811086083043,174.9350000000013,1
80.13999999999942,59.12999999999738,19.650000000001455,1.360000000000582,155.1014285714295,149.0899999999965,0,0,0,0,0,0,0.0024829016508091046,172.70300000000134,1
91.06999999999971,33.15999999999622,15.569999999999709,42.34000000000378,155.09142857142953,-21.24000000000524,0,0,0,0,1,0,0.0024814858853318884,169.94000000000088,1
94.93000000000029,59.12000000000262,30.50999999999476,5.30000000000291,154.115714285715,71.34000000000378,0,0,0,0,0,0,0.0024635266477444962,162.61400000000066,1
77.41999999999825,24.959999999999127,10.279999999998836,42.18000000000029,149.79428571428642,46.450000000004366,0,0,0,0,0,0,0.002395406236965669,157.66300000000047,1
96.2899999999936,76.41000000000349,6.939999999995052,12.939999999995052,149.3492857142862,195.9100000000035,0,0,0,0,1,0,0.0023854661043257275,146.01299999999975,1
152.9100000000035,79.02000000000407,63.970000000001164,9.919999999998254,151.79285714285757,219.2300000000032,0,0,0,0,1,0,0.0024214392184230995,129.87599999999946,1
59.470000000001164,46.61999999999534,7.540000000000873,5.310000000004948,144.0271428571432,234.25,0,0,0,0,0,0,0.002295850742625821,104.43199999999925,1
123.87000000000262,4.330000000001746,86.30999999999767,33.2300000000032,143.80857142857192,170.3399999999965,0,0,0,0,0,0,0.002292525591359382,105.24699999999939,1
56.08999999999651,25.830000000001746,17.62999999999738,12.62999999999738,132.61500000000004,220.70999999999913,0,0,0,0,0,0,0.002113228509295481,97.19699999999939,1
87.25,38.61999999999534,18.830000000001746,29.80000000000291,116.10285714285679,186.75999999999476,0,0,0,0,0,0,0.001848925589549206,91.9439999999995,1
52.5199999999968,2.1599999999962165,20.290000000000873,30.06999999999971,97.43214285714203,102.86000000000058,0,0,0,0,0,0,0.0015517168024975676,89.18199999999925,1
41.18000000000029,3.75,9.819999999999709,27.610000000000582,92.10785714285625,51.830000000001746,0,0,0,0,0,0,0.001467024347068292,84.1929999999993,1
31.040000000000873,18.25,6.010000000002037,6.779999999998836,84.56857142857085,40.919999999998254,0,0,0,0,0,0,0.001347271755350479,77.80399999999936,1
64.2699999999968,23.400000000001455,29.849999999998545,11.019999999996799,79.17499999999927,-7.870000000002619,0,0,0,0,0,1,0.0012618169335115194,76.48899999999921,1
52.94000000000233,31.610000000000582,4.849999999998545,16.4800000000032,77.23214285714234,-80.22999999999593,0,0,0,0,0,0,0.0012314870340616759,72.15400000000008,1
72.69000000000233,47.5,20.840000000003783,4.349999999998545,75.91928571428538,-30.55000000000291,0,0,0,0,0,0,0.001209688846590753,64.13199999999998,1
38.13000000000466,0.9599999999991269,23.410000000003492,13.760000000002037,71.86214285714284,-28.709999999999127,0,0,0,0,0,0,0.0011450895250879282,61.99800000000032,1
159.8599999999933,111.7300000000032,47.2899999999936,0.8399999999965075,77.77714285714266,99.49000000000524,0,0,0,0,1,0,0.0012371159039038764,65.59699999999938,1
68.15000000000146,42.81999999999971,12.810000000004948,12.519999999996799,75.76714285714323,77.70999999999913,0,0,0,0,0,0,0.0012060120920465815,66.80299999999988,1
71.74000000000524,42.81999999999971,28.7300000000032,0.1900000000023283,69.96928571428622,67.16999999999825,0,0,0,0,0,1,0.001114485185482941,65.25200000000041,1
64.73999999999796,20.939999999995052,15.349999999998545,28.450000000004366,70.34571428571455,8.630000000004657,0,0,1,0,0,0,0.00112072611362855,66.47400000000053,1
190.47000000000116,170.22000000000116,20.25,0.0,75.30357142857143,184.22000000000116,0,0,0,0,1,0,0.0011964150468600906,81.40300000000062,1
127.97999999999593,24.909999999996217,92.63999999999942,10.430000000000291,80.4385714285714,42.31999999999971,0,0,1,0,0,0,0.0012785876700659316,91.09700000000012,1
59.68000000000029,32.220000000001164,17.31999999999971,10.139999999999418,78.46928571428569,119.30000000000291,0,0,0,0,0,0,0.0012466557200965637,90.63800000000046,1
35.13000000000466,29.020000000004075,0.47000000000116415,5.639999999999418,77.22714285714339,135.59999999999854,0,0,1,0,0,0,0.001227438726435434,88.8570000000007,1
607.1599999999962,478.5699999999997,94.14999999999418,34.44000000000233,117.65428571428596,626.0,0,0,0,0,1,0,0.0018559220562313007,142.3040000000001,1
167.6600000000035,58.79000000000087,97.84999999999854,11.020000000004075,127.41285714285758,393.34999999999854,0,0,0,0,0,0,0.002011749343371553,155.25699999999998,1
142.12999999999738,19.540000000000873,59.56999999999971,63.0199999999968,132.9742857142862,406.9099999999962,0,1,0,0,0,0,0.0021000705904564163,153.48400000000038,1
151.02999999999884,66.72000000000116,35.75,48.55999999999767,139.98071428571453,441.2299999999959,0,0,0,0,0,0,0.002208418108079641,161.7720000000001,1
83.93999999999505,36.10000000000582,9.869999999995343,37.96999999999389,140.78428571428543,427.77999999999884,0,0,0,0,0,0,0.002222497208770016,162.9919999999991,1
187.15000000000146,33.7300000000032,110.68000000000029,42.73999999999796,151.4285714285709,-18.25,0,0,0,0,0,0,0.0023893779437108007,175.23299999999944,1
56.270000000004075,50.25,5.480000000003201,0.5400000000008731,144.0028571428572,92.05999999999767,0,0,0,0,0,0,0.0022703923245684875,161.81299999999973,1
83.11000000000058,34.43000000000029,13.130000000004657,35.549999999995634,145.07142857142858,71.70999999999913,0,0,0,0,0,0,0.002288529661721963,157.3260000000002,1
98.52999999999884,77.84000000000378,20.689999999995052,0.0,146.98499999999953,82.27000000000407,0,0,0,0,0,0,0.002315915920836744,161.21100000000007,1
56.65999999999622,0.22000000000116415,27.709999999999127,28.729999999995925,146.40785714285656,121.72000000000116,0,0,0,0,0,0,0.0023068412788173308,163.3639999999992,1
46.81999999999971,13.110000000000582,25.290000000000873,8.419999999998254,135.94642857142804,77.98999999999796,0,0,0,0,0,0,0.002142450097038094,107.32999999999956,1
96.81000000000495,54.919999999998254,40.62000000000262,1.2700000000040745,133.7200000000001,80.47000000000116,0,0,0,0,0,0,0.0021055983059475925,100.2449999999997,1
188.95999999999913,95.5,69.48999999999796,23.970000000001164,142.95428571428576,20.080000000001746,0,0,0,0,0,1,0.0022544172039328627,104.92799999999988,0
56.29000000000087,14.87999999999738,5.580000000001746,35.830000000001746,144.46571428571406,-40.79000000000087,0,0,0,0,0,0,0.0022776855601096017,95.4540000000001,0
88.66999999999825,70.7300000000032,3.4099999999962165,14.529999999998836,107.4307142857142,-114.0,0,0,0,0,0,0,0.001695752947433811,95.9270000000004,1
41.69000000000233,28.99000000000524,6.379999999997381,6.319999999999709,98.43285714285697,-69.48999999999796,0,0,0,0,0,0,0.0015529550038370266,81.3810000000005,1
49.56999999999971,14.909999999996217,34.66000000000349,0.0,91.82142857142857,-136.95999999999913,0,0,0,0,0,0,0.0014489747514543343,80.71100000000006,1
72.34999999999854,50.0399999999936,7.430000000000291,14.880000000004657,86.20142857142855,9.19999999999709,0,0,0,0,0,0,0.0013592162808615988,79.63499999999985,0
53.0,6.779999999998836,11.569999999999709,34.650000000001455,83.9914285714289,0.13999999999941792,0,0,0,0,0,0,0.0013242286774497562,75.08199999999997,0
23.69999999999709,10.650000000001455,6.529999999998836,6.519999999996799,72.31642857142859,63.220000000001164,0,0,0,0,0,0,0.0011403493497058803,71.78600000000006,0
28.760000000002037,3.8799999999973807,7.440000000002328,17.44000000000233,70.35142857142844,34.65999999999622,0,0,0,0,0,0,0.001109313464354681,69.98000000000029,0
23.410000000003492,6.639999999999418,10.590000000003783,6.180000000000291,66.08714285714294,40.23999999999796,0,0,0,0,0,0,0.0010422167746458168,62.64000000000014,0
62.37000000000262,51.23999999999796,6.850000000005821,4.279999999998836,63.50428571428607,42.38999999999942,0,0,0,0,0,0,0.0010006609544225137,49.98100000000049,0
68.55999999999767,37.68000000000029,3.3300000000017462,27.549999999995634,64.35428571428618,-0.26000000000203727,0,0,0,0,0,0,0.0010146290097137153,51.208000000000176,0
54.2300000000032,3.4199999999982538,38.04000000000087,12.770000000004075,64.88357142857214,8.05000000000291,0,0,0,0,0,0,0.0010230116294721522,47.76400000000067,0
111.90999999999622,101.15000000000146,5.459999999999127,5.299999999995634,65.96214285714294,-99.68000000000029,0,0,0,0,0,1,0.0010417398267783652,54.78600000000006,0
193.45999999999913,162.59000000000378,7.849999999998545,23.0199999999968,66.2835714285715,-253.52999999999884,0,0,0,0,0,1,0.0010495107312322428,69.175,1
80.36000000000058,33.450000000004366,14.39999999999418,32.51000000000204,68.00285714285721,-334.23999999999796,0,0,0,0,0,0,0.0010772200833362197,69.9760000000002,1
202.76000000000204,67.49000000000524,25.30999999999767,109.95999999999913,76.15214285714319,-230.86999999999534,0,0,0,0,0,0,0.0012050238166634072,84.95200000000041,1
90.18000000000029,36.69999999999709,48.900000000001455,4.580000000001746,79.61571428571447,-260.65000000000146,0,0,0,0,0,0,0.0012604716730189364,91.60000000000073,1
102.38999999999942,30.89999999999418,63.5,7.990000000005239,83.3885714285716,-122.90000000000146,0,0,0,0,0,0,0.0013195164627265673,98.96300000000046,0
37.200000000004366,6.610000000000582,13.450000000004366,17.139999999999418,80.87785714285772,46.23999999999796,0,0,0,0,0,0,0.001279654616100686,100.34200000000055,0
77.09999999999854,64.86000000000058,2.8299999999944703,9.410000000003492,82.5992857142862,9.520000000004075,0,0,0,0,0,0,0.0013082419912927696,101.81500000000014,1
166.25,64.54000000000087,72.08000000000175,29.62999999999738,92.78142857142926,-122.45000000000437,0,0,0,0,0,0,0.0014710142449226257,111.58400000000037,1
73.18000000000029,63.95999999999913,9.220000000001164,0.0,95.95428571428627,-26.400000000001455,0,0,0,0,0,0,0.0015197782618898334,113.47900000000008,0
27.94000000000233,1.860000000000582,7.510000000002037,18.56999999999971,96.27785714285763,-57.98999999999796,0,0,0,0,0,0,0.0015248720134279409,105.0820000000007,0
75.63999999999942,34.37999999999738,5.279999999998836,35.9800000000032,97.22571428571453,-100.97999999999593,0,0,0,0,0,0,0.001540773166667161,93.30000000000072,1
98.91000000000349,9.05000000000291,48.95999999999913,40.900000000001455,99.39357142857209,-49.63000000000466,0,0,0,0,0,0,0.001575475323093541,95.15500000000102,1
92.36000000000058,29.099999999998545,31.090000000003783,32.169999999998254,102.11714285714334,-16.56999999999971,0,0,0,0,0,0,0.001619453890931571,84.11500000000088,1
184.72000000000116,85.4800000000032,49.15999999999622,50.080000000001746,107.31785714285797,-167.61000000000058,0,0,0,0,0,0,0.00170428530456304,93.56900000000095,1
146.58000000000175,135.33000000000175,11.25,0.0,103.96928571428673,-38.279999999998836,0,0,0,0,0,0,0.0016476896958272408,97.9880000000012,1
102.09999999999854,12.010000000002037,61.18000000000029,28.909999999996217,105.52214285714373,11.94999999999709,0,0,0,0,0,0,0.0016719332263384935,104.4780000000006,0
109.45999999999913,27.82999999999447,38.69000000000233,42.94000000000233,98.85785714285781,-7.009999999994761,0,0,0,0,0,0,0.0015671579157910643,107.71400000000067,0
53.330000000001746,20.18000000000029,16.25,16.900000000001455,96.22571428571506,3.7000000000043656,0,0,0,0,0,0,0.001525933449429459,96.42200000000085,0
67.19000000000233,19.639999999999418,20.92000000000553,26.62999999999738,93.71142857142955,72.93000000000029,0,0,0,0,0,0,0.0014864837457904021,95.82300000000104,1
69.9800000000032,27.540000000000873,7.5900000000037835,34.849999999998545,96.05285714285803,-88.19000000000233,0,0,0,0,0,0,0.0015243618008812317,100.02700000000114,1
116.91999999999825,15.709999999999127,17.389999999999418,83.81999999999971,98.89714285714373,-88.55999999999767,0,0,0,0,0,0,0.001569166010297513,104.15500000000102,1
57.58999999999651,26.94000000000233,20.169999999998254,10.479999999995925,91.13571428571491,-28.900000000001455,0,0,0,0,0,0,0.0014454037723373267,100.02300000000032,1
74.95999999999913,36.419999999998254,1.3499999999985448,37.19000000000233,91.26285714285768,-41.79000000000087,0,0,0,0,0,0,0.0014481928962833367,98.28300000000017,1
73.59999999999854,33.81999999999971,36.849999999998545,2.930000000000291,94.52428571428598,9.930000000000291,0,0,0,0,0,0,0.0014991414380936896,87.1709999999999,1
102.88000000000466,22.25,45.85000000000582,34.779999999998836,96.47000000000064,65.34999999999854,0,0,0,0,0,0,0.001529395724604146,82.8010000000002,1
102.75999999999476,81.47999999999593,6.610000000000582,14.669999999998254,96.74500000000002,-24.68000000000029,0,0,0,0,0,0,0.0015356200519328308,82.86699999999982,1
88.87000000000262,54.81999999999971,8.860000000000582,25.19000000000233,96.49571428571446,2.110000000000582,0,0,0,0,0,0,0.0015303616506010854,80.80800000000018,1
46.020000000004075,4.55000000000291,11.010000000002037,30.459999999999127,86.5885714285718,40.279999999998836,0,0,0,0,0,0,0.0013731419132607162,80.07700000000041,1
65.29000000000087,16.989999999997963,43.41000000000349,4.889999999999418,80.78214285714317,23.31999999999971,0,0,0,0,0,0,0.0012807193725805728,79.88700000000026,1
62.099999999998545,27.529999999998836,16.489999999997963,18.080000000001746,77.92500000000031,-29.439999999995052,0,0,0,0,0,0,0.0012359677806158427,79.09899999999979,1
85.8900000000067,11.32999999999447,27.24000000000524,47.320000000006985,76.24142857142942,35.80000000000291,0,0,0,0,0,0,0.0012094824018599635,75.99600000000063,1
62.34000000000378,11.429999999993015,19.310000000004948,31.60000000000582,76.885000000001,-6.350000000005821,0,0,0,0,0,0,0.0012194708018546075,76.47100000000137,1
188.11000000000058,104.81999999999971,64.63999999999942,18.650000000001455,85.52214285714373,93.26000000000204,0,0,0,0,1,0,0.0013542274186358642,87.78600000000151,1
65.83000000000175,39.150000000001455,20.81999999999971,5.860000000000582,85.22571428571506,36.55000000000291,0,0,0,0,0,0,0.0013503852156156154,87.00900000000183,1
76.63999999999942,31.979999999995925,10.709999999999127,33.950000000004366,82.34857142857228,91.72999999999593,0,0,0,0,0,0,0.0013042324451555166,84.38500000000131,1
163.61999999999534,80.94000000000233,54.36999999999534,28.30999999999767,89.92214285714363,185.55999999999767,0,0,0,0,1,0,0.0014223242783662645,90.47100000000137,1
42.91000000000349,30.739999999997963,6.580000000001746,5.5900000000037835,87.63285714285823,199.27000000000407,0,0,0,0,0,0,0.0013855630264032338,85.87500000000145,1
38.63999999999942,18.209999999999127,15.979999999995925,4.450000000004366,85.13571428571542,77.84999999999854,0,0,0,0,0,0,0.001346448571595328,85.137000000001,1
50.76000000000204,2.069999999999709,29.0,19.69000000000233,81.4128571428581,117.55999999999767,0,0,0,0,0,0,0.0012875728378772906,83.6840000000011,1
42.40999999999622,16.60000000000582,20.82999999999447,4.9799999999959255,77.10214285714392,73.59999999999854,0,0,0,0,0,0,0.0012197179865300672,81.71500000000087,1
326.8600000000006,215.91999999999825,103.73999999999796,7.200000000004366,94.10142857142948,208.59999999999854,0,0,0,0,1,0,0.001483534336384325,105.81200000000027,1
143.59000000000378,122.27999999999884,7.42000000000553,13.889999999999418,101.07071428571518,60.73999999999796,0,0,0,0,0,0,0.0015964957629380115,113.93700000000027,1
56.99000000000524,26.310000000004948,12.790000000000873,17.889999999999418,100.47785714285835,50.979999999995925,0,0,0,0,0,0,0.0015878092765067066,100.82500000000073,1
56.900000000001455,32.7699999999968,19.4800000000032,4.650000000001455,100.10642857142999,19.950000000004366,0,0,0,0,0,0,0.0015827188410408844,99.9320000000007,1
82.15000000000146,71.77000000000407,3.599999999998545,6.779999999998836,99.83928571428676,108.95000000000437,0,0,0,0,1,0,0.001576690923322855,100.4830000000009,1
86.66999999999825,57.5199999999968,29.010000000002037,0.13999999999941792,101.5771428571435,-52.94000000000233,0,0,0,0,1,0,0.0016027286419063556,92.78800000000119,1
67.42000000000553,8.019999999996799,13.62000000000262,45.78000000000611,92.95642857142957,77.33000000000175,0,0,0,0,0,0,0.0014665325328638266,95.2390000000014,1
104.11000000000058,48.75,43.44000000000233,11.919999999998254,95.6907142857152,54.31999999999971,0,0,0,0,0,0,0.0015108631542354962,101.78600000000151,1
54.24000000000524,18.31999999999971,33.53000000000611,2.389999999999418,94.09071428571562,103.42999999999302,0,0,0,0,0,0,0.0014851795592877258,102.13400000000183,1
100.12999999999738,67.16999999999825,13.639999999999418,19.31999999999971,89.55571428571577,98.56999999999971,0,0,0,0,1,0,0.0014120916573605294,107.90600000000195,1
102.54000000000087,24.520000000004075,57.88999999999942,20.12999999999738,93.81500000000129,67.52000000000407,0,0,0,0,0,0,0.0014786788273020285,85.47400000000198,1
51.91000000000349,21.020000000004075,11.180000000000291,19.709999999999127,94.76285714285872,81.54000000000087,0,0,0,0,0,0,0.0014931109901828662,76.30600000000194,1
283.41999999999825,148.92000000000553,99.36999999999534,35.12999999999738,111.38142857142988,280.24000000000524,0,0,0,0,0,0,0.001750857199626912,98.94900000000125,1
247.40000000000146,109.62000000000262,105.9800000000032,31.799999999995634,126.0235714285731,152.6800000000003,0,0,0,0,0,0,0.0019844428534379335,117.99900000000125,1
220.1800000000003,118.81999999999971,101.36000000000058,0.0,118.40357142857309,203.97999999999593,0,0,0,0,0,0,0.0018609718573993654,131.80200000000113,1
220.6600000000035,92.54000000000087,98.16000000000349,29.959999999999127,123.90857142857307,80.80999999999767,0,0,0,0,0,0,0.0019505186765941525,145.20100000000167,0
241.44000000000233,80.25,10.380000000004657,150.80999999999767,137.08357142857287,-24.160000000003492,0,0,0,0,0,0,0.0021607509442962717,162.60300000000134,1
163.5,93.71999999999389,61.95999999999913,7.820000000006985,144.69785714285848,-266.7099999999991,0,0,0,0,0,0,0.0022841502431599735,168.54200000000128,1
133.27000000000407,59.05999999999767,41.270000000004075,32.94000000000233,148.34928571428722,-218.93999999999505,0,0,0,0,0,0,0.002344078313201771,176.44500000000116,1
222.25,171.2699999999968,24.540000000000873,26.44000000000233,158.03357142857308,-165.63999999999942,0,0,0,0,1,0,0.002490327549204219,188.65700000000143,1
120.06999999999971,4.1600000000034925,70.2699999999968,45.63999999999942,161.79428571428693,-70.86000000000058,0,0,0,0,0,0,0.0025497443974446016,190.4100000000013,1
105.58999999999651,46.55999999999767,2.5,56.529999999998836,161.90000000000094,58.70999999999913,0,0,0,0,0,0,0.002549555308106451,195.77800000000062,0
224.3399999999965,146.4499999999971,26.889999999999418,51.0,174.05000000000032,7.019999999996799,0,0,0,0,0,1,0.0027471885709379226,189.87000000000043,0
209.3000000000029,161.4100000000035,26.470000000001164,21.419999999998254,181.84785714285786,-99.27000000000407,0,0,0,0,0,0,0.002877905985653788,186.06000000000057,1
237.1600000000035,64.78000000000611,100.31999999999971,72.05999999999767,191.46357142857232,-208.4699999999939,0,0,0,0,0,0,0.003027069066172657,187.7580000000009,0
93.69999999999709,2.0500000000029104,35.299999999995634,56.349999999998545,194.44857142857185,-206.52999999999884,0,0,0,0,0,0,0.0030743552214472494,175.06200000000027,0
188.91999999999825,98.0,39.75,51.169999999998254,187.69857142857185,-355.91999999999825,0,0,0,0,0,1,0.0029724844573443946,169.80999999999986,1
159.48999999999796,53.87999999999738,44.169999999998254,61.44000000000233,181.4192857142859,-266.4599999999991,0,0,0,0,0,0,0.0028755988061714174,169.40899999999965,1
99.41000000000349,52.34000000000378,30.349999999998545,16.720000000001164,172.79285714285757,-45.049999999995634,0,0,0,0,0,0,0.0027365535063914558,166.0229999999996,1
83.83000000000175,16.229999999995925,14.05000000000291,53.55000000000291,163.019285714286,-124.47000000000116,0,0,0,0,0,0,0.002582442415009059,152.18099999999976,1
100.94000000000233,8.610000000000582,28.5,63.830000000001746,152.9835714285717,-131.0199999999968,0,0,0,0,0,0,0.002423788176641389,150.26800000000003,1
203.48999999999796,73.81999999999971,89.89999999999418,39.770000000004075,155.84000000000015,-99.86999999999534,0,0,0,0,0,0,0.0024718663415680257,160.05800000000016,1
112.44999999999709,47.82999999999447,42.150000000001455,22.470000000001164,154.35285714285678,4.049999999995634,0,0,0,0,0,0,0.00244642347976031,148.86900000000023,0
85.83999999999651,33.95999999999913,28.55999999999767,23.31999999999971,144.6092857142851,-86.95999999999913,0,0,0,0,0,0,0.0022933633235184708,136.5229999999996,0
91.74000000000524,21.44999999999709,41.390000000006694,28.900000000001455,142.5857142857141,-92.44000000000233,0,0,0,0,0,0,0.002262059951319814,121.98099999999977,0
80.40000000000146,35.13000000000466,26.159999999996217,19.110000000000582,140.78642857142873,-119.10000000000582,0,0,0,0,0,0,0.0022347601976148417,120.65100000000021,0
63.830000000001746,18.5,16.0,29.330000000001746,129.3214285714291,-66.37000000000262,0,0,0,0,0,1,0.002053401970453839,108.14200000000055,0
294.6100000000006,195.9499999999971,0.0,98.66000000000349,135.41785714285757,-310.1499999999942,0,0,0,0,0,1,0.0021569150616098333,121.65400000000082,1
138.15000000000146,6.980000000003201,71.13999999999942,60.029999999998836,128.34571428571456,-264.5699999999997,0,0,0,0,0,0,0.0020440151481266027,125.52800000000062,1
111.20999999999913,96.66999999999825,13.819999999999709,0.7200000000011642,129.596428571429,-148.36000000000058,0,0,0,0,1,0,0.0020608411512250493,128.26600000000036,0
50.56999999999971,0.020000000004074536,32.83999999999651,17.709999999999127,119.71428571428623,-112.89999999999418,0,0,0,0,0,0,0.0019036851186685372,123.22900000000008,0
208.16999999999825,175.72000000000116,7.25,25.19999999999709,123.19142857142911,-267.5400000000009,0,0,0,0,0,1,0.001964413083126911,123.69700000000012,1
138.97000000000116,46.0199999999968,34.34000000000378,58.61000000000058,126.01714285714323,-26.270000000004075,0,0,0,0,0,0,0.0020080221180180844,126.34900000000053,0
86.68000000000029,23.729999999995925,36.25,26.700000000004366,126.22071428571455,-57.580000000001746,0,0,0,0,0,0,0.002012017749487746,126.4330000000009,1
87.02000000000407,14.459999999999127,38.020000000004075,34.54000000000087,125.22642857142897,-165.5,0,0,0,0,0,0,0.001996604075041625,125.96100000000078,1
67.93999999999505,23.62000000000262,40.83999999999651,3.4799999999959255,115.5442857142859,-142.58000000000175,0,0,0,0,0,0,0.0018415495108740614,124.71500000000015,0
65.94999999999709,19.05999999999767,34.7300000000032,12.159999999996217,112.22285714285734,50.44999999999709,0,0,0,0,0,0,0.0017880695545308665,124.92699999999968,0
108.42000000000553,46.83999999999651,13.520000000004075,48.06000000000495,113.83571428571511,-41.65999999999622,0,0,0,0,0,0,0.001815121891294838,106.30800000000018,0
210.5699999999997,162.13999999999942,46.43000000000029,2.0,122.32357142857187,-180.34999999999854,0,0,0,0,0,1,0.0019555172997731025,113.55,1
88.37000000000262,4.069999999999709,56.919999999998254,27.380000000004657,122.89285714285766,-173.37999999999738,0,0,0,0,0,0,0.0019648292256773123,111.26600000000035,1
88.34000000000378,34.029999999998836,46.78000000000611,7.529999999998836,124.64357142857209,-230.6600000000035,0,0,0,0,0,0,0.0019939044234419125,115.04300000000076,1
125.63999999999942,42.37000000000262,27.89999999999418,55.37000000000262,112.5714285714291,-204.57999999999447,0,0,0,0,0,0,0.0017994890547220136,106.79000000000087,1
103.12000000000262,0.4599999999991269,57.66000000000349,45.0,110.06928571428632,-155.35000000000582,0,0,0,0,0,0,0.001759424028486747,103.20500000000102,1
117.65000000000146,27.739999999997963,34.12000000000262,55.79000000000087,110.52928571428649,-18.4800000000032,0,0,0,0,0,0,0.001767490936841598,106.30200000000113,1
145.63000000000466,46.91000000000349,36.31999999999971,62.400000000001455,117.31928571428683,-61.76000000000204,0,0,0,0,0,0,0.0018775721064302248,112.16300000000119,1
251.87000000000262,228.52999999999884,6.260000000002037,17.080000000001746,120.44071428571571,-257.7299999999959,0,0,1,0,0,1,0.0019346482505498506,130.55600000000194,1
155.08000000000175,98.09999999999854,11.560000000004948,45.419999999998254,121.59142857143004,-204.60000000000582,0,0,0,0,0,0,0.0019500543771772071,139.4690000000024,1
119.01000000000204,102.20000000000437,5.75,11.059999999997672,123.90071428571589,-104.79999999999563,1,0,0,0,1,0,0.0019838385226511085,140.52800000000207,1
86.93999999999505,26.709999999999127,31.529999999998836,28.69999999999709,123.89500000000096,-52.830000000001746,0,0,0,0,1,0,0.0019828993238664764,128.1650000000016,1
108.66999999999825,78.67000000000553,25.2699999999968,4.7299999999959255,126.8042857142869,76.4800000000032,0,0,0,0,1,0,0.002026888706540042,130.19500000000116,1
96.81999999999971,37.91000000000349,30.589999999996508,28.31999999999971,129.00928571428707,344.59999999999854,0,0,0,0,1,0,0.002060878205022607,131.04300000000075,1
192.11000000000058,140.22000000000116,49.270000000004075,2.6199999999953434,134.98714285714388,386.3000000000029,0,0,0,0,1,0,0.0021515618935347837,137.69000000000088,0
106.93000000000029,40.59000000000378,40.00999999999476,26.330000000001746,127.58428571428678,243.52999999999884,0,0,0,0,0,0,0.0020348835023555846,138.07100000000065,0
110.37999999999738,38.43000000000029,53.529999999998836,18.419999999998254,129.15642857142925,178.38999999999942,0,0,0,0,0,1,0.002061221841886208,137.34400000000022,0
85.62999999999738,39.03000000000611,0.8299999999944703,45.7699999999968,128.96285714285736,59.46999999999389,0,0,0,0,0,0,0.002059434465616979,131.3439999999995,1
173.97000000000116,36.830000000001746,41.650000000001455,95.48999999999796,132.41500000000036,58.18000000000029,0,0,0,0,0,0,0.002113319169527736,123.55399999999936,1
167.05999999999767,97.61000000000058,6.6599999999962165,62.79000000000087,136.98214285714286,-179.80999999999767,0,0,0,0,0,0,0.002189635708329083,124.75199999999896,1
152.63999999999942,56.69000000000233,79.63999999999942,16.30999999999767,139.48142857142844,-82.13999999999942,0,0,0,0,0,0,0.0022275531928509567,128.1149999999987,1
118.5,4.129999999997381,82.80000000000291,31.56999999999971,137.54357142857094,-49.75999999999476,0,0,0,0,0,0,0.002196817738476405,131.2709999999992,1
179.12999999999738,127.33000000000175,15.739999999997963,36.05999999999767,132.3478571428563,-136.54999999999563,0,0,0,0,0,1,0.0021181089668735244,138.3169999999991,1
191.3399999999965,16.5,50.68999999999505,124.15000000000146,134.9378571428559,-189.80999999999767,0,0,1,0,0,0,0.0021601272523551172,147.76899999999878,1
155.8399999999965,74.51000000000204,65.97000000000116,15.359999999993306,137.5685714285698,-16.9800000000032,0,0,0,0,0,0,0.002199606689364404,144.14199999999838,1
157.85000000000582,137.3000000000029,0.0,20.55000000000291,142.63357142857058,63.05000000000291,0,0,0,0,0,0,0.002275602341126164,149.23399999999893,1
118.91000000000349,63.88000000000466,32.400000000001455,22.62999999999738,143.36499999999953,12.82999999999447,0,0,1,0,0,0,0.002289327278069462,150.08699999999953,1
100.9600000000064,70.41000000000349,14.290000000000873,16.260000000002037,143.66071428571428,209.54000000000087,0,0,0,0,0,0,0.0022914766502260646,151.62000000000043,1
294.3199999999997,19.310000000004948,229.84999999999854,45.15999999999622,150.9614285714285,206.7199999999939,0,0,1,0,0,0,0.0024086667235442634,163.65500000000029,1
388.7300000000032,163.44000000000233,21.849999999998545,203.44000000000233,171.09000000000015,296.5500000000029,0,0,0,0,0,0,0.0027226765586284953,185.82200000000086,1
591.010000000002,415.3399999999965,57.76000000000204,117.91000000000349,205.42071428571475,574.6099999999933,0,0,0,0,1,0,0.0032475483290600616,229.6590000000011,1
320.59999999999854,9.729999999995925,116.4800000000032,194.38999999999942,222.20428571428627,621.0200000000041,0,0,1,0,0,0,0.003513432305976519,249.86900000000097,1
641.1500000000015,434.4799999999959,43.19000000000233,163.4800000000032,255.5742857142863,985.6299999999974,0,0,0,0,1,0,0.004013469492745761,296.0710000000014,1
291.5,14.069999999999709,139.02999999999884,138.40000000000146,264.4628571428579,1030.300000000003,0,0,0,0,0,0,0.004151395373092667,306.0870000000017,1
342.59999999999854,183.61999999999534,35.13999999999942,123.84000000000378,278.0314285714293,1049.2999999999956,0,0,0,0,0,0,0.00435184319751424,324.7630000000019,1
238.45999999999913,129.27999999999884,40.51000000000204,68.66999999999825,286.60000000000065,499.5500000000029,0,0,0,0,0,0,0.004495429594294548,332.82400000000126,1
193.0699999999997,120.77999999999884,40.15999999999622,32.13000000000466,287.5957142857151,387.6100000000006,0,1,0,0,0,0,0.004519683219635756,340.24000000000086,0
209.75,76.9800000000032,131.9499999999971,0.819999999999709,288.9107142857153,29.12000000000262,0,0,0,0,0,0,0.00453490197794941,351.11900000000026,0
208.98999999999796,85.65000000000146,69.2300000000032,54.109999999993306,292.707142857144,-82.80000000000291,0,0,0,0,0,0,0.004600738754315449,342.58600000000007,0
241.45000000000437,108.37000000000262,98.56999999999971,34.51000000000204,298.67857142857247,-158.0399999999936,0,0,0,0,0,0,0.004686612608984074,327.8580000000002,0
161.36000000000058,107.37999999999738,46.169999999998254,7.810000000004948,301.71071428571514,83.90000000000146,0,0,0,0,0,0,0.004726227142927424,284.89300000000003,0
205.0199999999968,127.44000000000233,8.729999999995925,68.84999999999854,309.1435714285716,72.23999999999796,0,0,0,0,0,0,0.004852807229248799,273.33499999999987,0
145.5300000000061,7.950000000004366,112.25,25.330000000001746,298.51571428571486,-10.480000000003201,0,0,0,0,0,0,0.004686438275960558,223.7730000000003,0
152.5699999999997,88.13999999999942,8.589999999996508,55.84000000000378,281.6471428571432,165.9800000000032,0,0,0,0,0,0,0.00441537980030873,209.88000000000028,0
270.7900000000009,28.169999999998254,232.94000000000233,9.680000000000291,258.774285714286,26.75999999999476,0,0,0,0,0,0,0.0040587639069498025,202.69900000000052,0
150.79000000000087,92.90000000000146,21.12999999999738,36.76000000000204,246.64500000000044,11.069999999999709,0,0,0,0,0,0,0.0038629658500005,193.9320000000007,0
356.59999999999854,123.07999999999447,186.04000000000087,47.4800000000032,0.0,0.0,0,0,0,0,0,0,0.0,0.0,0
248.23999999999796,56.51000000000204,104.40999999999622,87.31999999999971,0.0,0.0,0,0,0,0,0,0,0.0,0.0,0
259.75,60.20999999999913,159.62999999999738,39.91000000000349,0.0,0.0,0,0,0,0,0,0,0.0,0.0,0
167.22999999999593,105.63999999999942,18.669999999998254,42.919999999998254,0.0,0.0,0,0,0,0,0,0,0.0,0.0,0
313.1999999999971,48.46999999999389,40.830000000001746,223.90000000000146,0.0,0.0,0,0,0,0,0,1,0.0,0.0,0
272.59999999999854,156.95999999999913,1.3800000000046566,114.25999999999476,0.0,-301.0699999999997,0,0,0,0,0,0,0.0,0.0,0
264.02999999999884,100.86000000000058,61.36999999999534,101.80000000000291,0.0,-352.4599999999991,0,0,0,0,0,0,0.0,0.0,0
341.6100000000006,188.41999999999825,44.700000000004366,108.48999999999796,0.0,-602.0299999999988,0,0,0,0,0,0,0.0,0.0,0
138.75,73.05000000000291,27.19000000000233,38.50999999999476,0.0,-427.77999999999884,0,0,0,0,0,0,0.0,0.0,0
244.45000000000437,44.93999999999505,140.70000000000437,58.81000000000495,0.0,-336.2800000000061,0,0,0,0,0,0,0.0,260.64599999999916,1
168.63000000000466,81.06999999999971,1.9800000000032014,85.58000000000175,0.0,-251.84999999999854,0,0,0,0,0,0,0.0,241.8489999999998,1
164.0199999999968,33.919999999998254,56.13999999999942,73.95999999999913,0.0,-115.29000000000087,0,0,0,0,0,0,0.0,233.42699999999968,1
348.6600000000035,237.55999999999767,45.04000000000087,66.06000000000495,0.0,315.25,0,0,0,0,1,0,0.0,242.31800000000004,1
221.91999999999825,100.19999999999709,94.06999999999971,27.650000000001455,0.0,147.88999999999942,0,0,0,0,0,0,0.0,247.78700000000026,0
507.3400000000038,301.73999999999796,17.590000000003783,188.01000000000204,261.572142857143,-197.37999999999738,0,0,0,0,0,1,0.004181164451348233,267.20100000000093,1
234.48999999999796,136.84000000000378,10.269999999996799,87.37999999999738,260.59000000000015,14.05000000000291,0,0,0,0,0,0,0.004156433356227028,263.3900000000009,1
212.73999999999796,98.94000000000233,65.79999999999563,48.0,257.23214285714283,-119.22000000000116,0,0,0,0,0,0,0.004109364823937523,258.26100000000076,1
228.20999999999913,89.44000000000233,37.69000000000233,101.07999999999447,261.5878571428574,-269.51000000000204,0,0,0,0,0,0,0.004172885056132494,246.92100000000065,1
187.38999999999942,55.76000000000204,29.450000000004366,102.17999999999302,252.60142857142895,-118.47000000000116,0,0,0,0,0,0,0.004026107847940041,251.7850000000006,1
171.9300000000003,10.87000000000262,9.720000000001164,151.3399999999965,245.29785714285754,194.62000000000262,0,0,0,0,0,0,0.0039088638308037976,244.5330000000002,1
276.88000000000466,67.19000000000233,141.12000000000262,68.56999999999971,246.2157142857151,-8.450000000004366,0,0,0,0,0,0,0.003927691605688681,255.35800000000017,1
189.0899999999965,103.04000000000087,37.43999999999505,48.61000000000058,235.3214285714291,-15.489999999997963,0,0,1,0,0,0,0.003760264740899791,257.8650000000001,1
238.58000000000175,13.299999999995634,183.59000000000378,41.69000000000233,242.4521428571435,-117.37999999999738,0,0,1,0,0,0,0.0038748851146616,246.85699999999997,1
279.4100000000035,183.3000000000029,82.68000000000029,13.430000000000291,244.9492857142863,14.010000000002037,0,0,0,0,0,0,0.0039032719651400116,252.6060000000005,1
154.3199999999997,41.05999999999767,67.77999999999884,45.4800000000032,243.92714285714308,-40.150000000001455,0,0,1,0,0,0,0.003889509758763109,217.3040000000001,1
151.75,30.37999999999738,79.41999999999825,41.950000000004366,243.05071428571475,-7.869999999995343,0,0,1,0,0,0,0.0038776895943844064,209.03000000000029,1
632.0,364.91999999999825,141.2300000000032,125.84999999999854,263.28928571428594,461.04999999999563,0,0,0,0,1,0,0.004176402125281711,250.9560000000005,1
961.9000000000015,634.5199999999968,228.75,98.63000000000466,316.14500000000044,1107.5999999999985,0,0,0,0,1,0,0.004964763987421045,324.3250000000007,1
446.1399999999994,91.63000000000466,280.32999999999447,74.18000000000029,311.77357142857153,824.8799999999974,0,0,0,0,0,0,0.004903662258269247,350.2000000000007,1
449.36999999999534,108.59000000000378,36.75999999999476,304.0199999999968,327.1221428571428,975.3300000000017,0,0,0,1,0,0,0.0051362069262524965,377.94400000000024,1
380.76000000000204,174.3900000000067,181.73999999999796,24.62999999999738,339.12357142857167,832.8299999999945,0,0,0,0,0,0,0.005339512074450261,388.332,1
303.20000000000437,117.92000000000553,96.29000000000087,88.98999999999796,344.4800000000006,351.3899999999994,0,0,0,0,0,1,0.005433993884548462,399.74300000000073,0
375.40000000000146,154.39999999999418,53.91000000000349,167.09000000000378,357.90928571428645,-440.8099999999977,0,0,0,0,0,0,0.005659813484243331,413.42500000000075,1
218.6600000000035,25.010000000002037,101.68000000000029,91.97000000000116,361.24714285714384,-368.1999999999971,0,0,0,0,0,0,0.005714892294304866,407.3500000000007,0
330.65000000000146,163.88000000000466,0.0,166.7699999999968,365.0878571428579,-639.8400000000038,0,0,0,0,0,1,0.005790486492267324,424.9830000000009,1
187.75,129.58000000000175,43.0,15.169999999998254,364.99214285714385,-592.2299999999959,0,0,0,0,0,0,0.005800905196819316,428.5830000000009,1
249.61999999999534,94.91999999999825,51.549999999995634,103.15000000000146,365.78071428571485,-376.11999999999534,0,0,0,1,0,0,0.005804439952865634,390.3450000000004,1
418.56000000000495,187.90000000000146,162.99000000000524,67.66999999999825,375.72000000000065,-406.8500000000058,0,0,0,0,0,0,0.005979937319841507,336.01100000000076,1
293.54999999999563,228.26000000000204,25.2699999999968,40.0199999999968,385.66500000000036,-606.3300000000017,0,0,1,0,0,0,0.006160270047812321,320.7520000000004,1
380.4300000000003,156.1600000000035,211.29000000000087,12.979999999995925,401.9992857142861,-288.1999999999971,0,0,0,1,0,0,0.006405199465185386,313.8580000000009,1
519.3099999999977,328.75,183.2699999999968,7.290000000000873,393.9500000000002,-486.48999999999796,0,0,1,0,0,1,0.0063099268868555426,327.7130000000005,1
824.3499999999985,737.1299999999974,2.819999999999709,84.40000000000146,384.125,-1322.4300000000003,0,0,1,0,0,1,0.006226196398182867,379.82799999999986,1
732.4200000000055,30.880000000004657,261.25,440.2900000000009,404.5735714285719,-1106.2899999999936,0,0,0,0,0,0,0.006554579780061692,415.5300000000003,1
709.1900000000023,267.40000000000146,369.2099999999991,72.58000000000175,423.1321428571438,-613.7299999999959,1,0,0,0,1,0,0.006825649957980415,464.5830000000002,1
1515.3800000000047,1508.030000000006,5.889999999999418,1.4599999999991269,504.1764285714297,738.4700000000012,0,0,0,0,1,0,0.007939802531429271,583.0560000000005,1
489.0599999999977,193.32999999999447,135.09000000000378,160.63999999999942,517.4521428571435,1258.0099999999948,0,0,0,0,1,0,0.008124366952908597,613.1870000000002,1
437.0500000000029,142.83000000000175,257.02999999999884,37.19000000000233,521.8557142857151,1849.989999999998,0,0,1,0,0,0,0.00821238559731118,631.930000000001,1
351.75999999999476,110.00999999999476,196.61000000000058,45.13999999999942,531.3628571428573,1932.5399999999936,0,0,0,0,0,0,0.008347367397227948,625.25,1
259.4400000000023,42.68000000000029,161.22000000000116,55.54000000000087,526.2764285714287,1707.5299999999988,0,0,0,0,0,0,0.008261924770438798,621.8390000000006,1
317.8400000000038,84.13000000000466,72.5,161.20999999999913,535.5685714285719,281.27999999999884,0,0,0,0,0,0,0.008396972638915602,615.5800000000011,1
909.2800000000061,668.3199999999997,220.87000000000262,20.090000000003783,582.6871428571441,755.9800000000032,0,0,0,1,1,0,0.009041288003994952,654.5770000000018,0
363.51000000000204,244.45999999999913,14.239999999997963,104.81000000000495,578.755000000001,657.7000000000044,0,0,0,0,0,0,0.009014501891354672,608.4930000000022,1
326.1100000000006,200.0899999999965,97.81999999999971,28.200000000004366,581.0807142857157,345.6000000000058,0,0,0,0,0,0,0.00907911095016363,567.8620000000017,1
327.1299999999974,149.9300000000003,128.16999999999825,49.029999999998836,577.2735714285726,452.5199999999968,0,0,0,1,0,0,0.008998593976302243,529.6560000000012,0
421.8199999999997,345.68999999999505,2.0200000000040745,74.11000000000058,570.3342857142868,22.330000000001746,0,0,0,0,0,1,0.00893892128947021,420.30000000000075,1
629.0400000000009,519.0999999999985,63.700000000004366,46.23999999999796,556.3835714285726,-1162.8300000000017,0,0,0,0,0,1,0.008791778518835055,434.298000000001,1
277.5599999999977,138.19000000000233,91.59999999999854,47.7699999999968,523.893571428572,-1057.3800000000047,0,0,0,0,0,0,0.008296638662914664,418.3490000000005,1
248.3199999999997,97.66999999999825,107.2300000000032,43.419999999998254,490.97428571428617,-955.1200000000026,0,0,0,0,0,0,0.007787455191463838,408.005000000001,1
487.15000000000146,19.110000000000582,150.37000000000262,317.66999999999825,417.52928571428595,-1086.4199999999983,0,0,0,0,0,0,0.00662060663517888,430.7760000000009,1
423.3399999999965,210.6800000000003,72.48999999999796,140.16999999999825,412.83500000000015,-522.6900000000023,0,0,0,0,0,0,0.0065238597685016286,441.3260000000002,1
384.58000000000175,252.33000000000175,117.66999999999825,14.580000000001746,409.08714285714296,-253.20999999999913,0,0,1,0,0,0,0.006490220145431556,388.85599999999977,1
216.7300000000032,16.779999999998836,90.09000000000378,109.86000000000058,399.44214285714355,-97.19000000000233,0,0,0,0,0,0,0.006335515363861833,374.1779999999999,1
286.2099999999991,151.22000000000116,89.04000000000087,45.94999999999709,401.35428571428616,152.36000000000058,0,0,0,0,1,0,0.006350624892827505,370.18799999999976,1
243.90000000000146,29.299999999995634,172.31000000000495,42.29000000000087,396.07285714285746,164.0199999999968,0,0,0,0,0,0,0.006264088358369908,361.8650000000001,1
359.34999999999854,111.77999999999884,57.76000000000204,189.80999999999767,356.7921428571426,62.229999999995925,0,0,0,0,0,0,0.0056326986439412365,355.61800000000005,1
505.5500000000029,74.81999999999971,406.45000000000437,24.279999999998836,366.93785714285696,389.02999999999884,0,0,0,1,0,0,0.005785806245832087,343.26900000000023,1
509.26000000000204,411.1599999999962,15.87000000000262,82.2300000000032,380.0199999999999,-49.46999999999389,0,0,1,0,0,0,0.006032195625872439,366.43900000000065,1
975.1200000000026,499.4799999999959,85.24000000000524,390.40000000000146,426.3050000000003,296.0199999999968,0,0,0,0,0,0,0.006713972079779263,439.11900000000094,1
751.9300000000003,382.1900000000023,174.72000000000116,195.0199999999968,449.8600000000006,660.010000000002,1,0,0,0,1,0,0.0070412592813113555,465.59700000000083,1
452.02999999999884,45.56999999999971,267.4100000000035,139.04999999999563,437.216428571429,594.3300000000017,0,0,0,1,0,0,0.006838200653787325,468.4660000000011,1
343.3199999999997,201.4800000000032,45.0199999999968,96.81999999999971,441.913571428572,717.7300000000032,0,0,0,1,0,0,0.006890034304559351,464.3400000000009,0
513.010000000002,505.7299999999959,0.75,6.530000000006112,460.82000000000073,637.75,0,0,0,0,0,0,0.007241456418711512,493.96800000000076,1
531.0,146.37999999999738,81.12000000000262,303.5,463.9521428571435,287.0,0,0,0,1,0,0,0.007274006585805185,518.4470000000008,1
294.6800000000003,125.33999999999651,87.06999999999971,82.27000000000407,454.7621428571438,-237.22999999999593,0,0,0,0,0,0,0.0071445168394340995,523.5250000000008,1
564.2900000000009,262.3700000000026,173.83000000000175,128.0899999999965,467.59857142857226,-544.7900000000009,0,0,0,0,0,0,0.007376237391715562,544.0190000000009,1
459.36999999999534,119.81999999999971,118.30999999999767,221.23999999999796,484.9300000000003,-633.2200000000012,0,0,0,1,0,0,0.007636108480516299,539.4010000000002,1
404.29999999999563,184.13000000000466,177.39999999999418,42.7699999999968,493.36500000000007,-322.3400000000038,0,0,0,0,0,0,0.0077923487100726345,528.9049999999995,1
469.6200000000026,254.94000000000233,151.3199999999997,63.36000000000058,509.48785714285725,-208.11999999999534,0,0,0,1,0,0,0.008014081480107259,478.35499999999956,0
737.4000000000015,585.2100000000064,36.18999999999505,116.0,536.4914285714289,-662.070000000007,0,0,0,0,0,1,0.008517110514512006,476.9019999999997,1
549.7699999999968,44.01000000000204,36.65999999999622,469.09999999999854,539.6499999999999,-450.9599999999991,0,0,0,0,0,0,0.00857382081167304,486.6759999999995,1
409.3700000000026,218.45999999999913,112.06999999999971,78.84000000000378,532.515,-779.7099999999991,0,0,0,0,0,0,0.008489656860127077,493.2809999999998,1
239.4300000000003,16.610000000000582,113.54000000000087,109.27999999999884,479.96571428571406,-569.9000000000015,0,0,0,1,0,0,0.007649571589975254,465.9229999999996,1
336.8600000000006,149.77999999999884,86.59999999999854,100.4800000000032,450.31785714285695,-980.010000000002,0,0,0,0,0,0,0.007194257493447174,446.5089999999997,1
283.3600000000006,15.540000000000873,87.23999999999796,180.58000000000175,438.2699999999999,-380.6599999999962,0,0,0,1,0,0,0.0070000916798463085,445.37699999999967,1
360.1900000000023,217.02999999999884,19.650000000001455,123.51000000000204,439.4750000000001,-114.72000000000116,0,0,0,1,0,0,0.006995015509285199,424.9669999999998,1
1106.8499999999985,864.5299999999988,71.0,171.3199999999997,481.8921428571427,-761.3700000000026,0,0,0,0,0,1,0.0077769971886341134,489.71500000000015,1
442.1100000000006,40.74000000000524,103.55999999999767,297.8099999999977,475.54285714285703,-734.7599999999948,0,0,0,0,0,0,0.007668887091464677,493.49600000000066,1
301.4400000000023,112.29999999999563,19.720000000001164,169.42000000000553,476.02571428571434,-471.51000000000204,0,0,0,0,0,0,0.0076626867000605635,476.6780000000006,1
353.9800000000032,124.94000000000233,93.47000000000116,135.5699999999997,461.00357142857166,-361.6100000000006,0,0,0,1,0,0,0.007405968962781546,438.3360000000008,1
477.1200000000026,350.81000000000495,118.45999999999913,7.849999999998545,462.2714285714293,-926.3199999999997,0,0,0,0,0,0,0.007467968441180973,431.0710000000014,1
465.9599999999991,17.889999999999418,133.4300000000003,314.6399999999994,466.6757142857153,-82.68000000000029,0,0,0,0,0,0,0.0075414902819393205,436.73000000000104,1
480.59999999999854,52.43000000000029,241.5,186.66999999999825,467.46000000000066,-182.62000000000262,0,0,0,0,0,0,0.007560804991367016,460.84700000000083,1
393.7199999999939,193.52000000000407,38.359999999993306,161.8399999999965,442.9114285714287,-489.09999999999854,0,0,1,0,0,0,0.007186217171183132,466.5330000000002,1
473.6299999999974,411.7299999999959,46.720000000001164,15.180000000000291,437.4728571428573,-200.7300000000032,1,0,0,0,1,0,0.007050687144467911,485.55999999999983,1
389.40000000000146,11.280000000006112,288.6999999999971,89.41999999999825,436.0464285714287,160.10000000000582,0,0,0,0,0,0,0.007026132634932156,488.48099999999977,1
320.5699999999997,61.950000000004366,179.0899999999965,79.52999999999884,441.8421428571429,239.7300000000032,0,0,0,0,0,0,0.0071126245875520805,409.8529999999999,1
242.4800000000032,94.58999999999651,27.340000000003783,120.55000000000291,435.10071428571456,390.1299999999974,0,0,0,0,0,0,0.006993290474959763,389.89000000000016,1
236.94000000000233,168.80999999999767,34.06999999999971,34.06000000000495,431.78500000000037,424.5200000000041,0,0,0,0,0,0,0.006957767558660471,383.44000000000017,1
307.2099999999991,80.12999999999738,65.31999999999971,161.76000000000204,428.0007142857144,91.34000000000378,0,0,0,0,0,0,0.006887886228494533,378.76299999999975,1
189.87000000000262,135.75999999999476,31.810000000004948,22.30000000000291,362.50214285714327,214.57999999999447,0,0,0,1,0,0,0.005820967415896643,350.0379999999997,1
188.42000000000553,32.36000000000058,32.68000000000029,123.38000000000466,344.38142857142935,118.54000000000087,0,0,0,0,0,0,0.0055331766464125414,322.2840000000004,1
265.25,161.38000000000466,27.900000000001455,75.96999999999389,341.7964285714292,-140.29000000000087,0,0,0,0,0,0,0.005506043881782637,300.74900000000054,1
821.9300000000003,229.9600000000064,514.5999999999985,77.36999999999534,375.221428571429,-206.7100000000064,0,0,0,0,0,0,0.006066511303186321,343.5700000000012,1
440.3199999999997,131.5699999999997,215.79999999999563,92.95000000000437,372.5928571428573,-411.8099999999977,0,0,1,0,0,0,0.00603620230936725,340.2390000000014,1
353.4599999999991,182.45000000000437,102.33999999999651,68.66999999999825,364.55714285714305,-362.61999999999534,0,0,0,0,0,0,0.005888252554279613,336.6450000000012,1
504.3199999999997,473.86999999999534,13.510000000002037,16.94000000000233,366.25142857142885,150.75999999999476,0,0,0,0,1,0,0.00587034244954176,355.0200000000012,1
399.0400000000009,145.8000000000029,37.25,215.98999999999796,366.63142857142935,458.820000000007,0,0,0,0,1,0,0.005862781239803646,370.67600000000095,1
508.2699999999968,362.09999999999854,34.88999999999942,111.27999999999884,369.105714285715,1045.9800000000032,0,0,0,0,1,0,0.005868391929467743,397.80900000000037,1
496.5199999999968,51.33999999999651,285.5199999999968,159.6600000000035,376.75714285714326,1222.8799999999974,0,0,0,0,0,0,0.00598509343410991,416.7400000000001,1
262.8899999999994,111.12999999999738,102.56999999999971,49.19000000000233,372.63714285714326,923.6100000000006,0,0,0,0,0,0,0.00593029121666184,424.0419999999998,1
233.11000000000058,65.15999999999622,54.29000000000087,113.66000000000349,371.9678571428573,510.33000000000175,0,0,0,0,0,0,0.00591359518106636,428.51099999999934,1
383.6499999999942,165.8199999999997,107.5,110.32999999999447,382.44714285714247,191.6099999999933,0,0,0,0,0,0,0.006097008001609872,440.35099999999875,1
228.63999999999942,3.9800000000032014,50.08999999999651,174.5699999999997,376.83499999999964,-176.4800000000032,0,0,0,0,0,0,0.00600813733632415,381.0219999999987,1
514.0300000000061,164.36000000000058,187.3199999999997,162.35000000000582,399.9892857142856,-393.3799999999974,0,0,0,0,0,0,0.006394112746162519,388.3929999999993,1
734.4799999999959,410.9100000000035,221.04999999999563,102.5199999999968,438.99357142857065,132.41999999999825,0,0,0,0,0,0,0.006971621138909134,426.494999999999,1
488.02999999999884,26.540000000000873,114.93000000000029,346.5599999999977,454.9064285714277,46.720000000001164,0,0,0,0,0,0,0.007226795998985621,424.8659999999989,1
455.56000000000495,141.49000000000524,258.7099999999991,55.36000000000058,428.7371428571423,81.18000000000029,0,0,0,0,0,0,0.0068261332573954095,430.5179999999993,1
449.9300000000003,166.97000000000116,137.13999999999942,145.8199999999997,429.42357142857094,-80.57999999999447,0,0,1,0,0,0,0.006855400205979115,424.6839999999996,1
512.1200000000026,447.6000000000058,26.239999999997963,38.279999999998836,440.75642857142833,533.9300000000003,0,0,0,0,1,0,0.006986175714163436,426.24400000000026,1
444.47000000000116,76.01000000000204,289.4800000000032,78.97999999999593,436.4814285714284,196.02999999999884,0,0,0,0,0,0,0.0069102135651036055,444.4020000000004,1
231.97000000000116,27.459999999999127,133.0199999999968,71.49000000000524,424.547857142857,249.01000000000204,0,0,0,0,0,0,0.006717934374570002,444.28800000000047,1
157.0500000000029,60.44000000000233,14.770000000004075,81.83999999999651,399.4607142857146,450.83000000000175,0,0,0,0,0,0,0.006314682888525394,421.62800000000135,1
202.43999999999505,34.48999999999796,88.48999999999796,79.45999999999913,378.4550000000002,584.9599999999991,0,0,1,0,0,0,0.005985830005939096,419.0080000000009,1
221.79000000000087,63.31999999999971,153.47000000000116,5.0,375.519285714286,71.91999999999825,0,0,1,0,0,0,0.005945361933055116,389.7840000000004,1
275.5500000000029,8.959999999999127,111.59999999999854,154.99000000000524,378.5507142857147,6.150000000001455,0,0,0,0,0,0,0.005992492330490429,343.8910000000011,1
347.6299999999974,115.90000000000146,42.279999999998836,189.4499999999971,375.97785714285783,-140.49000000000524,0,0,1,0,0,0,0.005962630771569546,329.8510000000009,1
1003.1399999999994,650.3300000000017,200.73999999999796,152.0699999999997,431.2992857142864,447.1900000000023,0,0,0,0,1,0,0.006770128344050021,384.6090000000004,1
366.17000000000553,208.0699999999997,91.88000000000466,66.22000000000116,420.73785714285776,688.6299999999974,0,0,0,0,0,0,0.006582897414968381,376.2330000000009,1
227.27999999999884,15.339999999996508,85.70000000000437,126.23999999999796,384.5092857142866,735.3899999999994,0,0,0,0,0,0,0.006017631872776196,347.74900000000054,1
343.76000000000204,110.67000000000553,142.45999999999913,90.62999999999738,374.2042857142868,836.9700000000012,0,0,0,0,0,0,0.005846229455070895,337.6780000000006,1
276.2299999999959,61.88999999999942,95.7699999999968,118.56999999999971,361.39500000000044,1013.9800000000032,0,0,0,0,0,0,0.005640655611203309,342.1040000000001,1
339.02999999999884,253.1999999999971,49.580000000001746,36.25,353.47357142857174,111.51000000000204,0,0,1,0,0,0,0.005538798879693335,360.3019999999997,1
219.0199999999968,119.29000000000087,27.419999999998254,72.30999999999767,332.53785714285704,22.470000000001164,0,0,0,0,0,0,0.005201084785905602,361.95999999999987,1
440.41999999999825,256.73999999999796,170.3199999999997,13.360000000000582,332.24857142857115,295.8899999999994,0,0,0,0,1,0,0.005175775729885987,383.8229999999996,1
398.8799999999974,147.34999999999854,107.27000000000407,144.25999999999476,344.1707142857137,332.7199999999939,0,0,0,0,0,0,0.0053492062899975585,396.15599999999904,1
241.09000000000378,17.55999999999767,108.45000000000437,115.08000000000175,350.17357142857094,286.73999999999796,0,0,0,1,0,0,0.005441159894048969,385.50199999999967,1
151.86000000000058,24.540000000000873,60.529999999998836,66.79000000000087,346.5607142857142,562.6299999999974,0,0,0,1,0,0,0.005383019204703332,300.3739999999998,1
355.6200000000026,140.33000000000175,191.94000000000233,23.349999999998545,356.12,303.8099999999977,0,0,0,0,0,0,0.005543581372744671,299.3189999999995,1
568.239999999998,195.61000000000058,229.1099999999933,143.52000000000407,377.02642857142826,240.7300000000032,0,0,0,1,0,0,0.005851382941379123,333.4149999999994,0
739.3300000000017,562.8999999999942,42.88000000000466,133.5500000000029,405.005,-468.0399999999936,0,1,0,0,0,0,0.00634083724320709,372.9719999999994,1
324.9599999999991,119.30999999999767,174.45999999999913,31.19000000000233,356.5635714285714,-364.6399999999994,0,0,0,0,0,0,0.005572021460077707,377.8449999999997,1
413.0400000000009,100.76000000000204,90.7300000000032,221.54999999999563,359.9114285714282,-292.01000000000204,0,0,0,0,0,0,0.0056158635472972574,385.2459999999999,1
347.1800000000003,311.52999999999884,29.30999999999767,6.3400000000037835,368.475714285714,-464.6599999999962,0,0,0,0,0,0,0.005777709183881465,398.06200000000024,1
276.86999999999534,21.169999999998254,184.86000000000058,70.83999999999651,363.6978571428564,-674.1600000000035,0,0,0,0,0,0,0.005704208123468467,381.707,1
280.0699999999997,126.95999999999913,116.75,36.36000000000058,363.9721428571424,13.64999999999418,0,0,0,0,0,0,0.005697201299517476,369.8260000000002,1
293.01000000000204,96.63999999999942,1.0200000000040745,195.34999999999854,360.754285714285,-204.27999999999884,0,0,0,0,0,0,0.005655563953976641,375.01800000000003,1
282.9599999999991,177.73999999999796,94.40999999999622,10.810000000004948,365.32142857142804,-123.55999999999767,0,0,0,0,1,0,0.005711289423000186,388.1279999999999,1
193.72999999999593,92.90999999999622,60.05999999999767,40.76000000000204,347.7007142857136,287.73999999999796,0,0,0,0,0,0,0.005427469123207411,371.9389999999992,1
199.9800000000032,54.25999999999476,51.85000000000582,93.87000000000262,333.49357142857116,357.7699999999968,0,0,0,0,0,0,0.005201300793647571,335.1129999999997,1
136.9499999999971,43.029999999998836,4.940000000002328,88.97999999999593,326.05499999999927,189.51000000000204,0,0,0,0,0,0,0.005088595291439918,274.87499999999926,1
317.6000000000058,107.95000000000437,197.51000000000204,12.139999999999418,337.8935714285711,181.6999999999971,0,0,0,0,0,0,0.005282129078190302,274.13899999999995,1
190.1800000000003,135.5,12.430000000000291,42.25,326.07642857142804,147.79999999999563,0,0,0,0,0,0,0.0050859968154683514,251.8529999999999,1
132.87000000000262,1.5400000000008731,46.55999999999767,84.77000000000407,294.97857142857123,44.19000000000233,0,0,0,0,0,0,0.0046013236150775775,230.4220000000001,1
135.79000000000087,1.5499999999956344,62.19000000000233,72.05000000000291,251.86857142857116,-10.719999999993888,0,0,0,0,0,0,0.003928901124853738,216.31400000000068,1
110.77999999999884,13.029999999998836,60.37000000000262,37.37999999999738,236.5699999999997,43.95999999999913,0,0,0,0,0,0,0.0036895114754302853,199.3850000000006,1
167.2699999999968,49.19000000000233,62.18000000000029,55.89999999999418,219.01499999999942,199.01000000000204,0,0,0,0,0,0,0.0034131386865863863,186.81100000000006,1
107.72000000000116,60.85000000000582,35.40999999999622,11.459999999999127,201.91071428571377,-5.709999999999127,0,0,0,0,0,0,0.0031495950869191228,169.28700000000026,1
170.3399999999965,112.05999999999767,47.69000000000233,10.589999999996508,194.30142857142815,110.47999999999593,0,0,0,0,0,0,0.003025662640495342,166.94800000000032,1
157.12999999999738,98.61000000000058,40.25,18.2699999999968,185.51999999999938,4.049999999995634,0,0,0,0,0,0,0.0028937460800206797,162.66299999999973,1
76.86999999999534,17.619999999995343,22.639999999999418,36.61000000000058,170.0121428571422,11.029999999998836,0,0,0,0,0,0,0.002651028733962885,156.65499999999957,1
53.16000000000349,8.400000000001455,26.06999999999971,18.69000000000233,153.5978571428568,-29.049999999995634,0,0,0,0,0,0,0.0023947594128588025,130.21099999999933,1
108.37000000000262,5.0200000000040745,44.44999999999709,58.900000000001455,147.50071428571442,27.260000000002037,0,0,0,0,0,0,0.0022998782596245063,122.02999999999956,1
108.15000000000146,57.48999999999796,28.840000000003783,21.81999999999971,140.9414285714286,-26.06999999999971,0,0,0,0,1,0,0.0021956318456460068,119.55799999999945,1
285.9599999999991,105.21999999999389,173.15000000000146,7.5900000000037835,151.58500000000018,186.45999999999913,0,0,0,0,0,0,0.002357570236805285,134.57499999999928,1
675.4300000000003,178.0,142.30999999999767,355.1200000000026,177.14428571428547,-9.909999999996217,0,1,0,0,0,0,0.002762668381051951,191.03999999999942,1
192.9499999999971,7.430000000000291,98.19999999999709,87.31999999999971,177.3421428571424,-10.160000000003492,0,0,0,0,0,0,0.0027653969788573405,193.60799999999944,1
250.11000000000058,140.13999999999942,91.30999999999767,18.660000000003492,185.71642857142797,134.97000000000116,0,0,0,0,1,0,0.0028896685915119715,207.84699999999938,1
120.04000000000087,11.669999999998254,73.45999999999913,34.91000000000349,184.59142857142797,87.34000000000378,0,0,0,1,0,0,0.002871718583580038,202.81699999999984,1
116.52999999999884,42.29000000000087,16.889999999999418,57.349999999998545,185.00214285714225,-60.18000000000029,0,0,0,0,0,0,0.002879995747885637,198.75699999999998,1
186.92000000000553,90.90999999999622,91.74000000000524,4.2700000000040745,186.4057142857143,207.29999999999563,0,0,0,1,0,0,0.0028977374756088297,209.762000000001,0
99.83000000000175,25.17000000000553,60.599999999998545,14.059999999997672,185.84214285714293,174.23999999999796,0,0,0,0,0,0,0.00289008987505362,214.42900000000083,1
295.0500000000029,148.56000000000495,77.23999999999796,69.25,194.7500000000005,-111.51000000000204,0,0,0,0,0,1,0.0030354938464032402,233.09700000000083,1
441.56000000000495,385.3099999999977,48.92000000000553,7.330000000001746,215.06642857142964,-506.15000000000146,0,0,0,0,0,1,0.00337237803832174,266.4380000000012,1
231.2899999999936,14.950000000004366,87.36999999999534,128.9699999999939,226.0964285714295,-449.04999999999563,0,0,0,0,0,0,0.0035445034022350557,260.97100000000063,1
369.67000000000553,292.47000000000116,51.520000000004075,25.68000000000029,248.70428571428678,-248.41999999999825,1,0,0,0,1,0,0.003881177250080943,230.39500000000118,1
110.11000000000058,51.349999999998545,12.650000000001455,46.11000000000058,248.82857142857236,-273.8399999999965,0,0,0,0,0,0,0.003886161223259508,222.11100000000152,1
215.89999999999418,152.63999999999942,16.439999999995052,46.81999999999971,256.52500000000043,23.80000000000291,0,0,0,0,0,0,0.003996874483884746,218.69000000000088,0
336.0899999999965,218.84999999999854,47.86000000000058,69.37999999999738,260.1057142857145,186.25,0,0,0,0,0,0,0.0040667456068966875,240.29500000000044,1
137.30999999999767,36.650000000001455,26.369999999995343,74.29000000000087,221.66857142857148,136.52999999999884,0,0,0,0,0,0,0.0034676659835460636,242.37300000000033,1
337.43999999999505,215.67000000000553,1.1599999999962165,120.6099999999933,232.01285714285717,-372.33000000000175,0,0,0,0,0,0,0.0036418584118085295,257.4249999999993,1
169.95999999999913,127.59999999999854,25.340000000003783,17.0199999999968,226.28785714285706,-195.13000000000466,0,0,0,0,0,0,0.0035449274683153277,264.437999999999,1
239.10000000000582,105.95999999999913,127.45000000000437,5.690000000002328,234.79214285714312,-241.12000000000262,0,0,0,0,0,0,0.0036720537172677866,258.8429999999993,1
293.58000000000175,21.840000000003783,66.16999999999825,205.5699999999997,247.43857142857192,-43.61000000000058,0,0,0,0,0,0,0.003871334816048295,244.044999999999,1
131.75,93.73999999999796,3.790000000000873,34.220000000001164,243.4978571428572,-102.59999999999854,0,0,0,0,0,0,0.0038152753868520724,234.0909999999996,1
220.13999999999942,139.95999999999913,28.260000000002037,51.919999999998254,252.09142857142848,255.0699999999997,0,0,0,0,0,0,0.003941247749401108,219.137999999999,1
178.37000000000262,20.99000000000524,114.79999999999563,42.580000000001746,243.75714285714275,148.3900000000067,0,0,0,0,0,0,0.003809737557912452,225.9639999999992,1
116.7300000000032,9.44999999999709,78.10000000000582,29.18000000000029,220.55499999999978,32.150000000001455,0,0,0,0,0,0,0.0034476570610183135,216.0470000000001,1
345.36999999999534,179.04999999999563,104.33000000000175,61.98999999999796,228.70357142857134,235.4499999999971,0,0,0,0,1,0,0.003565080826907684,216.975,1
147.09000000000378,19.419999999998254,70.29000000000087,57.38000000000466,212.80499999999978,309.7900000000009,0,0,0,0,0,0,0.00331825392840536,217.9530000000006,1
175.15999999999622,6.720000000001164,39.61000000000058,128.82999999999447,217.45142857142804,160.97000000000116,0,0,0,0,0,0,0.0033911447891792866,201.72500000000073,1
166.29000000000087,86.44999999999709,13.650000000001455,66.19000000000233,213.90785714285707,54.099999999998545,0,0,0,0,0,0,0.0033403916304144223,201.3580000000009,1
146.04000000000087,62.400000000001455,10.970000000001164,72.66999999999825,200.3328571428574,130.09999999999854,0,0,0,0,0,0,0.003125194234031908,192.05200000000042,1
138.70999999999913,88.75,48.94000000000233,1.0199999999967986,200.4328571428575,40.2300000000032,0,0,0,1,1,0,0.0031224326858077618,176.56500000000014,1
92.25,36.38999999999942,24.7699999999968,31.090000000003783,182.89571428571486,24.919999999998254,0,0,0,0,0,0,0.0028507727238051626,172.61500000000015,1
348.4800000000032,273.02999999999884,37.4800000000032,37.970000000001164,195.64714285714373,-239.77999999999884,0,0,0,0,0,1,0.003062559987795661,185.44900000000052,1
265.3099999999977,40.56999999999971,4.69999999999709,220.04000000000087,197.519285714286,-193.79000000000087,0,0,0,0,0,0,0.003093829840846784,194.14300000000003,1
194.63999999999942,92.68000000000029,38.59000000000378,63.36999999999534,190.45214285714297,-354.72000000000116,0,0,0,0,0,0,0.00298758722624578,201.93399999999966,1
874.2800000000061,273.90000000000146,380.0400000000009,220.34000000000378,243.49000000000055,-171.16999999999825,0,0,0,1,0,0,0.0038033379527173433,254.82500000000073,0
672.4800000000032,650.6599999999962,1.820000000006985,20.0,275.8000000000008,-787.1100000000006,0,1,0,0,0,1,0.004352256285088896,307.36400000000066,1
319.9499999999971,46.650000000001455,138.70999999999913,134.5899999999965,285.9128571428576,-558.9400000000023,0,0,0,0,0,1,0.004515036846552936,321.84300000000076,0
659.5899999999965,558.6800000000003,22.43000000000029,78.47999999999593,324.6885714285714,-1078.4100000000035,0,0,0,0,0,1,0.005173119534791153,371.17300000000034,1
297.16999999999825,129.18999999999505,96.05000000000291,71.93000000000029,321.2457142857144,-1112.439999999995,0,0,0,0,0,0,0.005128822808673668,386.28600000000006,1
437.66999999999825,118.34999999999854,113.54000000000087,205.77999999999884,342.00142857142833,-1266.2900000000009,0,0,0,0,0,0,0.005449892804425491,416.18199999999996,1
176.72000000000116,0.9599999999991269,80.55999999999767,95.20000000000437,342.11285714285725,-615.0999999999985,0,0,1,0,0,0,0.005451621539786294,424.6290000000001,1
314.6299999999974,186.0699999999997,70.47000000000116,58.08999999999651,352.7085714285713,-384.1999999999971,0,0,0,0,1,0,0.005603851063340588,421.2439999999995,1
353.01000000000204,211.98999999999796,81.67000000000553,59.349999999998545,367.4921428571428,388.25,0,0,0,1,1,0,0.00581909408080405,430.01399999999995,0
129.37999999999738,116.72000000000116,2.9099999999962165,9.75,366.8257142857141,400.8199999999997,0,0,0,0,0,0,0.0058192875280963854,423.4879999999997,0
293.5200000000041,225.88999999999942,52.94000000000233,14.690000000002328,381.202142857143,56.13999999999942,0,0,0,0,0,0,0.00606913815788591,365.4119999999995,1
265.3700000000026,36.62000000000262,228.75,0.0,375.26571428571435,92.22000000000116,0,0,0,1,0,0,0.005971142636878465,324.70099999999945,1
434.2199999999939,273.9800000000032,85.89999999999418,74.33999999999651,387.3307142857141,-368.0699999999997,0,0,0,0,0,1,0.006190128706842165,336.12799999999913,1
616.5999999999985,319.9099999999962,142.09000000000378,154.59999999999854,417.47071428571405,-900.4499999999971,0,0,0,0,0,0,0.006706102616603034,331.8289999999994,1
713.1200000000026,469.23999999999796,17.010000000002037,226.87000000000262,405.9592857142852,-314.99000000000524,0,0,0,1,0,0,0.0064724413071542836,373.4239999999998,1
418.5599999999977,173.3900000000067,196.65999999999622,48.50999999999476,387.82214285714196,-264.1600000000035,0,0,0,0,0,0,0.0062006134524707586,371.51299999999975,0
432.2700000000041,332.9100000000035,18.830000000001746,80.52999999999884,395.84499999999963,-630.2100000000064,0,0,0,0,0,1,0.006362396116518581,397.06800000000004,1
477.58000000000175,388.6100000000006,84.08999999999651,4.880000000004657,382.8442857142857,-743.489999999998,0,0,0,0,0,1,0.006192002755256499,413.36300000000045,1
285.40000000000146,121.29000000000087,85.08999999999651,79.02000000000407,382.00357142857166,-301.0599999999977,0,0,0,0,0,0,0.006166191370133825,406.60200000000043,1
308.73999999999796,248.9699999999939,16.260000000002037,43.51000000000204,372.7942857142859,-517.5699999999997,1,0,0,0,0,0,0.005993127502595683,424.53800000000047,1
282.97000000000116,72.58000000000175,50.080000000001746,160.30999999999767,380.3835714285716,-414.9599999999991,0,0,0,0,0,0,0.006122301824627292,423.4830000000002,1
327.9499999999971,132.26000000000204,23.919999999998254,171.7699999999968,381.33500000000015,-218.15999999999622,0,0,1,0,0,0,0.006150745070258516,429.74099999999964,1
339.4400000000023,154.44000000000233,168.72000000000116,16.279999999998836,380.3657142857145,14.009999999994761,0,0,1,0,0,0,0.006150521455446006,420.2630000000005,1
488.6200000000026,416.5699999999997,18.970000000001164,53.080000000001746,406.02571428571486,314.54999999999563,0,0,0,0,1,0,0.006520841107697315,407.4650000000009,1
408.9300000000003,216.77999999999884,118.94000000000233,73.20999999999913,414.269285714286,275.47000000000116,0,0,0,0,1,0,0.006630525819262538,377.0460000000006,1
189.34999999999854,25.75,89.90999999999622,73.69000000000233,408.8392857142857,323.6000000000058,0,0,0,0,0,0,0.006546203634207507,354.12500000000074,1
325.1499999999942,22.310000000004948,93.90999999999622,208.92999999999302,401.04857142857145,479.47000000000116,0,0,0,0,0,0,0.006419072603220054,343.4129999999997,1
299.0899999999965,15.970000000001164,43.299999999995634,239.8199999999997,378.3692857142856,649.3900000000067,0,0,0,0,0,0,0.006054661286919759,325.5639999999992,1
247.11999999999534,180.86000000000058,33.11999999999534,33.13999999999942,345.0835714285708,407.0500000000029,0,0,0,0,1,0,0.0055061050538362,321.7359999999986,1
186.20000000000437,16.599999999998545,140.13999999999942,29.460000000006403,328.4864285714284,174.31000000000495,0,0,0,0,0,0,0.0052429138106198595,309.48199999999923,1
220.06000000000495,102.53000000000611,50.419999999998254,67.11000000000058,313.3285714285713,93.7899999999936,0,0,0,0,0,1,0.005009393898282786,303.19099999999963,1
154.40999999999622,77.70000000000437,29.979999999995925,46.729999999995925,290.2449999999995,-6.810000000004948,0,0,1,0,0,0,0.004646087678667352,285.83699999999953,1
322.58000000000175,156.33000000000175,97.88999999999942,68.36000000000058,292.90071428571383,132.4300000000003,0,0,0,0,0,0,0.004677082706488368,284.1509999999995,1
218.9100000000035,76.9800000000032,44.25,97.68000000000029,286.48428571428565,-125.12000000000262,0,0,1,0,0,0,0.004580247064152967,257.17999999999955,1
307.5699999999997,176.42000000000553,112.0199999999968,19.12999999999738,288.2414285714284,70.95999999999913,0,0,0,0,0,0,0.004595365861329949,247.0439999999995,1
221.47999999999593,45.43999999999505,85.65000000000146,90.38999999999942,280.6364285714283,221.61000000000058,0,0,0,0,0,0,0.004470882237359462,250.25699999999924,1
1219.4300000000003,1130.0400000000009,25.729999999995925,63.66000000000349,343.49285714285674,1428.9600000000064,0,0,0,0,1,0,0.0053754918973589385,339.68499999999983,1
497.8600000000006,132.39999999999418,227.42000000000553,138.04000000000087,344.1528571428566,1144.3199999999997,0,0,1,0,0,0,0.005396869404887088,359.56200000000024,1
766.1800000000003,461.2299999999959,43.470000000001164,261.4800000000032,369.6707142857137,1690.989999999998,0,0,0,0,1,0,0.005754635624027573,411.46800000000076,1
790.6100000000006,470.8099999999977,218.87000000000262,100.93000000000029,412.61785714285674,1980.5599999999977,0,0,0,0,1,0,0.006376915285170029,471.9090000000004,1
296.91999999999825,6.419999999998254,156.75,133.75,410.60142857142847,1925.1700000000055,0,0,0,0,0,0,0.006346727807496478,479.5949999999997,1
508.07999999999447,113.27999999999884,0.0,394.79999999999563,425.6000000000001,680.9099999999962,0,0,0,0,0,0,0.006590203173672139,514.9619999999995,1
192.88999999999942,51.5199999999968,41.09000000000378,100.27999999999884,421.726428571429,760.2099999999991,0,0,1,0,0,0,0.00653543657639944,501.9929999999993,1
229.5,4.730000000003201,139.80999999999767,84.95999999999913,424.8192857142858,294.6600000000035,0,0,0,0,0,0,0.006582933616178247,503.05199999999894,1
186.13999999999942,27.7300000000032,19.459999999999127,138.9499999999971,422.39642857142826,-194.65000000000146,0,0,1,0,0,0,0.006547738260807863,490.9089999999989,1
389.0699999999997,114.0199999999968,235.17000000000553,39.87999999999738,439.1578571428571,-70.6400000000067,0,0,0,0,0,0,0.0067955488155524236,507.6679999999993,1
620.1999999999971,184.44000000000233,277.8099999999977,157.9499999999971,460.4164285714282,228.0699999999997,0,0,0,0,0,0,0.007104229219735786,447.744999999999,1
295.8600000000006,174.12000000000262,37.98999999999796,83.75,465.9128571428565,453.7099999999991,0,0,0,0,0,0,0.007169776312581564,427.544999999999,1
303.72000000000116,218.97000000000116,24.720000000001164,60.029999999998836,465.63785714285666,242.6999999999971,0,0,0,0,0,0,0.007188417355943565,381.29899999999907,1
220.15000000000146,150.88999999999942,33.830000000001746,35.43000000000029,465.54285714285703,113.95999999999913,0,0,0,0,0,1,0.0072038426624879,324.25299999999913,1
275.34999999999854,182.02999999999884,81.47000000000116,11.849999999998545,398.1085714285712,-182.02999999999884,0,0,0,0,0,0,0.006177751409416752,322.0959999999992,1
352.98999999999796,293.2900000000009,58.68000000000029,1.0199999999967986,387.76071428571385,-72.97000000000116,0,0,0,0,0,0,0.00598989514900198,306.58699999999953,1
180.40000000000146,35.76000000000204,104.15000000000146,40.48999999999796,345.91928571428537,-283.88000000000466,0,0,0,0,0,0,0.00534659235509727,305.33799999999974,1
360.4100000000035,190.9100000000035,21.18000000000029,148.3199999999997,315.19071428571414,114.88000000000466,0,0,0,0,0,0,0.004857232369872408,318.4290000000001,1
477.02999999999884,125.45000000000437,351.0199999999968,0.5599999999976717,328.0557142857142,142.6800000000003,0,0,0,0,0,0,0.005065173923442927,347.51800000000003,1
408.8600000000006,269.66999999999825,69.18000000000029,70.01000000000204,320.8978571428571,57.31000000000495,0,1,1,0,0,1,0.004975189887054483,349.4970000000001,1
244.63999999999942,218.25999999999476,26.380000000004657,0.0,324.6557142857143,-17.06999999999971,0,0,0,0,0,0,0.005016409687297903,311.9410000000004,1
279.26000000000204,99.3900000000067,154.9300000000003,24.939999999995052,328.21000000000015,-79.68000000000029,0,0,1,0,0,0,0.0050791295609023575,310.2810000000005,1
243.4300000000003,16.12999999999738,180.12000000000262,47.18000000000029,332.3021428571431,-287.22000000000116,0,0,1,0,0,0,0.005143694245448187,304.2520000000004,1
146.83000000000175,77.32999999999447,20.130000000004657,49.37000000000262,314.9992857142861,-86.08000000000175,0,0,0,0,0,0,0.0048700555792764305,296.9200000000004,1
671.5,417.98999999999796,110.02999999999884,143.4800000000032,318.663571428572,599.189999999995,0,0,0,0,1,0,0.004895075216099527,336.5350000000006,1
704.2099999999991,45.12000000000262,425.59999999999854,233.48999999999796,347.83142857142906,336.0400000000009,0,0,0,0,0,0,0.005346746673671467,371.6570000000007,1
469.6100000000006,281.1600000000035,129.38999999999942,59.05999999999767,359.6807142857147,715.8900000000067,0,0,0,0,0,0,0.005505157237308489,400.5780000000006,1
356.8000000000029,29.81999999999971,188.0300000000061,138.9499999999971,369.4414285714291,761.2799999999988,0,0,0,1,0,0,0.00565197021239982,400.21700000000055,0
686.6800000000003,299.11999999999534,46.650000000001455,340.9100000000035,398.82214285714355,383.1400000000067,0,1,0,0,0,1,0.006129691771962667,421.1820000000007,1
226.07000000000698,61.88999999999942,72.03000000000611,92.15000000000146,389.75642857142986,-94.81999999999971,0,0,0,0,0,0,0.005995884692177047,402.9030000000013,1
308.4599999999991,182.65999999999622,96.79000000000087,29.010000000002037,398.90357142857255,-234.22999999999593,0,0,0,0,0,0,0.006153967706669761,409.28500000000133,1
275.97000000000116,117.58999999999651,27.780000000006112,130.59999999999854,392.87214285714384,-397.1000000000058,0,0,0,0,0,0,0.006049945430475806,408.9560000000012,1
161.18999999999505,12.319999999999709,75.54000000000087,73.32999999999447,370.31214285714356,-439.6200000000026,0,0,0,0,0,0,0.005703651539683492,400.7320000000007,0
237.97000000000116,136.91999999999825,51.4800000000032,49.56999999999971,358.105714285715,-275.47000000000116,0,0,0,0,0,0,0.0055273028239994255,409.84600000000063,1
219.8199999999997,34.12000000000262,121.47000000000116,64.22999999999593,356.2714285714293,-183.23999999999796,0,0,0,0,0,0,0.005496255883670418,364.6780000000006,1
259.3199999999997,106.81999999999971,79.75999999999476,72.74000000000524,354.8471428571434,-105.06999999999971,0,0,0,0,0,0,0.005483187992380546,320.18900000000065,1
353.75,171.1600000000035,94.91000000000349,87.67999999999302,362.7271428571434,-399.0400000000009,0,0,0,0,0,0,0.005620270488120353,308.60300000000063,1
446.3799999999974,149.4300000000003,97.11999999999534,199.83000000000175,384.12357142857167,-234.86999999999534,0,0,0,1,0,0,0.005937859444583302,317.56100000000004,1
167.37000000000262,99.73999999999796,5.80000000000291,61.830000000001746,348.11428571428615,-197.63999999999942,0,0,0,0,0,0,0.005389527741525794,265.6300000000003,1
204.69000000000233,25.400000000001455,111.19000000000233,68.09999999999854,312.4342857142864,-255.9100000000035,0,0,0,0,0,0,0.00483907782802972,263.49199999999985,1
159.89999999999418,17.160000000003492,56.2699999999968,86.46999999999389,290.31214285714304,-130.5500000000029,0,0,0,1,0,0,0.004495044631265267,248.63599999999934,1
401.8799999999974,281.2700000000041,83.29999999999563,37.30999999999767,293.5321428571427,326.95000000000437,0,0,0,1,0,0,0.004525205220746367,261.22699999999895,0
347.07999999999447,146.37999999999738,53.169999999998254,147.52999999999884,269.27499999999935,28.43000000000029,0,0,0,0,0,0,0.004160678601233229,279.8159999999989,1
712.9799999999959,550.3300000000017,6.4099999999962165,156.23999999999796,304.0542857142843,-421.6900000000023,0,0,0,0,0,1,0.0047383227542300566,327.31699999999836,1
496.4699999999939,97.5,141.7899999999936,257.1800000000003,317.48357142856963,-493.679999999993,0,0,0,0,0,0,0.004955171272512775,354.9819999999978,1
178.11000000000058,33.13999999999942,59.919999999998254,85.05000000000291,310.4935714285696,-546.9199999999983,0,0,1,0,0,0,0.004848582450150615,346.8609999999979,1
201.66999999999825,118.88000000000466,59.55999999999767,23.229999999995925,313.3849999999984,-708.0699999999997,0,0,0,0,0,0,0.004884584097657678,331.6529999999977,1
191.33000000000175,35.7699999999968,21.910000000003492,133.65000000000146,310.05357142856985,-522.5900000000038,0,0,0,0,0,0,0.004829764205364876,306.14799999999815,1
399.54999999999563,291.1100000000006,4.529999999998836,103.90999999999622,322.89142857142673,-263.8600000000006,0,0,1,0,0,0,0.005052653340464092,329.3659999999974,1
528.0200000000041,421.75,101.17000000000553,5.099999999998545,342.0842857142842,256.7199999999939,1,0,0,0,1,0,0.005317823091858215,361.6989999999976,1
542.010000000002,162.84000000000378,323.02999999999884,56.13999999999942,355.53142857142717,451.16999999999825,0,0,0,0,0,0,0.005513039994793347,399.9099999999984,1
594.9599999999991,164.95999999999913,193.8199999999997,236.1800000000003,366.1442857142844,498.6399999999994,0,0,0,0,0,0,0.005662905706226857,419.2179999999986,0
391.66999999999825,230.62999999999738,11.419999999998254,149.62000000000262,382.1657142857127,231.31000000000495,0,0,0,0,0,0,0.005931696092438965,423.67699999999894,0
501.3799999999974,396.8099999999977,11.680000000000291,92.88999999999942,403.3578571428552,124.9800000000032,0,0,0,0,0,0,0.0062994841058507485,402.5169999999991,1
290.36999999999534,161.42000000000553,97.83999999999651,31.109999999993306,412.677142857141,-134.86999999999534,0,0,0,0,0,0,0.0064286928258566,381.90699999999924,1
164.36999999999534,31.489999999997963,35.970000000001164,96.90999999999622,395.71214285714086,-267.7300000000032,0,0,0,1,0,0,0.0061616818501784194,380.5329999999987,0
185.1999999999971,158.88999999999942,10.959999999999127,15.349999999998545,384.1492857142839,-594.6200000000026,0,0,0,0,0,0,0.005996524393236675,378.8859999999986,1
144.0699999999997,48.69000000000233,78.33000000000175,17.049999999995634,343.5128571428556,-318.0500000000029,0,0,0,1,0,0,0.005358205767722684,374.1599999999984,1
301.61999999999534,189.9300000000003,85.21999999999389,26.470000000001164,329.59499999999855,-109.0,0,0,0,0,0,1,0.005156262466501754,364.36699999999837,1
267.68999999999505,145.97000000000116,35.05999999999767,86.65999999999622,335.9935714285696,-417.6900000000023,0,0,0,0,0,1,0.005268394912460958,338.33399999999745,1
305.9300000000003,59.400000000001455,26.93000000000029,219.59999999999854,343.4407142857126,-387.3999999999942,0,0,0,1,0,0,0.005380211881992645,314.72599999999727,1
599.2700000000041,340.34999999999854,181.1600000000035,77.76000000000204,372.5792857142842,-569.5999999999985,0,0,0,0,0,0,0.0058680935733287755,315.15699999999777,1
276.02999999999884,62.18000000000029,109.59999999999854,104.25,363.7564285714273,-679.4499999999971,0,0,0,0,0,0,0.005734748692719974,303.59299999999786,1
250.79999999999563,80.37000000000262,155.30999999999767,15.119999999995343,343.9549999999981,-407.4800000000032,0,0,0,1,0,0,0.0054154355697704545,278.5349999999977,0
274.16999999999825,93.98999999999796,6.139999999999418,174.04000000000087,324.82357142856927,-353.98999999999796,0,0,0,0,0,0,0.005121677067140807,276.914999999998,0
683.1200000000026,637.5,0.0,45.62000000000262,331.12785714285513,-1050.3199999999997,0,0,0,0,0,1,0.005274102974494429,328.7899999999987,1
295.25,107.54000000000087,45.13000000000466,142.57999999999447,324.2407142857124,-601.3300000000017,0,0,0,0,0,0,0.0051555930888382605,339.794999999999,1
186.83000000000175,117.34999999999854,36.169999999998254,33.31000000000495,301.77285714285557,-657.6800000000003,0,0,1,0,0,0,0.004807401597399748,344.0709999999992,1
294.1399999999994,57.979999999995925,42.81999999999971,193.34000000000378,302.0421428571416,-683.2200000000012,0,0,0,0,0,0,0.004807245877918428,343.3229999999996,1
209.95999999999913,93.08000000000175,80.79999999999563,36.080000000001746,305.2985714285704,-495.4300000000003,0,0,0,0,1,0,0.004851715611990777,337.55,1
217.3000000000029,182.8199999999997,26.410000000003492,8.069999999999709,307.59142857142797,324.4699999999939,0,0,0,0,0,0,0.004874032670420452,328.68700000000024,1
305.9300000000003,123.90000000000146,57.33999999999651,124.69000000000233,319.1528571428566,352.4100000000035,0,0,0,0,0,0,0.00504641597216055,299.3529999999999,1
285.43999999999505,199.72000000000116,41.479999999995925,44.23999999999796,317.99714285714225,271.16999999999825,0,0,1,0,0,0,0.005044073269425444,300.2939999999995,1
653.1699999999983,51.229999999995925,28.470000000001164,573.4700000000012,345.5314285714282,262.23999999999796,0,0,0,0,0,0,0.0054765553202459774,340.5309999999998,1
448.49000000000524,27.450000000004366,346.25,74.79000000000087,355.7142857142857,192.76000000000204,0,0,0,0,0,0,0.005635643813006894,357.9630000000005,1
618.6600000000035,296.76000000000204,4.830000000001746,317.0699999999997,357.09928571428566,296.13000000000466,0,0,0,0,0,0,0.00563209619460194,351.51700000000056,1
417.8500000000058,119.81999999999971,127.78000000000611,170.25,367.22928571428616,292.36999999999534,0,0,0,0,1,0,0.005779876140998312,363.7770000000011,1
652.8300000000017,470.9499999999971,181.88000000000466,0.0,395.95000000000124,963.1299999999974,0,0,0,0,1,0,0.006186056648624347,410.37700000000115,1
507.5300000000061,223.27999999999884,128.33000000000175,155.92000000000553,412.61857142857326,1128.1300000000047,0,0,0,0,0,0,0.006424981924573442,431.7160000000018,0
292.8399999999965,103.12000000000262,10.919999999998254,178.79999999999563,384.7342857142872,992.0799999999945,0,0,0,0,0,0,0.006001089454189535,440.00400000000155,1
245.55999999999767,37.25,48.56999999999971,159.73999999999796,381.1850000000013,666.9099999999962,0,0,0,0,0,0,0.005949393206686827,442.830000000001,1
165.37000000000262,10.720000000001164,114.9800000000032,39.669999999998254,379.6521428571442,522.6200000000026,0,0,0,0,0,0,0.005926651106772536,428.77400000000125,0
234.54000000000087,117.16000000000349,55.23999999999796,62.13999999999942,375.39500000000146,-68.93000000000029,0,0,0,0,0,1,0.005871241979720352,423.68400000000184,0
130.5699999999997,42.19999999999709,30.639999999999418,57.7300000000032,369.72428571428725,-325.4300000000003,0,0,0,0,0,0,0.005786386431890039,371.42400000000197,1
131.63000000000466,22.139999999999418,85.69000000000233,23.80000000000291,363.60500000000167,-242.5899999999965,0,0,0,0,0,0,0.00569305671136555,339.73800000000193,1
123.72999999999593,48.049999999995634,49.93000000000029,25.75,350.5907142857156,-163.02999999999884,0,0,0,0,0,0,0.0054858478165123944,290.24500000000114,1
108.52000000000407,10.42000000000553,71.13999999999942,26.959999999999127,337.9535714285734,-139.79999999999563,0,0,0,0,0,0,0.0052872443106375105,259.312000000001,1
96.37000000000262,46.48999999999796,14.710000000006403,35.169999999998254,298.18214285714515,25.529999999998836,0,0,0,0,0,0,0.004661758283162418,203.66600000000108,1
82.50999999999476,39.049999999995634,13.029999999998836,30.43000000000029,272.0407142857158,28.87000000000262,0,0,0,0,0,0,0.0042556624970917336,161.16399999999993,1
77.0199999999968,7.260000000002037,27.339999999996508,42.419999999998254,233.35214285714392,46.70999999999913,0,0,0,0,0,0,0.0036509841820375403,139.58199999999997,1
61.83999999999651,11.340000000003783,31.39999999999418,19.099999999998545,207.92285714285754,16.9800000000032,0,0,0,0,0,0,0.0032525966233789456,121.20999999999985,1
59.89999999999418,30.719999999993888,27.610000000000582,1.569999999999709,165.56642857142808,37.359999999993306,0,0,0,0,0,0,0.0025887544060970036,110.66299999999902,1
73.54999999999563,1.4600000000064028,24.119999999995343,47.96999999999389,134.5678571428559,-8.610000000000582,0,0,0,0,0,0,0.002104107478696779,94.56399999999849,1
80.06999999999971,28.339999999996508,7.970000000001164,43.76000000000204,119.36999999999898,2.0899999999965075,0,0,0,0,0,0,0.0018673007281800034,89.51399999999849,1
36.919999999998254,24.099999999998545,12.119999999995343,0.7000000000043656,104.46714285714188,35.650000000001455,0,0,0,0,0,0,0.0016335623102480634,80.04299999999785,1
99.75,61.88000000000466,37.599999999998545,0.2699999999967986,99.80785714285594,87.86000000000058,0,0,0,0,1,0,0.0015591798413426001,77.64499999999825,1
217.10000000000582,150.58000000000175,60.76000000000204,5.760000000002037,98.562142857142,205.77000000000407,0,0,0,0,0,0,0.0015361501425870756,88.50299999999842,1
261.3199999999997,102.93000000000029,11.389999999999418,147.0,107.90142857142772,102.74000000000524,0,0,1,0,0,0,0.0016844443479043028,104.99799999999814,1
113.74000000000524,26.25,69.84999999999854,17.640000000006694,106.62357142857061,156.9800000000032,0,0,0,0,0,0,0.0016638230543748655,108.12099999999919,1
134.6999999999971,12.75,34.720000000001164,87.22999999999593,107.40714285714213,120.19999999999709,0,0,1,0,0,0,0.0016763844642449278,113.88899999999921,1
242.2300000000032,179.44000000000233,27.720000000001164,35.06999999999971,116.95785714285635,239.37999999999738,0,0,0,0,1,0,0.001820286908103808,131.92799999999988,1
229.75,182.3000000000029,17.56999999999971,29.87999999999738,126.48499999999902,272.97000000000116,0,0,0,0,1,0,0.0019629932663673927,148.91300000000047,1
226.4300000000003,26.400000000001455,170.36000000000058,29.669999999998254,136.76499999999942,405.3899999999994,0,0,0,0,0,0,0.00212160562878191,164.20100000000093,1
129.72000000000116,45.69000000000233,52.5199999999968,31.510000000002037,140.52928571428544,423.41999999999825,0,0,0,0,0,0,0.002178515565223029,169.16600000000108,1
246.5500000000029,136.77000000000407,57.900000000001455,51.87999999999738,153.72285714285732,576.9000000000015,0,0,0,0,1,0,0.0023778583174669152,190.12900000000155,1
233.1999999999971,30.389999999999418,123.11000000000058,79.69999999999709,166.10142857142895,428.84999999999854,0,0,0,0,0,0,0.002567998477634162,203.47400000000124,1
165.0699999999997,72.26000000000204,70.7699999999968,22.040000000000873,172.6385714285721,324.3899999999994,0,0,0,0,0,0,0.002665856043950115,198.27100000000064,1
136.15000000000146,38.38999999999942,11.900000000001455,85.86000000000058,176.64428571428653,331.91999999999825,0,0,0,0,0,0,0.0027262070467946858,185.75400000000081,1
148.95000000000437,59.43000000000029,77.56000000000495,11.959999999999127,184.64642857142982,229.5199999999968,0,0,0,0,0,0,0.0028522805025583717,189.27500000000072,1
35.81999999999971,14.059999999997672,15.769999999996799,5.990000000005239,180.05214285714413,75.01000000000204,0,0,0,0,0,0,0.0027819044231698923,179.387000000001,1
290.0300000000061,61.830000000001746,147.63999999999942,80.56000000000495,185.26142857142986,101.13000000000466,0,0,0,0,0,0,0.002859748943755409,184.16700000000128,0
230.0199999999968,115.75,20.479999999995925,93.79000000000087,183.02571428571537,-93.43000000000029,0,0,0,0,0,0,0.002830335984594548,184.19400000000095,1
193.91999999999825,6.5200000000040745,80.2699999999968,107.12999999999738,188.75285714285772,-122.09999999999854,0,0,0,0,0,0,0.0029185822529514765,180.94300000000075,1
150.31000000000495,2.6900000000023283,93.33000000000175,54.29000000000087,189.8678571428583,-58.55999999999767,0,0,0,0,0,0,0.002935592753731467,183.00200000000115,0
76.38999999999942,11.160000000003492,46.06999999999971,19.159999999996217,178.02214285714373,-56.520000000004075,0,0,0,0,0,0,0.0027529438586391284,165.9860000000008,1
111.26000000000204,4.220000000001164,65.59999999999854,41.44000000000233,169.55857142857244,-113.61000000000058,0,0,0,0,0,0,0.002621953266932005,153.79200000000128,0
118.5,8.030000000006112,28.639999999999418,81.82999999999447,161.8492857142867,-4.950000000004366,0,0,0,0,0,0,0.002503052248129534,149.1350000000013,0
235.40000000000146,196.50999999999476,12.010000000002037,26.880000000004657,169.39785714285816,-202.66999999999825,0,0,0,0,0,0,0.0026275405900106617,159.0600000000013,1
229.45999999999913,81.04999999999563,103.81000000000495,44.599999999998545,168.1771428571436,-127.09000000000378,0,0,0,0,0,0,0.0026053468123950125,167.1110000000008,1
201.8199999999997,113.90999999999622,51.13999999999942,36.770000000004075,165.93571428571522,-237.2699999999968,0,0,0,0,0,0,0.002575488555134638,183.71100000000078,1
192.72000000000116,34.29000000000087,0.0,158.4300000000003,167.91071428571533,-273.45000000000437,0,0,0,0,0,0,0.0026074975023152344,173.9800000000003,1
223.75,33.349999999998545,47.270000000004075,143.12999999999738,174.16785714285808,-232.0699999999997,0,0,0,0,0,0,0.0027032651154354826,173.3530000000006,1
254.51000000000204,109.87999999999738,72.83000000000175,71.80000000000291,181.7078571428579,73.32999999999447,0,0,0,0,0,0,0.0028152795851919587,179.412000000001,1
134.3199999999997,20.760000000002037,34.220000000001164,79.33999999999651,188.7435714285722,-28.029999999998836,0,0,0,0,0,0,0.002925225609274687,177.81300000000047,1
155.75999999999476,26.760000000002037,82.83999999999651,46.15999999999622,179.1528571428571,67.19999999999709,0,0,0,0,0,0,0.0027777346472776247,185.75,1
355.4499999999971,9.05000000000291,204.37999999999738,142.0199999999968,188.11214285714283,110.65000000000146,0,0,0,0,0,0,0.0029161960570666732,210.1689999999995,1
278.0200000000041,132.3000000000029,9.760000000002037,135.95999999999913,194.11928571428612,-55.0,0,0,0,0,0,0,0.0030155061106365818,226.12099999999992,1
124.76000000000204,29.799999999995634,16.080000000001746,78.88000000000466,192.2942857142859,-139.34999999999854,0,0,0,0,0,0,0.0029857460272604682,215.05699999999996,1
107.51000000000204,82.91000000000349,24.599999999998545,0.0,194.51714285714323,-35.73999999999796,0,0,0,0,0,0,0.0030163776087760823,202.86200000000025,1
236.90000000000146,122.12999999999738,29.540000000000873,85.2300000000032,203.4914285714289,-131.20999999999913,0,0,0,0,0,0,0.003161531851894077,206.37000000000043,1
567.4799999999959,262.0,235.61000000000058,69.86999999999534,235.56142857142862,115.19999999999709,0,0,0,0,0,0,0.0036452654635232497,243.84599999999992,1
219.72999999999593,49.330000000001746,57.15999999999622,113.23999999999796,234.4421428571425,301.6600000000035,0,0,0,0,0,0,0.003624906654669452,243.4439999999995,1
694.75,168.61000000000058,377.43999999999505,148.70000000000437,267.67714285714254,105.70000000000437,0,0,0,0,0,0,0.0041494027706975144,287.4679999999993,1
540.4100000000035,62.900000000001455,417.0699999999997,60.44000000000233,291.8621428571428,88.08000000000175,0,0,0,1,0,0,0.0045197333531316235,328.07699999999966,1
391.93999999999505,203.20999999999913,146.00999999999476,42.720000000001164,306.0921428571424,412.8000000000029,0,0,0,1,0,0,0.004725276150268293,351.6949999999997,1
274.04999999999563,36.900000000001455,51.23999999999796,185.90999999999622,309.6849999999992,193.08000000000175,0,0,0,1,0,0,0.004778036568484587,343.55499999999955,1
343.0699999999997,319.0500000000029,10.470000000001164,13.549999999995634,316.01071428571333,-182.02000000000407,0,0,0,0,0,1,0.00489989686199712,350.05999999999915,1
493.0400000000009,415.8000000000029,19.64999999999418,57.59000000000378,341.6335714285706,-430.1200000000026,0,0,0,0,0,1,0.005331386976785317,386.887999999999,1
470.9599999999991,224.60000000000582,89.07999999999447,157.27999999999884,364.1478571428566,-719.7700000000041,0,0,1,0,0,0,0.005702702831492896,423.2329999999987,1
420.65000000000146,357.1299999999974,36.12999999999738,27.390000000006694,368.8049999999998,-563.5800000000017,1,0,0,0,0,0,0.005743370141483074,441.6079999999987,1
483.9300000000003,219.25,90.79999999999563,173.88000000000466,383.51285714285666,-819.9499999999971,0,0,1,0,0,0,0.005992919328053855,433.25299999999913,1
275.5400000000009,141.9499999999971,88.12000000000262,45.470000000001164,394.2828571428566,-359.6599999999962,0,0,0,0,0,0,0.006147828366356906,438.83399999999966,1
265.5,116.05999999999767,107.05000000000291,42.38999999999942,405.56785714285644,169.37999999999738,0,0,0,0,0,0,0.006312432542092545,395.90899999999965,1
813.6999999999971,683.2999999999956,85.18000000000029,45.220000000001164,446.7678571428561,1075.7099999999991,0,0,0,0,1,0,0.006880653609674638,423.23799999999903,1
411.9799999999959,344.16999999999825,16.18000000000029,51.62999999999738,435.66071428571325,374.23999999999796,0,0,1,0,0,0,0.006745197647091907,425.2419999999991,1
571.5499999999956,310.38000000000466,113.58999999999651,147.57999999999447,460.79071428571325,284.4099999999962,0,0,1,0,0,1,0.007168633272614138,454.9919999999991,1
509.3600000000006,66.26000000000204,166.23999999999796,276.8600000000006,447.5485714285704,212.97000000000116,0,0,0,0,0,0,0.006955273839874654,471.6209999999992,1
1304.0399999999936,1185.9400000000023,107.6299999999901,10.470000000001164,502.0935714285697,1288.9600000000064,0,0,0,0,1,0,0.007661103759749984,552.7209999999984,1
315.0300000000061,85.60000000000582,49.720000000001164,179.70999999999913,496.59999999999906,521.4000000000015,0,0,0,0,0,0,0.007587190817390695,537.1279999999991,1
323.5899999999965,80.48999999999796,77.48999999999796,165.61000000000058,500.1385714285706,943.0400000000009,0,0,0,0,0,0,0.007632053977068836,527.4219999999987,1
615.25,333.3099999999977,229.75,52.19000000000233,519.5799999999991,919.260000000002,0,0,0,0,0,1,0.007969262860823938,540.5539999999986,1
239.70999999999913,99.58999999999651,33.13999999999942,106.9800000000032,501.48499999999905,751.75,0,1,0,0,0,0,0.007703491944502461,536.9709999999984,1
391.5,226.8399999999965,71.28000000000611,93.37999999999738,495.8092857142848,-210.93000000000757,0,0,0,0,0,0,0.007589642914054258,549.5709999999984,1
184.83000000000175,85.75,74.51000000000204,24.56999999999971,478.9649999999991,-210.7699999999968,0,0,0,0,0,0,0.007341399244194454,486.68399999999895,1
202.37000000000262,140.05999999999767,1.860000000000582,60.450000000004366,458.8535714285707,-430.4499999999971,0,0,0,0,0,0,0.007048347762918847,465.7229999999996,1
156.12999999999738,104.31000000000495,27.439999999995052,24.37999999999738,450.3242857142847,8.12000000000262,0,0,0,0,0,0,0.006906165950593053,424.18099999999976,1
447.11000000000786,311.0900000000038,28.35000000000582,107.66999999999825,463.2964285714282,418.3199999999997,0,0,0,0,0,0,0.007071422814991779,417.9560000000005,1
431.84999999999854,319.3600000000006,103.0399999999936,9.450000000004366,436.02142857142826,-130.5399999999936,0,0,1,0,0,0,0.0066877991024283994,330.737000000001,1
331.1999999999971,164.51000000000204,93.13999999999942,73.54999999999563,430.25142857142833,121.41999999999825,0,0,0,0,0,0,0.0065824850113592945,332.3540000000001,1
194.84000000000378,148.5,32.72000000000844,13.619999999995343,403.3435714285718,412.2299999999959,0,0,0,0,0,0,0.00615668578389012,319.47900000000084,1
267.25,41.470000000001164,182.56000000000495,43.21999999999389,386.0500000000003,266.25999999999476,0,0,1,0,0,0,0.005896379511482557,284.6790000000008,1
458.26000000000204,231.1999999999971,196.90000000000873,30.159999999996217,325.6371428571438,181.06999999999243,0,0,0,0,0,0,0.004956592038440621,306.53400000000113,1
365.09999999999127,170.17999999999302,76.86000000000058,118.05999999999767,329.2135714285713,671.3999999999942,0,0,0,0,0,0,0.004998084370753475,303.89400000000023,1
394.1100000000006,267.570000000007,66.08999999999651,60.44999999999709,334.2507142857144,775.5400000000009,0,0,0,0,1,0,0.005053791035005338,324.8220000000001,1
240.08000000000175,40.520000000004075,134.41999999999825,65.13999999999942,307.4528571428574,665.2300000000032,0,0,0,0,0,0,0.004645823748391013,328.593,1
225.17999999999302,59.35000000000582,70.75999999999476,95.06999999999243,306.41499999999985,765.1200000000026,0,0,0,0,0,0,0.004626004906586146,335.4979999999996,1
258.9400000000023,93.64999999999418,144.9499999999971,20.34000000001106,296.94642857142856,446.0300000000134,0,0,1,0,0,0,0.004489405489000008,316.680999999999,1
218.9600000000064,156.8399999999965,17.35000000000582,44.770000000004075,299.384285714286,432.72000000000116,0,0,0,0,0,0,0.004515554453888415,295.3919999999998,1
386.3999999999942,202.13000000000466,97.8299999999872,86.44000000000233,312.52928571428544,364.9600000000064,0,0,0,0,0,0,0.004699436221458268,300.9119999999995,1
501.25,223.61000000000058,40.19999999999709,237.44000000000233,337.1807142857142,548.7799999999988,0,0,0,0,0,0,0.005053129294610754,331.55299999999914,1
318.5599999999977,76.1299999999901,115.13000000000466,127.30000000000291,327.99857142857064,565.7299999999959,0,0,0,1,0,0,0.004909920844075513,336.68399999999895,0
316.6900000000023,154.8000000000029,0.0,161.88999999999942,319.8435714285702,503.61999999999534,0,0,0,0,0,0,0.004799037613876395,322.52699999999896,1
314.52999999999884,142.97999999999593,90.75,80.80000000000291,318.6528571428561,203.65000000000873,0,0,0,0,0,0,0.0047914610230261135,317.4699999999997,1
592.6000000000058,327.8100000000122,34.80999999999767,229.97999999999593,347.0642857142848,-327.0600000000122,0,0,0,0,0,1,0.0052445238607216485,337.31900000000024,1
267.5599999999977,105.02000000000407,46.35000000000582,116.18999999998778,347.08642857142746,-445.33000000000175,0,0,0,0,0,0,0.005236528478435966,340.06699999999984,1
246.30999999999767,122.4200000000128,65.94999999999709,57.939999999987776,331.94714285714144,-397.5199999999895,0,0,0,0,0,0,0.004998774094232882,342.1800000000003,1
143.68000000000757,40.66000000000349,60.19000000000233,42.830000000001746,316.13142857142833,-281.63000000000466,0,0,0,0,0,0,0.004763468246246499,330.6540000000008,1
130.1600000000035,24.30999999999767,15.75,90.10000000000582,297.2778571428571,-163.52000000000407,0,0,0,0,0,0,0.004481071333822581,321.7740000000005,1
186.67999999999302,81.36000000000058,3.7299999999959255,101.58999999999651,293.4635714285708,82.93000000000757,0,0,0,0,0,0,0.004429007722198841,301.8020000000004,1
351.0599999999977,254.61000000000058,25.419999999998254,71.02999999999884,302.45499999999964,231.02000000000407,0,0,0,0,1,0,0.004547320215056345,286.7830000000002,1
215.38999999999942,67.24000000000524,123.58999999999651,24.55999999999767,299.34428571428515,174.11000000000058,0,0,0,1,0,0,0.004496021252600039,276.46600000000035,0
386.38000000000466,190.2899999999936,46.029999999998836,150.06000000001222,311.30285714285645,22.930000000007567,0,0,0,0,0,0,0.004689091209486073,283.43500000000057,1
246.0399999999936,119.58999999999651,105.84999999999127,20.60000000000582,301.27714285714217,-72.19999999999709,0,0,0,0,0,0,0.004546303118779364,276.58600000000007,1
207.6600000000035,110.63000000000466,65.02000000000407,32.00999999999476,280.3064285714281,-101.90000000000873,0,0,0,0,0,0,0.004236953619669476,238.0919999999998,1
241.91999999999825,174.5899999999965,53.41000000000349,13.919999999998254,274.83214285714246,-183.04000000000815,0,0,0,1,0,0,0.004143421336925424,235.52799999999988,0
448.97000000000116,399.08000000000175,3.5199999999895226,46.370000000009895,284.21000000000015,-647.6600000000035,0,0,0,0,0,1,0.004310642939651911,255.79400000000024,1
200.50999999999476,45.470000000001164,46.38000000000466,108.65999999998894,276.06571428571414,-502.0600000000122,0,0,0,0,0,0,0.004190007969527592,261.47699999999895,1
284.2399999999907,96.97999999999593,38.25,149.00999999999476,254.0399999999988,-475.40000000000873,0,0,0,0,0,0,0.0038611893022379032,276.88499999999766,1
327.0599999999977,144.72999999999593,182.33000000000175,0.0,258.28999999999877,-220.16999999999825,0,0,0,0,0,0,0.00391720203581063,290.9229999999981,1
242.5,60.74000000000524,97.02000000000407,84.73999999999069,258.0178571428561,-453.1399999999994,0,0,0,0,0,0,0.003916683295877295,280.06699999999836,1
231.31999999999243,127.1700000000128,66.76999999998952,37.379999999990105,264.277857142855,74.19000000000233,0,0,0,0,0,0,0.004003824740238704,281.6599999999977,1
188.34000000001106,32.529999999998836,37.11000000000058,118.70000000001164,268.43357142856985,86.39000000001397,0,0,0,0,0,0,0.004068835532870758,261.8559999999983,1
483.77999999999156,389.3999999999942,2.3699999999953434,92.01000000000204,289.6571428571421,-211.92999999999302,0,0,0,0,0,0,0.004416766294052282,285.6299999999981,1
418.86999999999534,327.08000000000175,21.839999999996508,69.94999999999709,294.5007142857134,-25.229999999995925,0,0,0,0,0,0,0.004468079996882417,306.7509999999973,1
626.3699999999953,153.86000000000058,256.9899999999907,215.52000000000407,323.8564285714274,-119.81999999999243,0,0,0,0,0,0,0.004925063697920631,345.195999999997,1
341.91999999999825,256.1000000000058,85.81999999999243,0.0,320.68071428571267,5.610000000000582,0,0,0,0,0,0,0.004857918387602984,334.4909999999967,1
488.25999999999476,194.4600000000064,169.11999999999534,124.67999999999302,337.9821428571413,225.36999999999534,0,0,0,0,0,0,0.005105590748923106,363.2659999999967,1
350.8999999999942,207.0399999999936,54.13999999999942,89.72000000000116,348.2135714285692,411.47000000000116,0,0,0,0,0,0,0.005276543623261728,369.93199999999706,1
355.59999999999127,141.1999999999971,57.919999999998254,156.47999999999593,356.3335714285687,-61.220000000001164,0,0,0,0,0,0,0.005411216296272986,372.7859999999964,1
277.72000000000116,38.330000000001746,36.029999999998836,203.36000000000058,344.10142857142586,132.13999999999942,0,0,0,0,0,0,0.005222445960906729,376.3079999999965,1
207.31999999999243,10.319999999992433,64.02000000000407,132.97999999999593,344.58785714285426,-122.53000000001339,0,0,0,0,0,0,0.005229789620927883,373.90799999999655,1
255.5899999999965,148.65000000000873,66.00999999999476,40.929999999993015,342.5414285714261,-159.77999999999884,0,0,0,0,0,0,0.00518698333024059,380.6329999999951,1
154.81999999999243,25.229999999995925,7.830000000001746,121.75999999999476,330.2385714285686,22.729999999995925,0,0,0,0,0,0,0.005002442176486339,347.7369999999952,1
313.6499999999942,62.38999999999942,41.14999999999418,210.11000000000058,335.320714285711,225.4100000000035,0,0,0,1,0,0,0.005074747860326247,337.21499999999503,1
267.0899999999965,56.129999999990105,204.22000000000116,6.740000000005239,337.8757142857113,131.47000000000116,0,0,0,0,0,0,0.00511774638003174,301.28699999999515,1
460.5500000000029,229.67999999999302,159.1600000000035,71.7100000000064,357.31928571428216,-100.10999999998603,0,0,0,0,0,1,0.005431265830294068,313.14999999999566,0
202.52999999999884,9.44999999999709,22.630000000004657,170.4499999999971,337.22785714285317,-258.7700000000041,0,0,0,0,0,0,0.005126610232137104,284.576999999996,0
247.83000000000175,155.06999999999243,9.290000000008149,83.47000000000116,325.0107142857108,-390.5599999999977,0,0,0,0,0,0,0.004952551009756978,274.2699999999968,1
150.6999999999971,51.60999999998603,74.44000000000233,24.65000000000873,291.0342857142823,-502.75999999999476,0,0,0,0,0,0,0.004438286427203556,253.7799999999974,1
228.09000000000378,79.4600000000064,100.25,48.37999999999738,282.9035714285684,-366.72000000000116,0,0,0,0,0,0,0.004309027739774694,248.81699999999765,1
207.44000000000233,102.86000000000058,35.770000000004075,68.80999999999767,262.8449999999975,-32.85000000000582,0,0,0,0,0,0,0.003997249244066744,248.82899999999864,0
452.48999999999796,356.1400000000067,3.2999999999883585,93.05000000000291,270.10142857142637,-381.3199999999997,0,0,0,0,0,0,0.004130081568624916,268.51899999999875,1
258.59999999999127,195.4300000000003,34.00999999999476,29.159999999996217,263.1728571428549,-30.020000000004075,0,0,0,1,0,0,0.004012093886320336,278.8969999999987,1
158.75999999999476,9.710000000006403,113.51999999998952,35.529999999998836,254.67571428571162,31.839999999996508,0,0,0,1,0,0,0.0038819316011547158,263.4079999999987,1
209.0799999999872,108.5,45.58999999999651,54.98999999999069,254.80142857142553,55.89999999999418,0,0,0,1,0,0,0.003877690129727267,257.6069999999978,0
209.44000000000233,182.52999999999884,1.4700000000011642,25.44000000000233,251.50499999999738,-230.36000000000058,0,0,0,0,0,0,0.0038382409698973032,232.49599999999774,0
620.4300000000003,397.1499999999942,31.889999999999418,191.3900000000067,284.76285714285507,-271.1599999999962,0,0,0,0,0,1,0.004372396463222706,274.2859999999979,0
377.4599999999991,289.77999999999884,62.75,24.93000000000029,289.3207142857126,-757.2900000000009,0,0,0,0,0,0,0.004462236638705205,287.24899999999764,1
402.2900000000009,23.639999999999418,310.77999999999884,67.87000000000262,298.9778571428557,-744.9500000000044,0,0,0,0,0,0,0.004609554991482572,312.40799999999797,1
310.5500000000029,57.13999999999942,64.30999999999767,189.10000000000582,288.26357142857006,-796.5799999999945,0,0,0,0,0,0,0.0044407672888465664,320.6539999999979,1
270.6800000000003,223.20000000000437,0.0,47.479999999995925,293.1314285714273,-835.3700000000026,0,0,0,0,0,0,0.004531273387372401,326.9779999999977,1
243.49000000000524,74.21999999999389,145.60000000000582,23.67000000000553,292.82142857142753,-511.6100000000006,0,0,0,0,0,0,0.004531731071524728,306.07799999999844,1
279.52999999999884,192.6800000000003,82.16999999999825,4.680000000000291,302.0235714285705,-29.139999999999418,0,0,0,0,0,0,0.004660249162355818,308.1709999999992,1
246.4100000000035,28.739999999997963,66.4800000000032,151.19000000000233,303.33214285714195,-80.59999999999854,0,0,0,0,0,0,0.004682506922014681,316.93600000000004,1
371.75999999999476,313.4799999999959,48.45999999999913,9.819999999999709,315.06928571428426,177.61999999999534,0,0,0,0,1,0,0.004840470674723601,333.2040000000008,1
208.95999999999913,21.409999999996217,48.7300000000032,138.8199999999997,297.67428571428434,421.27999999999884,0,0,0,0,0,0,0.0045717255541186455,333.1560000000005,1
214.90999999999622,23.139999999999418,38.95999999999913,152.80999999999767,294.55357142857036,520.0499999999956,0,0,0,0,0,0,0.004522142129542646,292.6040000000001,1
174.77999999999884,93.77000000000407,32.229999999995925,48.779999999998836,295.6978571428564,233.62999999999738,0,0,0,0,0,0,0.00454625392792354,272.33600000000007,1
361.7099999999991,124.0199999999968,15.470000000001164,222.22000000000116,306.6000000000001,144.76000000000204,0,0,1,0,0,0,0.004722399607421654,268.2779999999999,1
240.20000000000437,98.02999999999884,100.17000000000553,42.0,308.7971428571431,-68.25,0,0,0,0,0,0,0.004749090126463275,261.24300000000005,1
268.61999999999534,39.30999999999767,72.16999999999825,157.13999999999942,283.66785714285703,-50.0199999999968,0,0,0,0,0,0,0.004359962145997004,261.0369999999995,1
395.0400000000009,336.40000000000146,10.730000000003201,47.90999999999622,284.92357142857145,262.9300000000003,0,0,0,0,1,0,0.004356710804522217,276.1919999999991,1
211.75,141.8000000000029,20.75,49.19999999999709,271.3135714285714,214.9100000000035,0,0,0,0,0,0,0.00415761636956298,269.4139999999992,1
155.59999999999854,3.610000000000582,84.83999999999651,67.15000000000146,260.2457142857139,328.5199999999968,0,0,0,0,0,0,0.003988248140790067,260.3329999999987,1
246.95999999999913,165.66999999999825,46.720000000001164,34.56999999999971,258.5514285714281,398.4300000000003,0,0,0,0,0,0,0.003952128207697645,247.85299999999916,1
448.83000000000175,33.36999999999534,306.47000000000116,108.99000000000524,273.2185714285707,392.3099999999977,0,0,0,1,0,0,0.004174187634528127,271.8399999999994,0
210.62999999999738,201.34000000000378,8.279999999998836,1.0099999999947613,268.2971428571421,-147.58000000000175,0,0,0,0,0,1,0.0041117579884682905,271.4119999999995,0
380.29999999999563,182.90000000000146,24.369999999995343,173.02999999999884,277.86071428571296,-189.75,0,0,0,0,0,1,0.004270362037518305,291.9639999999992,0
255.11000000000058,165.25,38.5199999999968,51.34000000000378,269.5285714285705,-350.5599999999977,0,0,0,0,0,0,0.004152817521715939,281.30399999999935,1
258.7900000000009,124.15000000000146,31.650000000001455,102.98999999999796,273.0878571428563,-394.41999999999825,0,0,0,1,0,0,0.00419964659183535,283.162999999999,0
400.7900000000009,311.9300000000003,60.770000000004075,28.089999999996508,286.3649999999995,-739.8499999999985,0,0,0,0,0,1,0.004425054307800753,296.37999999999954,0
899.3899999999994,616.3099999999977,37.99000000000524,245.0899999999965,338.12285714285673,-1156.449999999997,0,0,0,0,0,1,0.005275359637768409,346.81499999999943,1
490.7099999999991,108.94000000000233,38.529999999998836,343.23999999999796,347.3371428571424,-1079.2799999999988,0,0,0,0,0,0,0.0054281631821910025,374.71099999999933,1
479.5899999999965,39.37999999999738,237.34999999999854,202.86000000000058,364.4364285714276,-879.3300000000017,0,0,0,0,0,0,0.005692251308257978,407.1099999999991,1
326.5400000000009,130.95999999999913,118.0199999999968,77.56000000000495,368.5735714285708,-1138.5599999999977,0,0,0,0,0,0,0.005769073255870027,415.0679999999993,1
300.73999999999796,227.97000000000116,22.369999999995343,50.400000000001455,361.8378571428563,-598.6299999999974,0,0,0,0,0,0,0.0056435026598401095,400.25899999999893,1
173.15000000000146,95.43000000000029,20.0,57.720000000001164,359.08071428571355,117.66999999999825,0,0,0,0,0,0,0.0055920757119216746,396.51099999999934,0
165.3199999999997,46.54000000000087,27.830000000001746,90.94999999999709,359.77499999999935,175.27999999999884,0,0,0,0,0,0,0.0056071816811024905,375.01299999999975,1
162.08000000000175,57.60000000000582,64.68000000000029,39.799999999995634,353.7121428571424,82.2699999999968,0,0,0,0,0,0,0.005517654998464133,365.70999999999987,0
91.87999999999738,24.30999999999767,50.31999999999971,17.25,328.21571428571355,195.13999999999942,0,0,0,0,0,0,0.005121730692034304,349.0189999999995,1
89.87999999999738,19.43000000000029,53.0,17.44999999999709,319.59071428571355,-15.87000000000262,0,0,0,0,0,0,0.004985817686714836,317.92799999999914,0
52.44000000000233,15.380000000004657,18.25,18.80999999999767,296.1721428571426,-128.13999999999942,0,0,0,0,0,0,0.004621603657825954,233.23299999999944,0
160.0,78.2300000000032,35.12999999999738,46.63999999999942,289.3785714285711,-157.22000000000116,0,0,0,0,0,0,0.004521114204842436,200.16199999999952,1
159.2699999999968,2.9400000000023283,87.77999999999884,68.54999999999563,282.2699999999994,-95.65999999999622,0,0,0,0,0,0,0.004409789366825664,168.12999999999957,1
92.80999999999767,30.360000000000582,30.279999999998836,32.169999999998254,260.27142857142775,-104.31999999999971,0,0,0,0,0,0,0.004068098163550305,144.75699999999924,1
85.22999999999593,37.75,22.7699999999968,24.709999999999127,202.11714285714177,-84.37999999999738,0,0,0,0,0,0,0.0031573117490639275,123.20599999999904,1
132.09000000000378,100.5199999999968,26.950000000004366,4.620000000002619,176.50142857142782,32.80999999999767,0,0,0,0,0,0,0.0027527984905651184,119.09999999999927,1
226.12999999999738,153.61000000000058,24.709999999999127,47.80999999999767,158.39714285714217,-48.11000000000058,0,0,0,0,0,1,0.002476583710932785,125.18099999999905,1
108.30000000000291,12.059999999997672,46.650000000001455,49.59000000000378,142.8085714285709,-66.13999999999942,0,0,0,0,0,0,0.002233347878862395,119.80299999999916,1
49.55999999999767,3.0500000000029104,33.5,13.009999999994761,124.8671428571423,-37.9800000000032,0,0,0,0,0,0,0.0019528594688973746,115.57099999999919,1
219.11000000000058,131.51000000000204,3.9800000000032014,83.61999999999534,128.14999999999938,-206.4100000000035,0,0,0,0,0,0,0.0020083320312738653,128.49399999999952,1
202.33000000000175,132.99000000000524,17.5199999999968,51.81999999999971,130.79357142857094,-170.67999999999302,0,0,0,0,0,0,0.0020453622248468827,143.48299999999944,1
83.04000000000087,51.919999999998254,9.020000000004075,22.099999999998545,125.14785714285661,35.5,0,0,0,0,1,0,0.001955636331717489,135.78699999999952,1
79.31999999999971,0.11000000000058208,55.599999999998545,23.610000000000582,124.25071428571391,49.580000000001746,0,0,0,0,0,0,0.0019416206741286026,127.79199999999983,1
87.81000000000495,54.01000000000204,8.230000000003201,25.56999999999971,124.1028571428573,106.90000000000146,0,0,0,0,0,0,0.0019376669113731764,127.29200000000056,1
172.94000000000233,56.69999999999709,99.97000000000116,16.270000000004075,132.71000000000018,297.47000000000116,0,0,0,0,0,0,0.0020701443719402576,136.06300000000118,1
104.76000000000204,36.23999999999796,16.580000000001746,51.94000000000233,128.76428571428602,194.23999999999796,0,0,0,0,0,0,0.0020075301032073424,133.330000000001,1
115.65999999999622,19.43000000000029,76.91999999999825,19.30999999999767,125.64928571428598,125.22000000000116,0,0,0,0,0,0,0.0019596374114342723,122.2830000000009,1
130.65000000000146,21.7300000000032,40.69000000000233,68.22999999999593,128.3521428571434,146.55999999999767,0,0,0,0,0,0,0.00200112913961994,124.51800000000075,1
176.36000000000058,64.55999999999767,93.83999999999651,17.960000000006403,134.86142857142946,157.22000000000116,0,0,0,0,1,0,0.0021004885861542334,137.19800000000106,1
183.3000000000029,157.4300000000003,23.450000000004366,2.4199999999982538,138.5242857142865,258.0699999999997,0,0,0,0,1,0,0.0021521775785874977,133.61700000000127,1
60.63999999999942,35.50999999999476,17.330000000001746,7.80000000000291,126.70357142857236,186.36000000000058,0,0,0,0,0,0,0.001969679166318664,119.44800000000104,1
96.55999999999767,53.80000000000291,9.959999999999127,32.799999999995634,125.86500000000056,153.20999999999913,0,0,0,0,0,0,0.001958322344852382,120.80000000000072,1
178.5,14.080000000001746,82.87999999999738,81.54000000000087,135.07500000000073,145.13999999999942,0,0,0,0,0,0,0.0021011900132223804,130.71800000000076,1
80.44999999999709,59.080000000001746,18.739999999997963,2.6299999999973807,125.17071428571477,138.34999999999854,0,0,0,0,0,0,0.0019453622295354993,129.98199999999997,1
68.62000000000262,38.36000000000058,22.830000000001746,7.430000000000291,115.62000000000054,-59.919999999998254,0,0,0,0,0,0,0.0017979998068573203,119.55,1
161.50999999999476,140.3000000000029,1.0799999999944703,20.12999999999738,121.22500000000011,117.0,0,0,0,0,1,0,0.0018810902673499074,125.22499999999927,1
97.27000000000407,41.69000000000233,37.87999999999738,17.700000000004366,122.50714285714328,130.44000000000233,0,0,0,0,0,0,0.0019022171860215418,123.38600000000005,1
108.54000000000087,48.779999999998836,14.389999999999418,45.37000000000262,123.98785714285727,169.69000000000233,0,0,0,0,0,0,0.0019236436812101224,121.175,1
109.48999999999796,35.0,34.94999999999709,39.54000000000087,119.4557142857141,146.5500000000029,0,0,0,0,0,0,0.0018523226625172813,114.48799999999974,1
108.13000000000466,23.60000000000582,43.279999999998836,41.25,119.69642857142857,161.47999999999593,0,0,0,0,0,0,0.001856729551305335,106.97099999999992,1
142.9300000000003,112.91999999999825,0.0,30.010000000002037,121.64642857142879,-90.69000000000233,0,1,0,0,0,1,0.0018902898649429242,115.2,1
166.52999999999884,19.020000000004075,14.659999999996217,132.84999999999854,124.20928571428574,-28.489999999997963,0,0,0,0,0,0,0.0019295005998447464,122.19700000000012,1
130.20000000000437,71.06999999999971,32.38000000000466,26.75,120.91214285714315,-153.20000000000437,0,0,0,0,0,0,0.0018803941068417413,117.36700000000056,1
148.91999999999825,111.30999999999767,17.360000000000582,20.25,118.45142857142855,-78.06000000000495,0,0,0,0,1,0,0.0018389757963185927,124.21400000000067,1
82.83999999999651,59.18000000000029,20.089999999996508,3.569999999999709,120.03714285714263,5.480000000003201,0,0,0,0,0,0,0.0018618564387835389,125.63600000000005,1
90.87999999999738,24.510000000002037,47.18999999999505,19.18000000000029,119.63142857142832,93.90000000000146,0,0,0,0,0,0,0.0018562698060743087,118.57300000000032,1
46.599999999998545,4.009999999994761,23.360000000000582,19.2300000000032,110.20999999999965,69.56999999999971,0,0,0,0,0,0,0.0017101836853038513,113.50599999999977,1
232.0899999999965,42.30000000000291,159.5199999999968,30.2699999999968,121.04142857142817,98.70999999999913,0,0,0,0,0,0,0.0018795194513592842,125.86099999999934,1
173.08000000000175,60.529999999998836,53.01000000000204,59.54000000000087,128.5028571428567,49.30000000000291,0,0,0,0,0,0,0.001993499894321362,132.21999999999971,1
260.1900000000023,189.12000000000262,69.91999999999825,1.1500000000014552,135.55142857142866,178.29000000000087,0,0,0,0,1,0,0.002096695200365362,147.42599999999948,1
166.6999999999971,54.90999999999622,68.41999999999825,43.37000000000262,140.51071428571387,258.41999999999825,0,0,0,0,0,0,0.002171537354173668,149.80299999999914,1
243.38999999999942,34.099999999998545,174.2699999999968,35.020000000004075,150.14285714285663,229.0,0,0,0,0,0,0,0.0023215920050998072,157.4889999999992,1
138.73999999999796,42.79000000000087,70.98999999999796,24.959999999999127,152.23214285714235,229.36000000000058,0,1,1,0,0,0,0.0023554568970784013,158.34299999999857,1
115.76000000000204,44.69000000000233,38.13999999999942,32.93000000000029,152.77714285714214,215.77999999999884,0,0,0,0,0,0,0.0023621662706272803,155.02699999999896,1
90.19999999999709,36.65999999999622,23.510000000002037,30.029999999998836,149.00857142857058,-10.349999999998545,0,0,1,0,0,0,0.002305217915317517,155.762999999999,1
83.20999999999913,56.95999999999913,6.720000000001164,19.529999999998836,143.05714285714203,-115.5,0,0,1,0,0,0,0.0022148449106495515,154.99599999999919,1
280.8500000000058,204.62999999999738,68.94000000000233,7.280000000006112,153.8178571428564,123.73999999999796,0,0,0,0,1,0,0.0023738748690755726,178.4209999999999,1
650.3300000000017,544.3199999999997,106.01000000000204,0.0,189.8614285714279,714.0699999999997,0,0,0,0,1,0,0.0029055843480294543,220.24500000000043,1
315.8199999999997,1.25,180.87000000000262,133.6999999999971,206.5028571428567,664.5400000000009,0,0,0,0,0,0,0.0031603750638816474,234.51900000000023,1
370.6200000000026,274.79999999999563,22.060000000004948,73.76000000000204,226.48428571428562,426.6800000000003,0,1,0,0,0,1,0.003480819441968034,245.56200000000027,1
326.09999999999854,71.75999999999476,21.7300000000032,232.61000000000058,246.44857142857134,547.989999999998,0,0,0,0,0,0,0.003783476305331015,261.5020000000004,1
169.0699999999997,29.87000000000262,78.69999999999709,60.5,241.947142857143,312.77999999999884,0,0,0,0,0,0,0.0037160385142050957,254.07000000000045,1
206.52999999999884,112.04000000000087,81.55999999999767,12.930000000000291,244.3364285714285,-117.32999999999447,0,0,0,0,0,0,0.0037459802038660554,260.8490000000005,1
270.1999999999971,4.539999999993597,221.5,44.16000000000349,245.05142857142815,-110.9800000000032,0,0,0,0,0,0,0.0037567133873802477,276.293,1
221.34000000000378,164.11999999999534,42.10000000000582,15.12000000000262,248.95428571428576,327.00999999999476,0,0,0,0,0,0,0.0038070258138405717,289.4070000000007,1
346.9800000000032,45.729999999995925,299.6900000000023,1.5600000000049477,256.35357142857174,209.5300000000061,0,0,0,0,0,0,0.003922918914442716,315.78400000000113,1
239.20000000000437,184.87000000000262,40.720000000001164,13.610000000000582,263.52928571428646,55.25,0,1,0,0,0,1,0.004044084456793053,311.61900000000094,1
149.9100000000035,64.33999999999651,35.7300000000032,49.84000000000378,265.9685714285723,-122.04000000000087,0,0,0,0,0,0,0.004085271400497791,261.57700000000114,1
256.4599999999991,95.59999999999854,86.73999999999796,74.12000000000262,277.84428571428674,-32.729999999995925,0,0,0,1,0,0,0.0042615762145977705,255.64100000000107,1
214.29999999999563,83.29000000000087,98.0199999999968,32.98999999999796,287.2078571428579,-112.62999999999738,0,0,0,1,0,0,0.004399579617925007,240.00900000000038,1
256.45000000000437,242.1999999999971,0.6300000000046566,13.62000000000262,285.46500000000066,-309.08000000000175,0,0,0,0,0,0,0.004389164093066003,233.04400000000095,1
411.1999999999971,12.659999999996217,162.15000000000146,236.38999999999942,268.15571428571485,-138.1999999999971,0,0,0,0,0,0,0.004123826803360549,257.2570000000007,1
817.939999999995,137.20999999999913,493.8799999999974,186.84999999999854,304.02142857142877,59.83999999999651,0,0,0,1,0,0,0.004665474219262274,318.3980000000003,1
998.510000000002,545.1399999999994,211.4100000000035,241.95999999999913,348.8707142857144,-577.9100000000035,0,0,0,0,0,1,0.005398834909542417,391.22900000000084,1
373.86999999999534,143.64999999999418,89.36000000000058,140.86000000000058,352.2828571428571,-806.0199999999968,0,0,0,0,0,0,0.005463890382214196,406.48199999999997,1
465.7700000000041,352.6800000000003,73.81000000000495,39.279999999998836,373.47571428571456,-212.34000000000378,1,0,0,0,1,0,0.005761181186595344,418.36100000000005,1
310.5699999999997,123.62000000000262,72.66999999999825,114.27999999999884,380.9071428571432,-76.05000000000291,0,0,0,1,0,0,0.005864631069539043,425.4979999999996,0
323.2199999999939,142.73999999999796,45.529999999998836,134.9499999999971,384.6942857142858,-357.27999999999884,0,0,0,0,0,0,0.005936015464333627,442.82899999999864,1
283.5399999999936,105.43999999999505,101.38999999999942,76.70999999999913,389.13714285714224,293.0699999999997,0,0,0,1,0,0,0.005994776720998237,445.5369999999981,1
157.09999999999854,11.990000000005239,80.7699999999968,64.33999999999651,375.5742857142847,419.18999999999505,0,0,0,0,0,0,0.005787511152266418,439.81699999999836,0
176.9600000000064,137.94000000000233,1.319999999999709,37.700000000004366,371.1285714285706,-70.69999999999709,0,0,0,0,0,1,0.005731225026130129,431.8679999999986,0
1029.3699999999953,1022.9199999999983,0.0,6.44999999999709,433.9485714285703,-1217.2900000000009,0,0,0,0,0,1,0.00680889484233454,493.6849999999984,1
343.41999999999825,39.19999999999709,147.08000000000175,157.13999999999942,440.15999999999883,-1111.739999999998,0,0,0,0,0,0,0.006910423850633343,446.2329999999987,1
363.0,276.1299999999974,69.83000000000175,17.040000000000873,450.7814285714277,-1493.7599999999948,0,0,0,0,0,1,0.007107993740851356,382.68199999999854,1
481.4600000000064,249.3199999999997,51.10000000000582,181.04000000000087,466.8535714285707,-1724.1100000000006,0,0,0,0,0,1,0.007390453943562134,393.44099999999963,1
205.3399999999965,51.0199999999968,69.15000000000146,85.16999999999825,452.14928571428493,-1636.75,0,0,1,0,0,0,0.007163465676612067,367.3979999999989,1
212.8000000000029,153.18999999999505,35.37000000000262,24.24000000000524,408.9249999999998,-460.6100000000006,0,0,0,0,0,0,0.006462970423405361,357.6209999999992,1
151.37999999999738,6.279999999998836,17.510000000002037,127.58999999999651,348.41571428571376,-415.95000000000437,0,0,0,0,0,0,0.005506013029662604,340.43699999999956,1
297.1999999999971,97.37999999999738,168.88999999999942,30.93000000000029,342.9392857142853,-39.63000000000466,0,0,0,0,1,0,0.005410902796421818,341.8029999999999,1
280.73999999999796,180.6999999999971,43.48999999999796,56.55000000000291,329.7228571428563,390.22000000000116,0,0,0,0,0,0,0.005187581836302725,354.1669999999998,1
207.12000000000262,123.14999999999418,27.580000000001746,56.390000000006694,322.3335714285708,317.1900000000023,0,0,0,0,0,0,0.005081242087354381,357.1829999999994,1
151.58000000000175,80.37999999999738,40.68000000000029,30.520000000004075,310.07357142857137,79.31000000000495,0,0,0,0,0,0,0.004894510001035044,269.4040000000001,1
221.36999999999534,37.18000000000029,157.97999999999593,26.209999999999127,305.6328571428572,34.81000000000495,0,0,1,0,0,0,0.004827260112747006,257.1989999999998,1
266.16999999999825,79.26000000000204,90.43999999999505,96.47000000000116,313.42357142857145,14.130000000004657,0,0,0,0,0,0,0.004944101020997936,247.51599999999962,1
257.59999999999854,7.639999999999418,136.26000000000204,113.69999999999709,319.1835714285709,-174.41999999999825,0,0,1,0,0,0,0.00503558412435521,225.12999999999883,1
202.47000000000116,81.27999999999884,38.43000000000029,82.76000000000204,260.11785714285674,30.729999999995925,0,0,0,0,0,0,0.004098492849918591,224.8429999999993,1
893.1399999999994,440.09999999999854,54.68000000000029,398.3600000000006,299.3835714285711,-325.3000000000029,0,0,1,0,0,0,0.004750159797997193,292.87699999999893,1
590.2599999999948,307.6299999999974,138.13999999999942,144.48999999999796,315.6164285714279,20.549999999995634,0,0,0,0,0,0,0.0049833262819583436,336.7649999999987,1
788.1199999999953,523.0,113.94999999999709,151.16999999999825,337.5207142857128,462.9599999999991,0,0,0,0,1,0,0.005285620772322161,385.8569999999985,1
340.72000000000116,113.93000000000029,68.69000000000233,158.09999999999854,347.1907142857131,585.6399999999994,0,0,0,0,0,0,0.00542729295247026,391.8549999999988,1
542.2699999999968,354.2900000000009,0.0,187.97999999999593,370.77785714285557,149.5,0,1,0,0,0,0,0.005828355023709453,425.36999999999824,1
184.84999999999854,36.900000000001455,122.50999999999476,25.44000000000233,373.1685714285699,629.6900000000023,0,0,0,0,0,0,0.005862297171369439,428.69699999999796,1
239.4300000000003,168.22000000000116,2.0500000000029104,69.15999999999622,369.0421428571416,489.40000000000146,0,0,0,0,1,0,0.005782194455040919,430.50299999999845,1
155.16999999999825,7.799999999995634,110.0,37.37000000000262,360.07285714285587,-23.12000000000262,0,0,0,0,0,0,0.005640832762202661,419.4029999999984,1
191.41999999999825,58.070000000006985,103.16999999999825,30.179999999993015,358.951428571427,-80.08999999999651,0,0,0,0,0,0,0.005618170472588492,412.7849999999984,1
264.1299999999974,192.57999999999447,51.080000000001746,20.470000000001164,366.9907142857124,83.16000000000349,0,0,0,0,0,0,0.005761292682890151,418.95099999999803,1
413.2299999999959,144.26000000000204,38.479999999995925,230.48999999999796,380.6949999999982,187.59999999999854,0,0,0,0,0,0,0.005962960242180473,370.95999999999765,1
328.91999999999825,24.410000000003492,247.4699999999939,57.04000000000087,385.177142857141,45.16000000000349,0,0,0,0,0,0,0.006030732300811441,344.82599999999803,1
320.8999999999942,241.54000000000087,56.729999999995925,22.62999999999738,389.69857142856927,-207.98999999999796,0,1,1,0,0,0,0.006124900514065544,298.1039999999979,1
482.8700000000026,269.8600000000006,159.12999999999738,53.88000000000466,409.7271428571408,-3.720000000001164,0,0,0,0,0,0,0.006413265938612359,312.318999999998,1
303.93999999999505,226.52000000000407,32.00999999999476,45.40999999999622,367.6414285714262,-37.4800000000032,0,0,1,0,0,0,0.0057749059691979965,288.4859999999979,1
380.2900000000009,209.1800000000003,9.580000000001746,161.52999999999884,352.6435714285695,28.709999999999127,0,0,0,0,0,0,0.005521097999570539,308.0299999999981,1
213.56000000000495,102.65000000000146,35.69000000000233,75.22000000000116,311.6035714285702,107.41999999999825,0,0,0,0,1,0,0.0048705965088191045,305.44299999999856,1
439.5900000000038,368.3500000000058,33.779999999998836,37.45999999999913,318.66571428571325,718.9400000000023,0,0,0,0,1,0,0.004952514223664084,333.88499999999914,1
181.1800000000003,140.51000000000204,12.410000000003492,28.25999999999476,292.8199999999992,596.4099999999962,0,0,0,0,0,0,0.004540981966802528,332.8609999999993,1
312.6099999999933,148.3000000000029,21.32999999999447,142.97999999999593,301.9457142857131,673.8199999999997,0,0,0,0,0,0,0.00469328331475184,337.7089999999989,1
374.77999999999884,277.73999999999796,57.25,39.79000000000087,311.61357142857014,741.4499999999971,0,0,0,1,0,0,0.004822735381388397,333.86399999999924,0
306.84999999999854,213.47000000000116,25.119999999995343,68.26000000000204,322.44785714285587,423.5400000000009,0,0,0,0,0,0,0.005006953525983239,331.65699999999924,1
179.55999999999767,35.62000000000262,85.84999999999854,58.08999999999651,321.60071428571297,89.84999999999854,0,0,0,1,0,0,0.004991158627324437,317.52299999999957,1
302.22000000000116,235.37999999999738,0.6500000000014552,66.19000000000233,324.32142857142753,-284.16999999999825,0,0,0,0,0,0,0.0050517608276462985,299.45799999999946,1
543.3499999999985,389.48999999999796,7.940000000002328,145.91999999999825,333.6157142857134,254.27999999999884,0,0,0,1,0,0,0.0051651302978327355,323.3989999999998,0
688.4500000000044,575.6300000000047,55.93000000000029,56.88999999999942,359.2964285714282,-597.3600000000006,0,0,0,0,0,0,0.005612595654802225,354.21500000000015,1
318.4599999999991,160.19000000000233,81.43000000000029,76.83999999999651,359.1221428571428,-536.2700000000041,0,0,1,0,0,0,0.005623255745077611,364.7049999999996,1
522.0500000000029,144.8199999999997,196.36000000000058,180.87000000000262,361.92071428571427,-716.0999999999985,0,0,1,0,0,0,0.005680040614685435,372.95099999999945,1
599.6999999999971,473.41999999999825,25.05000000000291,101.22999999999593,383.0464285714287,-9.660000000003492,0,0,0,0,0,0,0.005967382913596673,414.80299999999914,1
934.1800000000003,244.13999999999942,187.20999999999913,502.83000000000175,422.61000000000007,-158.66999999999825,0,0,0,0,0,0,0.006559077169302136,476.95999999999987,1
1093.8799999999974,922.7999999999956,94.26000000000204,76.81999999999971,485.4899999999995,-507.43999999999505,0,0,0,0,0,1,0.007644470477643588,548.8699999999997,1
370.49000000000524,80.61000000000058,149.52000000000407,140.36000000000058,480.55428571428536,-433.5,0,0,1,0,0,0,0.007576107006914768,555.2340000000004,1
600.3799999999974,352.7900000000009,0.18999999999505235,247.40000000000146,510.49714285714225,65.45999999999913,0,0,0,0,1,0,0.00800360003877405,597.3160000000004,1
269.9400000000023,69.02999999999884,200.9100000000035,0.0,507.5807142857141,-335.7099999999991,1,0,0,0,1,0,0.00794904391396155,594.0880000000004,1
185.8900000000067,38.7699999999968,94.42000000000553,52.700000000004366,494.0885714285718,-538.260000000002,0,0,0,0,0,0,0.007733055380796785,558.3420000000012,1
527.25,279.5199999999968,141.19000000000233,106.54000000000087,509.83142857142906,105.18000000000029,0,0,0,0,0,0,0.008014474660171052,542.2220000000009,1
696.6500000000015,573.3000000000029,104.63999999999942,18.709999999999127,546.7664285714293,756.260000000002,0,0,0,0,1,0,0.00851840228975609,580.0410000000011,1
255.01000000000204,87.42999999999302,144.09000000000378,23.49000000000524,543.3942857142865,316.47000000000116,0,0,0,0,0,0,0.008477301851348722,553.337000000001,1
182.0,21.279999999998836,128.01000000000204,32.70999999999913,517.5835714285723,221.15000000000146,0,0,0,0,0,0,0.00807771916781514,511.56700000000126,1
188.09999999999854,134.90000000000146,24.06999999999971,29.12999999999738,481.84428571428623,46.81999999999971,0,0,1,0,0,0,0.007535895996587517,436.9590000000011,1
280.48999999999796,16.869999999995343,143.94000000000233,119.68000000000029,479.13214285714326,342.1999999999971,0,0,0,0,0,0,0.007491586686308441,355.62000000000114,1
134.73999999999796,43.36999999999534,40.599999999998545,50.770000000004075,451.4671428571429,-273.8399999999965,0,0,1,0,0,0,0.007063814005818923,332.0450000000004,1
215.55999999999767,7.720000000001164,142.38999999999942,65.44999999999709,424.0285714285715,-179.4100000000035,0,0,0,0,0,0,0.0066336867112831025,293.56300000000044,1
380.9599999999991,284.1800000000003,62.70999999999913,34.06999999999971,384.5128571428572,129.2300000000032,0,0,0,0,1,0,0.005988859336332863,304.66500000000013,1
373.1900000000023,273.5500000000029,76.90000000000146,22.739999999997963,333.03500000000037,538.4800000000032,0,0,0,0,1,0,0.005165066233074172,323.3949999999997,1
79.57999999999447,0.9100000000034925,71.33999999999651,7.32999999999447,312.2557142857139,523.1900000000023,0,0,0,0,0,0,0.004842734051151889,278.62799999999913,1
366.6399999999994,227.0199999999968,97.25,42.37000000000262,295.5599999999998,799.0099999999948,0,0,0,0,1,0,0.004567336927017952,245.62699999999896,1
256.0899999999965,120.20999999999913,121.09999999999854,14.779999999998836,294.4392857142853,910.7099999999991,0,0,0,0,0,0,0.004541628726569893,245.7349999999984,1
505.25,124.08999999999651,152.3000000000029,228.86000000000058,317.2507142857134,752.689999999995,0,0,0,0,0,0,0.00488398260960823,278.0599999999984,1
434.4099999999962,348.38000000000466,21.339999999996508,64.68999999999505,310.61928571428456,130.97999999999593,0,0,0,0,0,0,0.004807652975781591,302.69099999999816,1
296.70000000000437,41.5,173.61000000000058,81.59000000000378,282.0514285714276,171.5,0,0,0,0,0,0,0.0043626958612592035,304.3119999999988,1
251.7300000000032,93.45000000000437,156.59999999999854,1.680000000000291,281.81714285714196,32.05000000000291,0,0,0,0,0,0,0.004352810478871804,316.01099999999934,1
229.0699999999997,65.04000000000087,118.98999999999796,45.04000000000087,285.17928571428484,-22.459999999999127,0,0,0,0,0,0,0.00440032072388813,317.3619999999995,1
221.4499999999971,179.45000000000437,27.439999999995052,14.559999999997672,287.5614285714276,-328.0699999999997,0,0,0,0,0,0,0.004449396544252563,301.4109999999993,1
213.0500000000029,104.77000000000407,106.13999999999942,2.139999999999418,282.74428571428507,123.8900000000067,0,0,0,1,0,0,0.004367838368551748,285.39699999999937,1
191.4100000000035,21.590000000003783,133.79000000000087,36.029999999998836,286.7921428571426,63.36999999999534,0,0,0,0,0,0,0.004431680069319412,296.58000000000027,1
109.75,44.93000000000029,30.619999999995343,34.200000000004366,279.23428571428565,-76.06999999999971,0,0,0,0,0,0,0.004317990304492055,270.89100000000036,1
370.3799999999974,121.67000000000553,171.00999999999476,77.69999999999709,278.47857142857123,-19.44999999999709,0,0,0,1,0,0,0.0042982185550479975,282.32000000000045,1
359.0200000000041,70.66999999999825,245.6800000000003,42.67000000000553,277.4664285714285,86.99000000000524,0,0,0,0,0,0,0.004287427256679206,267.69700000000086,1
221.01000000000204,62.44999999999709,126.34000000000378,32.220000000001164,287.5685714285719,-77.41000000000349,0,0,0,0,0,0,0.004447682690105421,246.35700000000142,1
945.5699999999997,163.33000000000175,692.2999999999956,89.94000000000233,328.9207142857148,-219.43999999999505,0,0,0,0,0,1,0.005099968978600779,311.24400000000094,0
408.11999999999534,255.83000000000175,55.669999999998254,96.61999999999534,339.78000000000037,-433.0900000000038,0,1,0,0,0,1,0.0052896758380535395,326.88300000000015,1
272.070000000007,65.45999999999913,68.03000000000611,138.58000000000175,323.1242857142866,-489.92000000000553,0,0,0,1,0,0,0.005025309508649797,331.1830000000009,1
205.54000000000087,60.19999999999709,72.52999999999884,72.81000000000495,306.7764285714298,-478.9300000000003,0,0,0,0,0,0,0.004775669187132502,329.5920000000013,1
157.9499999999971,52.86999999999534,64.04000000000087,41.04000000000087,296.865714285715,-364.8000000000029,0,0,0,1,0,0,0.0046175300109675506,324.0820000000007,1
302.1399999999994,126.62999999999738,142.61000000000058,32.900000000001455,300.466428571429,-326.72000000000116,0,0,0,0,0,1,0.004682501501473228,335.1550000000003,0
385.3600000000006,295.0599999999977,14.430000000000291,75.87000000000262,311.6300000000005,-361.2299999999959,0,0,0,0,0,1,0.004878875111098803,362.71600000000035,1
180.98999999999796,105.1400000000067,41.89999999999418,33.94999999999709,308.7400000000006,-532.6100000000006,0,0,0,0,0,1,0.004841706738478373,343.7770000000004,1
223.8399999999965,118.50999999999476,16.389999999999418,88.94000000000233,309.5107142857144,-587.9599999999991,0,0,0,0,0,0,0.00486274286416346,330.2589999999997,1
355.56000000000495,198.62999999999738,37.92000000000553,119.01000000000204,321.2357142857145,-441.9300000000003,0,0,0,1,0,0,0.005031171380605652,343.71399999999994,1
233.43999999999505,111.26000000000204,95.88999999999942,26.289999999993597,330.07071428571413,-430.6600000000035,0,0,0,0,0,0,0.005178613930055588,272.50099999999946,0
223.63999999999942,61.87000000000262,30.55999999999767,131.20999999999913,319.5892857142857,-196.76000000000204,0,0,0,0,0,0,0.005018946304964067,254.05299999999988,1
599.6800000000003,480.6100000000006,88.80999999999767,30.260000000002037,336.77928571428544,-573.9199999999983,0,0,0,0,0,1,0.005329389095669612,286.8139999999992,0
876.0400000000009,585.9800000000032,48.61999999999534,241.44000000000233,383.5671428571425,-1043.3800000000047,0,0,1,0,0,1,0.006126680494788482,353.86399999999924,1
292.3199999999997,23.540000000000873,51.19999999999709,217.58000000000175,336.9064285714282,-1219.5499999999956,0,0,0,0,0,0,0.005379353394124054,367.3009999999995,1
247.4300000000003,162.65999999999622,68.11000000000058,16.660000000003492,325.42857142857144,-944.739999999998,0,0,0,0,1,0,0.005182600086802864,361.8299999999996,1
503.65000000000146,381.3199999999997,53.31000000000495,69.0199999999968,341.96999999999963,-502.6900000000023,0,0,0,0,1,0,0.005413154930487088,373.65899999999965,1
349.3099999999977,152.0500000000029,64.29999999999563,132.95999999999913,352.2392857142851,-170.77999999999884,0,0,0,0,0,0,0.005589141799282142,390.49099999999964,1
238.87000000000262,106.19000000000233,76.12000000000262,56.55999999999767,358.0192857142855,306.4599999999991,0,0,0,0,0,0,0.005690750528460811,391.99400000000026,1
104.72999999999593,22.130000000004657,50.5199999999968,32.07999999999447,343.91857142857094,263.7699999999968,0,0,0,0,0,0,0.005468285441306411,366.9109999999993,1
233.68999999999505,1.6299999999973807,113.36000000000058,118.69999999999709,333.0849999999991,98.90000000000146,0,0,0,0,0,0,0.005296190593853552,366.93599999999935,1
169.6999999999971,9.610000000000582,73.62999999999738,86.45999999999913,332.2785714285705,-290.75999999999476,0,0,0,0,0,0,0.005284066239534083,361.5419999999991,1
172.59999999999854,57.79000000000087,75.18000000000029,39.62999999999738,328.61857142857065,-195.63999999999942,0,0,0,0,0,0,0.0052305784592339664,318.8339999999989,1
139.29999999999563,57.5,78.61999999999534,3.180000000000291,313.1714285714271,-31.07999999999447,0,0,0,0,0,0,0.004980349972613958,245.1599999999984,1
73.90000000000146,22.589999999996508,21.520000000004075,29.790000000000873,301.77571428571326,10.680000000000291,0,0,0,0,0,0,0.004797401790978812,223.31799999999856,1
148.80999999999767,105.19000000000233,39.64999999999418,3.970000000001164,296.4307142857132,116.69000000000233,0,0,0,0,0,0,0.004704643056890337,213.4559999999983,1
114.26000000000204,71.81999999999971,7.290000000000873,35.150000000001455,261.75785714285615,52.169999999998254,0,0,0,0,0,0,0.0041591586714362664,174.51699999999838,1
115.52999999999884,96.56999999999971,6.569999999999709,12.389999999999418,207.43571428571315,206.75,0,0,0,0,0,0,0.0032908971796395668,151.13899999999848,0
151.63999999999942,62.779999999998836,50.5,38.36000000000058,197.3871428571417,87.31999999999971,0,0,0,0,0,0,0.0031346851501871118,142.41599999999818,1
94.59999999999854,38.87000000000262,10.809999999997672,44.919999999998254,186.470714285713,104.41000000000349,0,0,0,0,0,0,0.0029594580133079557,141.40299999999843,1
85.45999999999913,21.30000000000291,41.19999999999709,22.959999999999127,156.59999999999854,-19.35000000000582,0,0,0,0,0,0,0.00248615745314599,126.57999999999883,1
102.80999999999767,65.45999999999913,33.55999999999767,3.790000000000873,138.99285714285568,120.66999999999825,0,0,0,0,0,0,0.0022042778691000135,119.8909999999989,0
95.52999999999884,59.520000000004075,21.639999999999418,14.369999999995343,128.75428571428398,-36.69000000000233,0,0,0,0,0,0,0.002043832691540179,112.18399999999892,1
143.85000000000582,0.11000000000058208,62.970000000001164,80.77000000000407,131.5485714285704,27.669999999998254,0,0,0,0,0,0,0.0020881918876089808,112.63899999999994,1
61.56999999999971,17.0,20.760000000002037,23.80999999999767,119.25428571428503,2.0199999999967986,0,0,0,0,0,0,0.001892612138028679,111.40599999999976,0
48.150000000001455,21.19000000000233,26.959999999999127,0.0,110.6614285714282,44.09000000000378,0,0,0,1,0,0,0.0017556149058035476,101.34000000000015,0
63.279999999998836,28.989999999997963,11.85000000000582,22.439999999995052,102.85285714285679,-51.61000000000058,0,0,0,0,0,0,0.0016324723156870406,96.24199999999982,0
70.72000000000116,51.950000000004366,10.409999999996217,8.360000000000582,97.95428571428576,59.91000000000349,0,0,0,1,0,0,0.0015534392339918827,91.76100000000005,0
134.0,121.48999999999796,4.5,8.010000000002037,102.24714285714279,-59.55000000000291,0,0,0,0,0,1,0.0016245989886234026,89.99700000000011,1
162.81000000000495,71.29999999999563,23.24000000000524,68.27000000000407,103.24714285714332,-144.87999999999738,0,0,0,0,0,0,0.0016423487789517645,96.81800000000075,1
339.66999999999825,212.29000000000087,71.34999999999854,56.029999999998836,119.34785714285734,-386.5500000000029,0,0,0,0,0,1,0.00190510593749029,122.23900000000067,1
483.9800000000032,126.0199999999968,29.56999999999971,328.3900000000067,145.66571428571478,-483.68999999999505,0,0,0,0,0,1,0.002329881263021132,160.35600000000122,1
175.06000000000495,51.779999999998836,49.78000000000611,73.5,147.33857142857232,-588.5900000000038,0,0,1,0,0,0,0.002358631932647748,168.30900000000184,1
191.02999999999884,141.75,6.939999999995052,42.34000000000378,154.2264285714295,-328.8399999999965,0,0,0,0,1,0,0.002463365766959044,173.02700000000112,1
221.86000000000058,146.67000000000553,65.2699999999968,9.919999999998254,163.96928571428674,-110.84999999999854,0,0,0,0,1,0,0.002612861058102378,189.05600000000123,1
87.25,14.089999999996508,43.36000000000058,29.80000000000291,162.85785714285834,123.93000000000029,0,0,0,0,0,0,0.0025945074790674426,192.9660000000011,1
102.01000000000204,13.430000000000291,29.849999999998545,58.7300000000032,163.3207142857157,236.12999999999738,0,0,1,0,0,0,0.0026024389438292763,196.8390000000014,1
177.48999999999796,9.980000000003201,149.0399999999936,18.470000000001164,165.72357142857228,300.17000000000553,0,0,0,0,0,0,0.002640256567577486,207.51600000000107,1
258.8099999999977,146.5199999999968,112.29000000000087,0.0,180.01285714285768,309.29999999999563,0,0,0,0,0,0,0.002861102249013152,219.99700000000084,1
610.0299999999988,469.6499999999942,105.94000000000233,34.44000000000233,220.0578571428575,630.3699999999953,0,0,0,0,1,0,0.0034717622282420734,264.7190000000002,1
187.15000000000146,9.479999999995925,95.74000000000524,81.93000000000029,228.90571428571482,620.4300000000003,0,0,0,0,0,0,0.0036110316279306534,249.46700000000055,1
158.02000000000407,117.40000000000146,40.62000000000262,0.0,235.14142857142932,750.0999999999985,0,0,0,0,0,0,0.0037026128750979512,216.87100000000063,1
237.45999999999913,122.0199999999968,69.48999999999796,45.950000000004366,242.53142857142925,616.25,0,0,0,0,0,0,0.003826368618368153,223.11100000000005,1
83.22000000000116,31.19000000000233,22.220000000001164,29.80999999999767,236.846428571429,498.72000000000116,0,0,0,1,0,0,0.003734803780233941,212.3300000000003,0
71.62000000000262,11.409999999996217,42.770000000004075,17.44000000000233,217.70000000000073,41.36000000000058,0,0,0,1,0,0,0.0034323236279140573,197.3060000000005,0
369.95000000000437,299.40000000000146,38.04000000000087,32.51000000000204,209.5550000000008,-262.5699999999997,0,0,0,0,0,1,0.0033195201502975824,225.57600000000093,1
241.70999999999913,74.81999999999971,56.93000000000029,109.95999999999913,214.31571428571468,-304.01000000000204,0,0,0,0,0,0,0.0033909169057757286,239.54600000000065,1
166.25,64.16000000000349,7.239999999997963,94.84999999999854,212.54571428571475,-245.9100000000035,0,0,0,0,0,0,0.0033663504870847807,238.42200000000085,1
226.6600000000035,166.86000000000058,9.720000000001164,50.080000000001746,212.8885714285721,-446.6100000000006,0,0,0,0,0,0,0.003380824715053309,235.20700000000141,1
210.3199999999997,95.52000000000407,114.79999999999563,0.0,221.67928571428638,-366.18999999999505,0,0,0,0,0,0,0.003515358026989219,195.23600000000152,1
157.15000000000146,9.909999999996217,20.92000000000553,126.31999999999971,225.61785714285776,-76.0199999999968,0,0,0,0,0,0,0.003578277784695727,192.23600000000152,1
141.8000000000029,54.25,68.19000000000233,19.360000000000582,223.0685714285724,-202.2699999999968,0,0,0,0,0,0,0.0035407366917331816,190.6140000000014,1
144.83000000000175,48.38999999999942,71.25,25.19000000000233,214.72642857143,-90.55999999999767,0,0,0,0,0,0,0.0034057741079370624,181.35100000000165,1
227.5300000000061,64.41000000000349,104.47000000000116,58.650000000001455,187.40500000000196,142.7300000000032,0,0,0,0,0,0,0.002969396542504129,195.78200000000214,1
202.77999999999884,122.31999999999971,46.50999999999476,33.950000000004366,188.52142857143033,169.59999999999854,0,0,0,0,0,0,0.002981526734635066,208.8980000000018,1
326.8600000000006,80.20999999999913,226.45999999999913,20.19000000000233,200.58142857143008,255.7699999999968,0,0,0,0,0,0,0.0031683500319696543,204.5890000000014,1
163.15000000000146,70.50999999999476,29.010000000002037,63.63000000000466,195.27357142857312,377.0199999999968,0,0,0,0,0,0,0.003081111922748975,196.73300000000162,1
111.04000000000087,43.44999999999709,13.639999999999418,53.950000000004366,197.26071428571595,372.84999999999854,0,0,0,0,0,0,0.003110356622014767,191.21200000000172,1
320.8700000000026,85.13999999999942,215.60000000000582,20.12999999999738,215.06428571428737,393.61999999999534,0,0,0,1,0,0,0.003386531424062528,200.63300000000163,1
434.1999999999971,157.1099999999933,220.1800000000003,56.91000000000349,219.65357142857258,118.83000000000175,0,0,0,0,0,0,0.0034673751809205207,223.02100000000138,1
275.6399999999994,155.37999999999738,28.260000000002037,92.0,222.07714285714403,193.41999999999825,0,0,0,1,0,0,0.0034972078961120626,234.87000000000117,0
415.3799999999974,253.55999999999767,26.889999999999418,134.9300000000003,239.87214285714384,-129.05999999999767,0,0,0,0,0,0,0.0037925306905301393,262.22800000000063,0
255.3199999999997,117.33999999999651,39.75,98.2300000000032,241.91928571428642,-294.59999999999854,0,0,0,0,0,0,0.0038323234070122033,273.2770000000004,1
203.48999999999796,70.61000000000058,83.0399999999936,49.84000000000378,241.43142857142917,-450.2199999999939,0,0,0,0,0,0,0.003828868808081591,270.8729999999996,0
411.95000000000437,271.8999999999942,41.390000000006694,98.66000000000349,259.63142857142935,-565.5400000000009,0,0,0,0,0,1,0.004135369962044405,291.79000000000013,1
232.0199999999968,72.43000000000029,134.38999999999942,25.19999999999709,266.07571428571464,-789.6999999999971,0,0,0,0,0,0,0.004242848875984362,282.30599999999976,1
141.15999999999622,32.13999999999942,50.40999999999622,58.61000000000058,265.8135714285714,-505.59999999999854,0,0,0,0,0,0,0.0042365474797984755,280.10699999999923,1
277.8000000000029,196.62999999999738,53.79000000000087,27.380000000004657,269.40428571428544,-579.6800000000003,0,0,0,0,0,1,0.004307275674116857,296.78299999999945,1
157.8000000000029,11.769999999996799,71.16000000000349,74.87000000000262,266.1914285714286,-520.9800000000032,0,0,0,0,0,0,0.0042567083866000615,280.4759999999995,1
358.4800000000032,76.44000000000233,36.31999999999971,245.72000000000116,268.4500000000002,-328.08000000000175,0,0,1,0,0,0,0.004298292019347041,272.9040000000001,1
362.08000000000175,284.1100000000006,49.270000000004075,28.69999999999709,282.65928571428594,27.56999999999971,1,0,0,0,0,0,0.004505310173430588,281.54800000000034,0
254.12999999999738,81.80000000000291,40.00999999999476,132.3199999999997,292.88,-85.61000000000058,0,0,1,0,0,0,0.004674311206217434,265.42300000000034,0
249.38999999999942,172.97000000000116,40.36000000000058,36.05999999999767,287.77428571428544,-62.36000000000058,0,0,1,0,0,0,0.0046055698079729155,264.83000000000027,0
376.08000000000175,139.14999999999418,96.28000000000611,140.65000000000146,283.62285714285724,88.62999999999738,0,0,0,0,0,0,0.004529038074433393,282.0890000000007,0
839.8300000000017,630.989999999998,57.76000000000204,151.08000000000175,323.9221428571431,799.0499999999956,0,0,0,0,1,0,0.00512096755889055,324.8770000000004,0
873.5099999999948,634.25,35.13999999999942,204.11999999999534,356.64571428571435,1149.0599999999977,0,0,0,0,1,0,0.005582340937539551,389.0260000000002,0
355.7699999999968,261.15000000000146,40.51000000000204,54.109999999993306,363.82071428571413,964.4099999999962,0,0,0,0,0,0,0.005718494067136362,410.48700000000025,0
296.4300000000003,75.98999999999796,185.9300000000003,34.51000000000204,370.4592857142857,1213.8099999999977,0,0,0,0,0,0,0.005815890062640891,412.35,0
374.26000000000204,144.84999999999854,173.5699999999997,55.84000000000378,367.7671428571427,1221.260000000002,0,0,0,0,0,0,0.005760361084691494,433.9959999999999,0
39.669999999998254,22.220000000001164,17.44999999999709,0.0,354.0278571428571,568.5800000000017,0,0,0,0,0,0,0.005547054943687833,402.11499999999944,0
534.0499999999956,146.75,163.39999999999418,223.90000000000146,0.0,0.0,0,0,0,0,0,0,0.0,0.0,0
558.4199999999983,378.9099999999962,1.3800000000046566,178.12999999999738,0.0,0.0,0,0,0,0,0,0,0.0,0.0,0
406.13000000000466,244.95999999999913,45.04000000000087,116.13000000000466,0.0,0.0,0,0,0,0,0,0,0.0,0.0,0
681.9599999999991,362.9499999999971,94.06999999999971,224.94000000000233,0.0,0.0,0,0,1,0,0,0,0.0,0.0,0
398.4300000000003,89.04000000000087,208.31000000000495,101.07999999999447,0.0,0.0,0,0,0,0,0,0,0.0,0.0,0
309.08000000000175,29.989999999997963,123.43000000000029,155.6600000000035,0.0,-379.1900000000023,0,0,0,0,0,0,0.0,0.0,0
1400.3399999999965,870.0999999999985,371.9599999999991,158.27999999999884,0.0,868.3099999999977,0,0,0,1,1,0,0.0,0.0,0
798.3700000000026,343.9099999999962,287.3700000000026,167.09000000000378,0.0,279.90000000000146,0,0,0,0,0,0,0.0,0.0,0
518.9000000000015,219.15000000000146,101.68000000000029,198.0699999999997,0.0,420.83000000000175,0,0,1,0,0,0,0.0,0.0,0
754.9000000000015,584.6199999999953,162.99000000000524,7.290000000000873,0.0,-253.75999999999476,0,0,1,0,0,0,0.0,636.0580000000002,1
2253.1300000000047,1067.770000000004,5.889999999999418,1179.4700000000012,0.0,785.760000000002,0,0,0,0,1,0,0.0,807.966000000001,1
607.4099999999962,200.95999999999913,245.80999999999767,160.63999999999942,0.0,119.27000000000407,0,0,0,0,1,0,0.0,812.8650000000009,1
1132.4200000000055,304.92000000000553,666.2900000000009,161.20999999999913,0.0,765.0,0,0,0,1,0,0,0.0,885.4940000000009,1
1182.189999999995,856.3199999999997,278.09999999999854,47.7699999999968,0.0,127.87999999999738,0,1,0,0,0,1,0.0,935.5170000000005,1
672.989999999998,113.16999999999825,256.83000000000175,302.98999999999796,834.0178571428577,597.9499999999971,0,0,1,0,0,0,0.013231800589656978,962.9730000000003,1
479.99000000000524,311.7099999999991,58.42000000000553,109.86000000000058,828.302857142858,-156.85000000000582,0,0,0,0,0,0,0.013076466154326996,980.0640000000006,1
1458.5400000000009,543.6100000000006,174.72000000000116,740.2099999999991,903.4750000000006,190.12999999999738,0,0,0,1,0,0,0.014141292244660056,985.8840000000012,1
872.4400000000023,109.58000000000175,312.9800000000032,449.8799999999974,917.0807142857151,-219.74000000000524,0,0,0,0,0,0,0.014378317372020957,993.2910000000011,1
700.5199999999968,463.22000000000116,87.06999999999971,150.22999999999593,938.658571428572,168.75,0,0,0,0,0,0,0.014825443451136691,1011.4530000000007,1
1252.9000000000015,593.989999999998,406.26000000000204,252.65000000000146,1006.0742857142862,-306.16999999999825,0,0,0,0,0,1,0.016039408207302593,1061.2530000000006,1
444.6100000000006,99.36000000000058,30.790000000000873,314.4599999999991,937.807857142858,-516.1399999999994,0,0,0,1,0,0,0.01492685705772526,880.4010000000002,1
1228.489999999998,580.739999999998,71.0,576.75,968.5307142857148,-1641.5699999999997,0,0,0,0,0,1,0.015559333710307323,942.5090000000004,1
898.2099999999991,617.9100000000035,118.45999999999913,161.8399999999965,995.6242857142861,-2148.739999999998,0,0,1,0,0,0,0.016153957375008413,919.0879999999997,1
729.4300000000003,581.7699999999968,132.4800000000032,15.180000000000291,993.8050000000003,-1097.1500000000015,0,0,0,0,0,0,0.01597323748796147,873.8120000000002,1
410.76000000000204,12.580000000001746,67.68000000000029,330.5,862.2071428571429,-485.77999999999884,0,0,0,0,0,0,0.013853082749024338,847.5890000000006,1
962.4100000000035,325.34999999999854,357.8600000000006,279.20000000000437,887.5642857142864,-914.2599999999948,0,0,1,0,0,0,0.014335757164117531,895.8310000000005,1
1335.449999999997,1032.989999999998,285.5199999999968,16.94000000000233,902.0664285714286,701.6800000000003,0,0,0,0,0,0,0.014330058397382472,883.5220000000002,1
503.7300000000032,226.59000000000378,102.56999999999971,174.5699999999997,853.6050000000006,1087.3099999999977,0,0,1,0,0,0,0.013609606514715948,846.6510000000002,1
814.8800000000047,87.96999999999389,400.20000000000437,326.7100000000064,863.740000000001,591.3199999999997,0,0,0,0,0,0,0.013752026009342746,858.087000000001,1
959.7900000000009,389.02999999999884,257.97000000000116,312.7900000000009,898.0114285714293,956.8199999999997,0,0,0,0,0,0,0.014209898232336938,828.776000000001,1
371.63000000000466,27.75999999999476,179.92000000000553,163.95000000000437,820.375000000001,1258.2099999999991,0,0,1,0,0,0,0.012986611067165034,821.4780000000013,1
1139.4100000000035,725.510000000002,108.55000000000291,305.34999999999854,839.4442857142868,947.8600000000006,0,0,0,0,1,0,0.013137437447707522,812.5700000000019,1
420.79999999999563,39.12000000000262,229.1999999999971,152.47999999999593,819.4642857142868,1215.4800000000032,0,0,0,0,0,0,0.01281689629457916,764.8290000000015,1
541.9700000000012,444.09999999999854,84.51000000000204,13.360000000000582,768.6835714285725,1572.1600000000035,0,0,0,0,0,0,0.011939721545958619,746.0830000000017,1
923.9099999999962,388.6100000000006,282.4499999999971,252.84999999999854,802.9192857142864,795.5899999999965,0,0,0,0,0,0,0.01254722537354464,797.398000000001,1
490.34999999999854,101.45999999999913,191.49000000000524,197.39999999999418,750.1950000000007,715.2999999999956,0,0,0,0,0,0,0.011742689688669525,750.1920000000006,1
577.0400000000009,233.1999999999971,51.85000000000582,291.98999999999796,727.2542857142865,220.22999999999593,0,0,0,0,0,0,0.01134255235345519,674.3510000000009,1
339.820000000007,11.339999999996508,155.99000000000524,172.49000000000524,699.4250000000013,171.08000000000175,0,0,0,0,0,0,0.01091021884704918,657.9600000000013,1
195.8199999999997,1.2900000000008731,122.22000000000116,72.30999999999767,684.0721428571441,-273.4800000000032,0,0,0,0,0,0,0.010670806984478797,596.0540000000008,1
189.09999999999854,33.41000000000349,126.33999999999651,29.349999999998545,628.8357142857151,147.38000000000466,0,0,0,0,0,0,0.009804239941491518,518.9850000000006,1
704.6800000000003,18.44000000000233,331.11999999999534,355.1200000000026,583.7807142857154,234.59000000000378,0,0,0,0,0,0,0.009104400485298907,552.2900000000002,1
326.16999999999825,115.37999999999738,123.47000000000116,87.31999999999971,571.0978571428578,119.61000000000058,0,0,0,0,0,0,0.008890488373791998,470.9659999999996,1
654.1600000000035,464.1800000000003,182.65000000000146,7.330000000001746,559.6178571428578,-334.40000000000146,0,0,0,0,0,0,0.00877516302203549,494.3020000000004,1
553.8599999999933,408.45000000000437,16.439999999995052,128.9699999999939,530.6228571428572,74.52000000000407,0,0,0,1,0,0,0.008267548809201065,495.49099999999964,1
639.2299999999959,343.76000000000204,47.86000000000058,247.6099999999933,549.7371428571423,-304.8900000000067,0,0,0,0,0,0,0.008611943754618677,467.02299999999957,1
357.7300000000032,128.0199999999968,105.3900000000067,124.31999999999971,493.9028571428566,-158.38000000000466,0,0,0,1,0,0,0.007721775925378225,453.7610000000001,1
345.36999999999534,169.95000000000437,123.72999999999593,51.68999999999505,488.5149999999994,-105.32999999999447,0,0,0,1,0,0,0.007617381254364062,430.5939999999995,1
272.7300000000032,61.220000000001164,48.94000000000233,162.5699999999997,469.283571428571,418.3199999999997,0,0,0,1,0,0,0.007310709347902884,423.88499999999914,1
594.7699999999968,445.1200000000026,24.7699999999968,124.87999999999738,445.773571428571,-433.5900000000038,0,0,0,0,0,0,0.006992766832751918,463.77999999999884,1
1714.0400000000009,981.6200000000026,653.9400000000023,78.47999999999593,533.1799999999997,-1069.7099999999991,0,0,0,0,0,1,0.008494921337774053,616.2739999999991,1
581.1999999999971,175.83000000000175,70.47000000000116,334.8999999999942,533.4771428571423,-1021.9499999999971,0,0,0,1,0,0,0.008475910982711457,603.9259999999988,1
439.24000000000524,94.2699999999968,293.6600000000035,51.31000000000495,540.5785714285709,-1285.0699999999997,0,0,0,0,0,0,0.008601563195252099,615.2329999999995,1
907.1100000000006,300.5300000000061,85.89999999999418,520.6800000000003,591.3849999999994,-1645.4800000000032,0,0,0,0,0,1,0.009455235741761584,640.5279999999991,1
817.0900000000038,345.6200000000026,18.830000000001746,452.6399999999994,636.2414285714284,-1544.1800000000003,0,0,1,0,0,0,0.010228364945444959,666.8510000000002,1
488.6200000000026,62.45999999999913,18.970000000001164,407.1900000000023,620.8085714285714,-498.7099999999991,0,0,0,0,0,0,0.009970289836701361,651.7900000000009,1
408.9300000000003,229.9100000000035,105.80999999999767,73.20999999999913,626.7200000000001,-448.1599999999962,0,0,0,0,1,0,0.01002876677628563,656.9100000000005,1
386.0400000000009,21.200000000004366,318.1100000000006,46.729999999995925,607.5685714285713,-375.7100000000064,0,0,1,0,0,0,0.009725634734999104,660.9770000000011,1
455.48999999999796,301.4799999999959,85.65000000000146,68.36000000000058,600.5421428571432,224.04000000000087,0,0,0,0,0,0,0.009567372322094701,679.2530000000006,1
2217.7000000000044,1935.1699999999983,218.87000000000262,63.66000000000349,713.2900000000009,2501.300000000003,0,0,0,0,1,0,0.011023734976608442,841.5460000000014,1
672.239999999998,167.97000000000116,156.75,347.5199999999968,735.7550000000005,2267.5800000000017,0,0,1,0,0,0,0.01140114511192107,737.3660000000011,1
715.2599999999948,444.8899999999994,103.68999999999505,166.6800000000003,762.1757142857148,2490.6699999999983,0,0,0,0,0,0,0.01172886581370968,750.7720000000008,1
589.3600000000006,259.2900000000009,24.720000000001164,305.34999999999854,784.7921428571432,2264.970000000001,0,0,1,0,0,0,0.01212299873682191,765.7840000000003,1
813.7799999999988,235.15999999999622,508.6100000000006,70.01000000000204,800.4357142857147,1729.810000000005,0,0,1,0,0,0,0.01240992914819831,756.4510000000002,1
373.1800000000003,180.3599999999933,192.82000000000698,0.0,704.721428571429,-24.090000000003783,0,0,0,1,0,0,0.010895366055410366,712.0599999999998,1
1015.7600000000093,684.25,188.0300000000061,143.4800000000032,735.7614285714299,831.6399999999994,0,0,0,1,0,0,0.011256186653994709,764.7740000000006,0
719.8099999999977,424.97000000000116,46.650000000001455,248.18999999999505,755.8021428571436,-44.770000000004075,0,0,0,0,0,0,0.011638803625191296,795.8620000000003,1
370.5699999999997,222.2899999999936,75.54000000000087,72.74000000000524,717.4778571428578,-20.32999999999447,0,0,0,0,0,0,0.011086649703329989,794.3150000000002,1
463.8400000000038,145.4100000000035,94.91000000000349,223.5199999999968,692.2457142857149,65.21999999999389,0,0,0,0,0,0,0.010721713463329499,795.1500000000008,1
936.3999999999942,398.5899999999965,381.5699999999997,156.23999999999796,724.2300000000001,-511.6599999999962,0,0,1,0,0,1,0.011286259229119027,667.0199999999998,1
496.4699999999939,27.75999999999476,114.02999999999884,354.6800000000003,730.4828571428568,-1168.6500000000015,0,0,0,1,0,0,0.011378872172978755,649.4429999999993,1
1049.0199999999968,460.1800000000003,193.8199999999997,395.0199999999968,777.8385714285707,-281.5199999999968,0,0,0,1,0,0,0.012030302414997798,682.8189999999995,0
732.3699999999953,436.9100000000035,11.419999999998254,284.0399999999936,797.6157142857135,-494.0300000000061,0,0,0,0,0,0,0.012419771186818633,697.119999999999,1
543.179999999993,445.5599999999977,10.959999999999127,86.65999999999622,678.0071428571412,-789.5199999999968,0,0,0,0,0,0,0.01063118370644226,670.0599999999984,1
687.9199999999983,260.83000000000175,239.25,187.8399999999965,679.1271428571412,-655.3600000000006,0,0,0,0,0,1,0.010692588524153345,701.5339999999982,1
880.5199999999968,742.7699999999968,6.139999999999418,131.61000000000058,690.9314285714271,-1423.8699999999953,0,0,1,0,0,1,0.011006903950395946,688.0099999999969,1
721.5299999999988,470.84999999999854,57.33999999999651,193.34000000000378,700.3721428571413,-1413.1399999999994,0,0,0,0,0,0,0.011074220672223413,688.1819999999971,1
996.7700000000041,160.88999999999942,60.580000000001746,775.3000000000029,713.4428571428559,-817.1199999999953,0,0,0,0,0,0,0.011252273419541787,750.8019999999975,1
1103.530000000006,694.7200000000012,238.56000000000495,170.25,765.5492857142848,335.41999999999825,0,0,0,0,1,0,0.011941045848391157,814.7709999999977,1
346.3500000000058,212.9499999999971,75.67000000000553,57.7300000000032,717.7342857142846,381.72000000000116,0,0,1,0,0,0,0.011232932466245448,755.7659999999989,1
155.38999999999942,73.15999999999622,26.35000000000582,55.87999999999738,677.4185714285704,1190.8999999999942,0,0,0,0,0,0,0.010590713468841509,721.6579999999994,1
111.18999999999505,7.440000000002328,20.169999999998254,83.57999999999447,658.8914285714272,712.5499999999956,0,0,1,0,0,0,0.010302258154454066,627.8749999999993,1
167.9100000000035,56.75,37.599999999998545,73.56000000000495,637.7535714285701,608.7200000000012,0,0,0,0,0,0,0.009962868062505537,571.4290000000001,1
311.97000000000116,59.5,151.84000000000378,100.62999999999738,593.1514285714277,-40.029999999998836,0,0,0,0,0,0,0.009257762690181328,548.3080000000009,1
595.4100000000035,433.9100000000035,126.43000000000029,35.06999999999971,600.2185714285713,611.3600000000006,0,0,0,0,1,0,0.009304718897181097,539.0570000000014,1
370.9599999999991,284.0500000000029,35.029999999998836,51.87999999999738,551.7857142857143,831.4400000000023,0,0,0,0,0,0,0.008515883185938187,488.10100000000165,1
358.1200000000026,130.12999999999738,134.20000000000437,93.79000000000087,525.0535714285719,709.7000000000044,0,0,0,0,0,0,0.008119503988025988,451.76000000000204,1
212.0500000000029,2.530000000006112,102.38999999999942,107.12999999999738,501.4014285714298,655.75,0,0,0,0,0,0,0.007753374557304756,373.28800000000194,1
305.38000000000466,239.97000000000116,28.639999999999418,36.770000000004075,474.07714285714457,358.1200000000026,0,0,0,0,0,0,0.007358152287681533,293.4730000000018,1
379.3600000000006,93.09999999999854,93.54000000000087,192.72000000000116,438.28000000000196,15.839999999996508,0,0,0,0,0,0,0.006792643957773677,296.77400000000125,1
472.6399999999994,118.69000000000233,187.5899999999965,166.36000000000058,420.50214285714486,-390.7900000000009,0,0,1,0,0,0,0.006529120705935567,328.4990000000013,1
577.2200000000012,271.2700000000041,181.4499999999971,124.5,390.5342857142875,9.639999999999418,0,0,0,0,0,0,0.006038378228034409,375.10200000000185,1
694.75,135.86999999999534,241.5699999999997,317.31000000000495,361.33571428571565,145.47999999999593,0,0,0,0,0,0,0.0055749398787692415,427.78600000000154,1
1124.8300000000017,598.3499999999985,10.470000000001164,516.010000000002,416.94142857142964,-214.79000000000087,0,0,1,0,0,0,0.006492994811904525,509.0720000000016,1
1195.75,717.439999999995,85.18000000000029,393.13000000000466,491.25285714285826,408.27999999999884,0,0,0,0,0,0,0.007565765286651253,569.1060000000012,1
1642.1199999999953,605.570000000007,107.6299999999901,928.9199999999983,600.6050000000012,1133.9200000000055,0,0,0,0,0,0,0.00916422253830679,696.2220000000009,1
769.6399999999994,439.6200000000026,223.0399999999936,106.9800000000032,643.5857142857151,423.0400000000009,0,0,1,0,0,0,0.009886352264966805,737.3740000000005,1
395.0400000000009,105.87000000000262,195.79000000000087,93.37999999999738,649.5192857142865,391.8400000000038,0,0,0,0,0,0,0.009961017243692563,755.6730000000003,1
520.989999999998,307.47000000000116,105.84999999999854,107.66999999999825,644.2035714285719,1299.0599999999977,0,0,0,0,1,0,0.009833202388966053,777.2339999999997,1
775.5399999999936,624.760000000002,66.08999999999651,84.68999999999505,673.1021428571429,1207.5900000000038,0,0,0,0,1,0,0.010177143772104416,816.851999999999,1
309.75,162.86000000000058,81.75,65.13999999999942,669.6471428571427,762.6499999999942,0,0,0,0,1,0,0.010100156497017945,800.562999999999,1
703.3600000000006,346.0,270.91999999999825,86.44000000000233,704.7407142857139,1549.0400000000009,0,0,0,1,0,0,0.01057416030211684,813.176999999999,1
791.5200000000041,241.5899999999965,90.75,459.18000000000757,739.4649999999996,1199.5900000000038,0,0,0,0,0,0,0.011135563492958656,822.8539999999994,1
380.36999999999534,106.33000000000175,25.419999999998254,248.61999999999534,739.5371428571422,999.7000000000044,0,0,0,1,0,0,0.011118719146647594,748.4079999999988,1
577.8800000000047,355.04000000000815,190.83000000000175,32.00999999999476,747.0542857142854,18.929999999993015,0,0,0,0,0,0,0.0112920505465331,686.6209999999992,1
738.9799999999959,361.97000000000116,228.0,149.00999999999476,758.6085714285707,-507.47000000000116,0,0,0,0,0,1,0.011530197215343999,596.3069999999992,1
327.81999999999243,180.43000000000757,146.6299999999901,0.7599999999947613,732.3992857142845,-674.3699999999953,0,0,0,1,0,0,0.011101488618223836,552.1249999999985,1
678.3899999999921,41.29000000000815,155.68999999998778,481.4099999999962,700.5107142857123,-393.75,0,0,0,1,0,0,0.01061187570079289,580.4599999999976,1
720.3099999999977,115.0399999999936,363.58000000000175,241.69000000000233,666.5507142857122,-623.8600000000006,0,0,0,0,0,0,0.01011627618058072,600.3919999999977,1
371.34999999999127,197.22000000000116,41.14999999999418,132.97999999999593,575.7814285714261,-81.20999999999185,0,0,0,1,0,0,0.008713883300894981,559.9729999999975,1
739.3199999999924,451.6299999999901,204.22000000000116,83.47000000000116,573.6157142857113,-168.2899999999936,0,0,0,0,0,0,0.00874082287176792,602.9299999999967,1
486.72000000000844,226.6099999999933,167.06000000001222,93.05000000000291,580.1642857142833,-574.5000000000073,0,0,0,0,0,0,0.008871207515917906,581.2659999999975,1
384.8799999999901,126.65000000000146,229.06999999999243,29.159999999996217,570.4421428571399,-485.8500000000058,0,0,0,1,0,0,0.008705570082782877,540.601999999996,1
889.6800000000003,611.5499999999956,31.889999999999418,246.24000000000524,578.5949999999975,-975.9300000000003,0,0,0,0,0,1,0.008913390397394876,591.5329999999965,1
321.81000000000495,134.08000000000175,0.0,187.7300000000032,579.4564285714265,-1296.4700000000012,0,0,1,0,0,0,0.008945008966852144,565.9259999999965,1
407.4799999999959,264.93999999999505,132.72000000000116,9.819999999999709,558.3221428571404,-582.820000000007,0,0,0,1,0,0,0.008584012950031902,532.7759999999965,1
707.1100000000006,350.1399999999994,10.730000000003201,346.23999999999796,552.2928571428545,0.20999999999912689,0,0,0,1,1,0,0.008445002447184099,570.7049999999974,1
574.7900000000009,55.50999999999476,306.47000000000116,212.81000000000495,566.1799999999977,-71.80000000000291,0,0,0,1,0,0,0.008650003338206418,560.3449999999982,0
661.5699999999997,426.15000000000146,8.279999999998836,227.13999999999942,572.1578571428545,113.37999999999738,0,0,0,0,0,1,0.008798856235796798,554.4709999999984,0
1442.4300000000003,1003.1399999999994,60.770000000004075,378.5199999999968,622.4042857142833,-756.6100000000006,0,0,0,0,0,1,0.009721535312785329,661.5789999999994,1
427.3500000000058,144.45999999999913,74.37000000000262,208.52000000000407,629.51357142857,-878.8399999999965,0,0,0,0,0,0,0.009811123523645857,630.3820000000007,1
164.72000000000116,78.84000000000378,64.68000000000029,21.19999999999709,592.8228571428564,-1314.5,0,0,0,0,0,0,0.009250675160005798,598.182,1
181.0199999999968,68.68000000000029,35.12999999999738,77.20999999999913,554.302142857142,-1438.729999999996,0,0,0,0,0,0,0.008658863090159334,577.7960000000006,1
249.9100000000035,75.90000000000146,127.47000000000116,46.54000000000087,545.6278571428572,-1085.7200000000012,0,0,1,0,0,0,0.008533345946216348,513.819000000001,1
323.4599999999991,52.62000000000262,55.70999999999913,215.12999999999738,515.923571428572,-29.94999999999709,0,0,0,0,0,0,0.00806214980987966,513.9840000000004,1
247.0,125.08000000000175,96.34999999999854,25.56999999999971,498.8007142857142,-44.61000000000058,0,0,0,0,1,0,0.007779340208802218,497.9360000000008,1
338.26000000000204,208.88000000000466,61.150000000001455,68.22999999999593,495.4707142857151,242.7300000000032,0,0,0,0,0,0,0.007702374388079207,461.05100000000095,1
178.5,20.860000000000582,42.229999999995925,115.41000000000349,444.6721428571436,289.2099999999991,0,0,1,0,0,0,0.00691507029036474,421.4220000000008,1
241.05999999999767,185.9800000000032,34.94999999999709,20.12999999999738,438.90428571428595,549.0200000000041,0,0,0,0,0,0,0.006805805481686854,379.37100000000066,1
311.22000000000116,188.38000000000466,43.279999999998836,79.55999999999767,432.02857142857204,308.18999999999505,0,0,1,0,0,0,0.006718795651991455,266.25000000000074,1
238.84999999999854,143.0500000000029,75.54999999999563,20.25,398.58142857142906,324.7300000000032,0,0,0,0,0,0,0.006184987355121699,247.4,1
433.1999999999971,263.1399999999994,68.41999999999825,101.63999999999942,388.4678571428573,378.6299999999974,0,0,0,0,1,0,0.0060036166421174,274.2479999999996,1
281.65000000000146,66.77999999999884,174.2699999999968,40.60000000000582,361.33071428571463,334.90000000000146,0,0,1,0,0,0,0.005589920284050165,284.31100000000004,1
952.760000000002,694.1500000000015,182.12000000000262,76.48999999999796,326.35428571428616,851.5599999999977,0,0,0,1,0,0,0.004994613444252844,354.5959999999999,1
529.4700000000012,114.86999999999534,22.060000000004948,392.5400000000009,333.64857142857153,924.810000000005,0,0,0,0,0,0,0.005115246019298527,375.1970000000001,1
542.5500000000029,61.59000000000378,467.34999999999854,13.610000000000582,360.63642857142884,720.7699999999968,0,0,0,0,0,0,0.005534277419627249,404.7520000000004,1
353.8099999999977,130.0199999999968,210.16999999999825,13.62000000000262,372.97857142857174,332.9400000000023,0,0,0,0,0,0,0.005734728086446103,406.30699999999996,1
1324.1099999999933,563.8699999999953,619.3799999999974,140.86000000000058,449.70714285714246,-164.95999999999913,0,0,0,0,0,1,0.0069749364263664605,520.8679999999993,1
588.2799999999988,439.1399999999994,109.86000000000058,39.279999999998836,468.62285714285673,-428.5500000000029,0,0,0,1,0,0,0.0072192784638885265,555.5899999999995,1
1448.739999999998,1210.8300000000017,80.7699999999968,157.13999999999942,554.461428571428,-1531.2200000000012,0,0,0,0,0,1,0.008704933388441116,669.3419999999991,1
776.1300000000047,423.08000000000175,69.83000000000175,283.22000000000116,585.7378571428568,-1892.1500000000015,0,0,0,0,0,0,0.009257459061155764,723.0699999999997,1
458.25999999999476,163.13000000000466,167.5399999999936,127.58999999999651,605.7207142857135,-1602.5999999999985,0,0,0,0,0,0,0.009548535614736517,725.5759999999995,1
311.8000000000029,46.06999999999971,97.83000000000175,167.90000000000146,610.773571428571,-1089.1200000000026,0,0,1,0,0,0,0.009635839608210302,728.5909999999997,1
1342.7099999999991,470.97000000000116,113.94999999999709,757.7900000000009,684.451428571428,-1056.2999999999956,0,0,0,0,0,0,0.010718603437892334,767.5859999999993,1
611.7099999999991,33.43000000000029,182.62000000000262,395.6599999999962,711.0842857142852,128.80999999999767,0,0,1,0,0,0,0.011141349825500847,775.8099999999991,1
525.7900000000009,17.80999999999767,151.04000000000087,356.9400000000023,717.697857142857,571.3000000000029,0,0,0,0,0,0,0.011241555019217477,774.1339999999989,1
552.8199999999997,182.75,271.8799999999974,98.19000000000233,737.0671428571425,225.90999999999622,0,0,1,0,0,0,0.011577839471262045,794.0349999999992,1
994.9700000000012,821.0299999999988,12.410000000003492,161.52999999999884,740.0821428571425,1098.239999999998,0,0,0,1,1,0,0.011477015452041751,761.1209999999999,1
477.9699999999939,49.93000000000029,186.68999999999505,241.34999999999854,736.4035714285704,577.6800000000003,0,0,0,0,0,0,0.011428790035157954,750.0899999999995,1
860.75,571.3199999999997,212.59000000000378,76.83999999999651,759.1321428571417,39.849999999998545,0,0,0,0,0,0,0.011886747360194403,691.2909999999996,1
1186.699999999997,354.15000000000146,755.7299999999959,76.81999999999971,818.6242857142845,-334.6399999999994,0,0,1,0,0,0,0.012889965157727088,732.3479999999988,1
871.9700000000012,382.2099999999991,162.1600000000035,327.59999999999854,786.3285714285709,231.16999999999825,0,0,0,0,0,0,0.012306948069611487,773.7189999999995,1
824.1399999999994,182.11000000000058,255.97000000000116,386.0599999999977,803.1757142857138,-408.3899999999994,0,0,0,0,0,0,0.012534841174541919,824.9529999999992,1
280.48999999999796,154.27999999999884,25.19000000000233,101.0199999999968,719.7292857142851,-513.5800000000017,0,0,1,0,0,0,0.011259756818458633,718.7309999999991,1
922.4799999999959,791.1599999999962,97.25,34.06999999999971,730.1828571428559,847.9300000000003,0,0,0,1,1,0,0.011283634885992835,749.8079999999987,1
582.0500000000029,60.279999999998836,398.6800000000003,123.09000000000378,739.0249999999994,1142.0699999999997,0,0,0,0,0,0,0.011431040520507729,755.433999999999,1
312.98999999999796,82.9600000000064,194.50999999999476,35.5199999999968,739.109999999999,840.1700000000055,0,0,0,1,0,0,0.011417783416647044,731.4509999999988,1
442.72000000000116,19.37999999999738,296.97000000000116,126.37000000000262,674.8249999999991,640.8400000000038,0,0,0,0,0,0,0.010427434819357706,676.2259999999987,1
1254.9400000000023,418.8899999999994,632.010000000002,204.04000000000087,720.7699999999994,378.8799999999974,0,0,0,0,0,1,0.01120959486701115,753.9229999999995,1
639.7099999999991,424.23999999999796,139.59999999999854,75.87000000000262,728.9071428571422,-838.3399999999965,0,1,0,0,0,1,0.011411760477450324,731.8189999999995,1
412.97000000000116,134.6400000000067,72.50999999999476,205.8199999999997,718.9178571428565,-913.4500000000044,0,0,0,0,0,1,0.01127939519754857,654.4459999999999,0
1404.4100000000035,1108.9000000000015,30.55999999999767,264.95000000000437,748.163571428571,-2103.6900000000023,0,0,0,0,0,1,0.011945857680394443,707.6900000000002,1
625.2099999999991,282.61999999999534,325.9300000000003,16.660000000003492,758.6807142857142,-1803.810000000005,0,0,0,0,0,0,0.012059301965090146,687.7970000000001,1
233.68999999999505,89.01000000000204,90.97999999999593,53.69999999999709,713.8907142857139,-1472.949999999997,0,0,1,0,0,0,0.011362904342737824,683.1169999999998,1
227.0399999999936,111.37999999999738,112.47999999999593,3.180000000000291,645.3435714285707,-938.0400000000009,0,0,0,1,0,0,0.010254081159053541,613.5729999999996,1
157.79000000000087,52.15999999999622,93.24000000000524,12.389999999999418,594.3307142857136,-748.5,0,0,0,1,0,0,0.009435502777490553,571.1469999999994,1
173.88999999999942,19.919999999998254,79.09999999999854,74.87000000000262,547.884285714285,380.8799999999974,0,0,0,1,0,0,0.008695137815527734,557.2369999999995,1
137.97000000000116,74.81999999999971,55.13999999999942,8.010000000002037,537.7042857142852,24.360000000000582,0,0,1,0,0,0,0.008543552556479792,526.7619999999995,1
767.810000000005,469.02999999999884,23.24000000000524,275.5400000000009,526.6564285714287,-358.6200000000026,0,0,1,0,0,1,0.008430845079592653,478.0489999999998,1
396.0400000000009,290.52999999999884,63.169999999998254,42.34000000000378,513.37,-178.5,0,0,0,0,0,0,0.00818031005091242,453.68199999999996,1
751.4700000000012,632.6699999999983,100.33000000000175,18.470000000001164,544.6900000000003,401.90000000000146,0,0,0,0,1,0,0.008592589414183512,487.532,1
237.45999999999913,36.93000000000029,149.3199999999997,51.20999999999913,530.0285714285716,416.0,0,0,0,1,0,0,0.008356589752796573,370.83699999999953,0
546.2000000000044,458.08000000000175,38.04000000000087,50.080000000001746,479.40428571428595,32.56999999999971,0,0,1,0,0,1,0.00761328730222203,362.93600000000004,0
249.2699999999968,83.05000000000291,127.2699999999968,38.94999999999709,451.51571428571435,579.9500000000044,0,0,0,1,0,0,0.0071614870105728475,364.49400000000026,0
545.2200000000012,329.8899999999994,156.6800000000003,58.650000000001455,460.96214285714296,620.8399999999965,0,0,0,1,1,0,0.0072732625511105885,396.312000000001,0
472.0599999999977,124.1099999999933,224.6800000000003,123.27000000000407,394.365714285714,110.59999999999854,0,0,0,1,0,0,0.006210359482349156,427.73900000000066,0
844.5599999999977,719.0099999999948,26.889999999999418,98.66000000000349,410.033571428571,-643.2999999999956,0,0,0,0,0,1,0.0065309524507315185,494.8060000000005,0
458.6900000000023,249.4300000000003,134.38999999999942,74.87000000000262,426.1050000000001,-434.84999999999854,0,0,0,0,0,0,0.006813911089498178,526.8780000000006,0
579.0900000000038,47.51000000000204,256.9300000000003,274.65000000000146,451.25142857142936,-563.7900000000009,0,0,0,0,0,0,0.00722187512367459,508.0060000000005,0
1580.0299999999988,1137.719999999994,301.6600000000035,140.65000000000146,552.8400000000007,244.13999999999942,0,0,0,0,1,0,0.00868947845996741,626.4050000000003,0
430.75,199.1999999999971,197.04000000000087,34.51000000000204,571.1871428571436,319.72000000000116,0,0,0,0,0,0,0.008949832067116846,594.3330000000002,0
